review_id,order_id,review_score,review_comment_title,review_comment_message,review_creation_date,review_answer_timestamp
e07eee7ad7666276bd8b27fbd83fd1ff,68b3cbc68e4cd1fe19bec35f1d3bb7ee,5,,relógio muito bonito e barato.,2018-03-29 00:00:00,2018-04-02 14:19:31
77ed4f94b3638d1f0b0a2dd781c11a8c,5f8772295e1adb4e4832c988d6b631b6,5,,,2018-04-10 00:00:00,2018-04-12 10:28:20
cb2fc3e5711b5ae85e0491ee18af63ed,34e6d418f368f8079ae152bc178bc66a,3,,"Produto bom, porém o que veio para mim não condiz com a foto do anúncio.",2018-01-31 00:00:00,2018-01-31 23:29:21
9bdb93e1339cdbc9bbfd95c5df00f82b,72b9d86fe4e984d9879013b9ecbb25db,5,,,2018-04-24 00:00:00,2018-04-25 20:28:48
ba3e82857e13ba647e843f5a4ade76c1,ebcb12dc163784a4dad2cddb8feb64aa,4,,,2018-06-26 00:00:00,2018-06-26 19:47:07
1f5f1df7e359907eaadcb67e73590c10,7958f96c87dcc4edd752ef1a39e75cd9,5,,,2018-04-28 00:00:00,2018-04-29 12:38:06
c399eafa15aafaecdd1d9008f5b34ed6,3081ddf6e7c6afa4e4124e7882486fcd,5,,"Entregou no prazo certo, fiquei feliz com a compra que fiz",2017-06-23 00:00:00,2017-06-24 00:58:52
57e994485c2ebd293e4fa9cd62e5bb96,201691efe89d4d71f36e5ea279a8759a,3,,"Comprei dois lustres pendentes, com a parceira targaryen e só me enviaram um lustre. Abri reclamação, mas ainda não recebi resposta. Aguardo solução por parte de Lojas lannister.",2018-03-14 00:00:00,2018-03-16 20:26:10
5939898b5d2ac05454b2fe1aeecaad19,ff37040ee7efbb9709c2b4389c4c0fc4,5,,O produto chegou muito rapido e de boa qualidade recomendo o produto,2018-03-09 00:00:00,2018-03-12 10:32:15
c01eaa86159b994afb4c5eb920993ebc,16e38caa92e342c7780f68832f832d4d,5,,,2018-05-25 00:00:00,2018-05-25 03:45:28
4ab6671319156f978e972e2ac2c48ad8,897fab0704eda65c69520010b02a3fee,4,,,2018-05-19 00:00:00,2018-05-21 12:29:51
f5eb912253261b8bb2dc5b1a1f4e2f0e,dccf99a9f12d7217cd20878c985d55ac,4,,,2017-12-19 00:00:00,2017-12-20 02:19:54
4677abdc2e2e59f87b19f57edd36c883,c5ad60266a394a7f574c140c0248ec43,1,,,2017-04-20 00:00:00,2017-04-21 01:17:20
bc4ece7c3e5388f72210c37b9c3f4aec,9764b03686753eaa7ea549fa0b805f75,4,,,2018-02-01 00:00:00,2018-02-01 20:35:08
5442f4e36faa9fd2ed031c645a9d9acf,043f43899c67438005004d160d18f55c,5,,,2018-06-20 00:00:00,2018-06-22 21:53:48
b543affbc59262ffd186c14471b19293,604d751f2a7e1dbdc206eec36e4bcb81,5,,,2017-11-25 00:00:00,2017-11-25 18:16:18
91283389ca8846dd242990c799a85f5e,b70e6b353379423761497f0d95376da2,5,,super recomendo o produto que é muito bom!,2017-08-17 00:00:00,2017-11-05 15:18:55
35fabb1fcea11c86ba6dbe8280d8d0de,31c2a4ddeb6a9db03922009a2dfcb254,3,,,2017-11-04 00:00:00,2017-11-05 01:28:10
fa82e03e20dd362ebe83572fc81398c7,52ef81c49a349b1162a7bd4a8c2034e4,4,,Gostei ,2017-05-03 00:00:00,2017-05-04 11:50:29
7e6becdbaed9bd20e60602d1f8c2b4f9,acf6e912a8db79e50ddd2fe14628e89c,1,,,2018-08-15 00:00:00,2018-08-15 21:08:00
6d5cbd66b8b52a035e44276fdda28797,60ddc3cf31819e316702f9ede42e26c7,5,,"entrega rápida, produto conforme esperado",2017-04-20 00:00:00,2017-04-21 10:54:36
a3d308c5563d93a99c7896bf7ff94e80,a80aedf3acd66b4cd4f63901251af78f,4,," adorei o produto;; recebi antes do prazo combinado ,, ficou muito bonito",2017-05-10 00:00:00,2017-05-15 16:23:26
699b866b71b5ad31f1faa2b1ab4fe1a6,43150008aa4569cfef4be756bd7dbdd3,2,,"recebi sim mais com defeito os encaixes sao dois igual e nao fecham 
",2018-01-18 00:00:00,2018-01-24 10:19:28
0e5149ccee3f7414ba4d17c13f051259,fc9a5afd96050ceb0d9f12a4f8c5d9f0,1,,,2018-08-10 00:00:00,2018-08-12 21:45:01
77ac6288ca3e09284cb264d6b0b4d7a2,0ad0006728103ff08cda112f7940bcd1,5,,só poderia entregar mais rápido fim de ano ,2017-12-29 00:00:00,2017-12-29 22:23:00
9e96e374304db42a8aecd4a97d53cc1b,00f251b943aba645652c7138e4716fee,5,Super recomendado,Estou plenamente satisfeita com minha aquisição. E recomendo. A única coisa que não concordo é com o valor de frete. Autíssimo.,2018-08-21 00:00:00,2018-08-22 11:09:52
9be8656dd570c54e69aeb6439efe3c32,87c6169aae0c57897be7344931c2839e,5,,,2018-07-05 00:00:00,2018-07-06 00:14:18
63f31d7ca2f26a15d6dc7acae2effaaf,e4dd475ba157a8f4d4dd4f0b8e7c92b3,4,,,2017-09-19 00:00:00,2017-09-20 13:23:03
da0e38f1e309050bbc68b200c2538188,8192fd7211b9eac71752e6c23361a422,5,,,2018-04-27 00:00:00,2018-04-27 23:05:04
94d950a41403f4a115ab713488ddb3cd,dcd9b00fff62919c208f9e424f8b2c13,5,,"Produto perfeito, chegou antes do prazo!",2018-01-30 00:00:00,2018-02-01 21:40:37
d1022bc36ae98c11c7479dedc36f837f,5982fca4536769e5024e12eb8b6f473c,5,,,2018-04-04 00:00:00,2018-04-05 12:32:55
7a845d0d61a2195360d6856d4f0bbaa8,efd5eba320d140f8659440d74a81fc90,5,super recomendo,"agradeço muito, pois recebi o produto correto conforme encontrado no site, a entrega foi super rápida. fiquei muito satisfeito e com certeza vou recomentar para os amigo.",2018-05-08 00:00:00,2018-05-10 19:24:17
a825b4cf675d670ee0b914688f751e0e,55e5ec213742bae19f2e36685d3aa5e9,5,,,2018-03-04 00:00:00,2018-03-05 00:52:31
3cb733daf0cbc6a4c3bb5f733cddca7f,aa31e416f67318939922854f9af2b087,5,recomendo a todos.otima.,,2018-08-16 00:00:00,2018-08-16 20:41:43
2a6e41926e180f124e93751a267af2a6,2866ad7dcb3cfdab34405a82b8a77215,5,,,2017-07-27 00:00:00,2017-08-08 10:40:04
560effdc2aaba0ed5d37ed8a98cc6af2,3ef6bcdda6193f8657168ba7e8b3e948,1,,"Recebi outra boneca, quero devolver e não consigo contato! Jamais compraria novamente dessa loja! ",2017-12-07 00:00:00,2017-12-11 23:48:29
23bb19a944b4148d8f438485a594964d,044406a115a855072a8e79d38f028a80,1,,,2017-08-11 00:00:00,2017-08-12 02:14:46
e384c4fe94ea5a6f3663cee2481e29b8,ee0a25ec12376692fee5a7d0613f466e,3,,,2017-05-30 00:00:00,2017-05-31 00:59:12
a9a9489f00b37728b4905e47f2b95a4d,97c03a7db982e3af99d766bac1aadc7f,5,,Entrega rapida e correta,2017-12-21 00:00:00,2017-12-21 10:12:10
403fc87c877b6678fe666f0f0d2bbf05,94fca82966c05ba707f4e7dc0c50aa3c,4,,,2018-08-22 00:00:00,2018-08-22 14:33:44
4d482fdd3daec036656387082f22786a,d7108e3ddf254c6b56ec41b3a4e0567e,5,,,2017-06-02 00:00:00,2017-06-02 18:04:31
e22a022a5987718d0dfc6a7d21998726,cde3f389a60c48bf85f49e8daf2144f9,5,,,2017-05-07 00:00:00,2017-05-12 00:38:17
9f2ba62e9e1e34d06e8ae338c55e9ce6,eb22a3bed09014af3e8b797ca6261a9e,5,,Dentro do previsto,2017-11-01 00:00:00,2017-11-02 08:38:52
30f2619843ddd4a19bbcb306669d2bf0,5bb8d2fbca419676d395687e28f5263b,5,Muito Bom,Só imaginei que fosse maior a boneca. Mais é legal ,2018-07-24 00:00:00,2018-07-26 22:37:06
23720c12363414a9c68447d5372f867d,bd53eaf563a119c58bdf9a9d5b8cd012,5,,,2018-06-21 00:00:00,2018-06-21 23:04:56
4d59d6249215713bfda42353af53f255,4ab8b7a8e23908984157974ae4ad6436,4,Produto entregue,Produto bom e entregue antes do previsto.,2018-06-02 00:00:00,2018-06-04 19:53:33
afd9b3d196f0acd81d79d8ccd79c2430,5040757d4e06a4be96d3827b860b4e7c,5,,,2017-10-31 00:00:00,2017-11-04 21:12:29
e417e6865995952bb2c2369de0c5737b,063de687a6d9389fb6f6934d19d447f8,5,,,2018-07-10 00:00:00,2018-07-13 20:26:39
8fab6f3f76f51208efe7f36c23734369,bdd388b78e095998453503c63b83e280,5,,,2017-12-05 00:00:00,2017-12-05 20:56:14
b5be606d37fe1a0bd2bbcb7e550574a2,cfa438aab28ed50c386312e0e475dd82,2,,"Recebi a encomenda de forma normal e dentro do prazo, contudo, recebi de primeira uma data de entrega estimada e que posterior, a data foi aumentando. Não gostei dessa atitude. Demorou 2 semanas.",2017-07-11 00:00:00,2017-07-11 23:10:43
d1706e7fbde9d6d95f5a3f4f72cfed6b,2b8964f15c12ac5df6946804df101d82,4,,,2018-07-12 00:00:00,2018-07-19 11:23:11
46abf3ea0b2710ad41390fdb79c32d84,5040757d4e06a4be96d3827b860b4e7c,5,,,2017-11-07 00:00:00,2017-11-10 20:07:48
9e3d2fffc649449b0d504556d9ab07da,a2c583649d96b6b15a0385d0ef630f33,5,,"MUITO BOM, ENCOMENDA CHEGOU CERTINHA",2017-05-14 00:00:00,2017-05-15 04:08:50
3beac5d450c96b321a8e8b71394ececb,e58ed0440e44bc5b5e5cba33106e3f66,5,,Produto chegou rapidamente e conforme o anunciado.,2018-01-11 00:00:00,2018-01-12 20:51:06
1b0193dec8f270afea83302dc238f7e6,b26281af4e5c3a50b10887f626ee883f,1,Entrega Parcial.,Efetuei a compra e pagamento de duas unidades e recebi apenas uma unidade. Aguardando tratativa.,2018-05-05 00:00:00,2018-05-08 11:19:49
48453a13017656bf867e2c2ff88672d8,e6be529ac8d87744b406d4e03a8fe2be,5,,,2018-04-05 00:00:00,2018-04-05 20:50:50
70e911b9897120cc31ffb9b20e0e1055,ec5c62e3694f59fb2e2694eeea5efd99,5,,,2017-03-24 00:00:00,2017-03-27 11:18:08
b7d03880a3ed8bf093567e511703378d,f01954cab76ef5d938d291d2f1d201e5,1,,"Não foi entregue, a primeira vez que acontece isso.",2017-05-18 00:00:00,2017-05-18 23:27:28
35ae251380ed456cad351fdf80beeb88,42d0d6be3900c1f50190096f216695b1,5,,"só acho que poderia ter comprado mais cartuchos, mas não as fiz porque cada cartucho veio em um frete diferente, coisa que poderiam ser colocados em um único pacote, o que baratearia o frete.",2018-01-16 00:00:00,2018-01-17 02:55:12
2dd17197d2b15c3bd0163a718705844f,6eeedb3e16d8072305be02562c253602,5,,,2017-04-10 00:00:00,2017-04-10 22:44:12
4c0f1bafc8726f10261a3858445102c0,df14bdc601f10bff4d2757a9710be81f,5,,,2018-05-15 00:00:00,2018-05-15 20:29:46
6aabdfa02c0f8e0fe882c312863a3be5,cc378c27f87ead12f2c154eb5fde22d2,3,,,2017-08-10 00:00:00,2017-08-13 03:10:43
acedfbfb8b4d555c64ac50f469a077b1,8b2a3c0228399148a783f5ed8c1ce83b,5,,Parabéns ,2018-01-31 00:00:00,2018-01-31 22:25:03
dda0c4b086e775233a80b0e3c119e8db,a6891e28ce17d3ec9391ae48c5a321d1,5,,,2017-09-07 00:00:00,2017-09-08 17:19:25
811154e66275f1fe9aa010a9bfc5aaf9,674d4392ff644f0fba9c04e010843951,5,,,2017-03-29 00:00:00,2017-04-01 19:26:49
12bb7793384d3ab81de45068d3da0012,02de39953ce1cf1f7c6d46aac400ee82,5,,,2018-07-31 00:00:00,2018-08-02 19:02:01
179527c47972453d440d9f65626945e4,20c60f23d0f1231ad895fde039554666,2,,"Comprei 2 relógios, mas só foi entregue 1",2017-07-25 00:00:00,2017-07-26 00:16:24
af38d42b6d29ac203b6dff3e1cc7bd68,a8aa2cd070eeac7e4368cae3d8222e2b,5,,,2017-05-17 00:00:00,2017-05-18 12:23:21
c05541493df4a00ecf66076ce9607aab,7c1336779536fdd545a35df012e0ed5e,5,muito bom,,2018-07-24 00:00:00,2018-07-25 16:07:16
1bb3b0d6a428cfdcf089dacd86b2436c,470ae997eff151effb3503add146880b,5,Entregue no prazo,Super recomendo os produtos são lindos!!😍😍,2018-06-07 00:00:00,2018-06-08 03:26:08
b8a2743d253ba5187a567d4434c84399,7729bd24067381622a58a0231d77fe2d,3,,"Motor ótimo, só não vem as cremalheiras junto!",2017-04-05 00:00:00,2017-04-06 11:41:11
ac041a317017c894baf0ee835d3c3644,e7d112a19f81eb693360bd433f03625f,5,,,2018-05-24 00:00:00,2018-05-28 13:40:40
221f207f3bfa2341ed277a3fe4ad3c58,b197c69f9dfbfc27ce0254caf81ea16c,3,,,2017-07-29 00:00:00,2017-07-31 13:43:25
688b2bfdd4f8aa20867aac192c5f5d55,5a31618943d04d72b8c0762b43df48dd,4,,,2018-07-07 00:00:00,2018-07-10 12:10:41
47fd4f9a759fca9c3a0ba91f24c42207,5cd1e199b5a1a3c27407766b2788851c,5,,,2018-06-28 00:00:00,2018-06-28 21:30:27
2dd58c1795a60f1348580de19585b111,89035fb6f9ed1693ad716ef81c18cdb2,4,,legal. tudo certo. entrega rapida,2017-10-14 00:00:00,2017-10-17 15:54:46
2bf5df7780f79084207655a0e335b457,94cab359d45ddd582953e6e793a9724c,5,,,2018-08-10 00:00:00,2018-08-13 13:04:45
e87a783c0914ab1bfbd4e45c9d7a1ae7,441162f9a6f1fb44588dea0f47eb713c,4,,Produto entregue antes do prazo. Bom custo benefício. ,2017-12-27 00:00:00,2017-12-28 01:01:26
5ffaac0dd19d528d8a32f95baa2d20cc,c1631d116303f21075fc2d55b4c6e7b0,5,,,2017-03-18 00:00:00,2017-03-18 19:33:18
9ca7a6782e054c92e56da06bb84d9a52,404e2c2a9c8b32e2c57597440e356f2f,1,,ainda nao recebi e a ultima informacao sobre p produto e do dia 08/12/2017.,2018-01-04 00:00:00,2018-01-04 12:12:16
c9d99455198b29f3ab48668a0236bd82,2cb2f557ab7119a8f1e9e00b7bf75547,5,,,2018-05-12 00:00:00,2018-05-14 14:59:57
f47eee9d6c0133adfcf75824e3edc5ea,69df6146503dba833ea2ae56237acd97,1,,"O PRODUTO É BOM, MAS QUASE 2 MESES PARA RECEBER !!!!",2018-03-20 00:00:00,2018-03-22 16:57:56
112b10f14456a09a349979f161284f45,ad267363f417fe1945d534f8df659562,5,,,2017-08-25 00:00:00,2017-08-28 13:49:00
6b0dfdca949bbb97cf95a561caafcca4,2f4ff136710d68728b138325f3a65eef,3,,,2017-06-21 00:00:00,2017-06-27 23:20:55
efe79a918cccb989b217cb4a3d0ce7eb,40237e91fbaa88e62cdc9397b2e3343a,4,,,2018-07-25 00:00:00,2018-07-27 20:32:10
ff669e25464a56198854a4737c826a00,5cafde3fdf1a583c0a5d7fdc7b526ad1,3,Bom acabamento,Não instalei ainda,2018-07-12 00:00:00,2018-07-12 21:58:19
6cdf7d7502c34d7ae8bd96243a397100,5a670c4229b1cbe58d67f3afde248f75,4,,,2017-04-19 00:00:00,2017-04-20 13:42:07
27764bf5e94477f2a9f5fe75abb661ac,b948b354fbf88e12e43fc0877623eef9,5,,,2018-06-26 00:00:00,2018-06-26 22:01:25
c45ae2cc19fa8d1ba41e539a48f7da5a,28f079a1f1568fda3a17841d6fe48390,4,BOA LOJA ,"BOA LOJA, CUMPRIU TUDO O QUE ESTAVA NO ANUNCIO! A ENTREGA FOI SUPER-RÁPIDO!",2018-06-24 00:00:00,2018-06-24 21:56:07
3eead980e8f1beb7b5316f61371a8243,efadf4336d9cb2a9d13f4472921bef2a,5,,,2017-09-07 00:00:00,2017-09-08 15:07:29
e511d5364f55ed89de3a924f840c9b8f,383ba1470e3ace2021f232303b6d4097,5,,"Ótima entrega, rápida e objetiva",2018-04-19 00:00:00,2018-04-21 21:48:39
0a5d09b8756d5e3b6effecb5986e394d,9682a979182968d8d0b1a356f8bb330e,5,,,2017-06-17 00:00:00,2017-06-17 23:14:59
e40bd1d846e2209ea14285c82cd049d0,a7881f54a20f4f7547971f089438b078,5,,,2017-03-31 00:00:00,2017-04-01 03:30:40
9268d31a6d7eef8d53e04771f1e265b8,d80b2f94bd1ae8c94f10c5084b1ee36a,5,,Entrega super rápida! Produto de acordo com as características descritas no site! Excelente!,2017-08-16 00:00:00,2017-08-16 22:09:15
e2491f28bd9cea29d94282c7db301593,a88803b061dbc43656aa2d377b834e4a,3,RECOMENDO,,2018-05-03 00:00:00,2018-05-03 20:23:34
4bc94a13b4dc1784656510293278f37b,6ef6c0a23f7f0b6bbe9dfbc5f22b56c6,5,Entrega antes do previsto,Produto ótimo. .. chegou antes do esperado.,2018-08-28 00:00:00,2018-08-29 00:41:47
29fb1f92e07a0c392f0333e157ba31af,83e24dbe6e1a79765dd6f8b91066ed00,5,,,2018-04-18 00:00:00,2018-04-21 18:49:51
53b02faa78b46f14bdf9f283a38242a8,afa4f45747006532ff507b1a527f6642,4,,,2017-03-30 00:00:00,2017-04-03 15:24:53
642be66d80f7dc6f5947f84daf557d4b,22df89b611e2a03b4957043cf949e51f,5,,,2018-08-28 00:00:00,2018-08-28 13:07:10
89744e2f94c906230675fe09c982b7fa,9527361365d330ea8c6064333750b909,5,,Veio certinho e rapido boa qualidade!,2018-04-13 00:00:00,2018-04-14 12:19:32
8b966e3d0515ad0d17b1f925a70f890c,261e71d2349c713eafa9f3df5972b95d,5,,Excelente.,2018-01-31 00:00:00,2018-02-02 22:37:57
d28e1eb3775ed44c9bd007dd301c7bae,a014ab9c0e9c112b791293dc9ec38320,3,Capa veio na cor errada,"Comprei a capa de cor preta, porém recebi em 23/07/2018 na cor branca, gostaria de trocar, visto que o produto veio na cor errada.",2018-07-24 00:00:00,2018-07-24 19:09:01
0cd0db486b98d5fa0d77f79ec4027c5e,d74cdf7dea16668a34d57964004f0e94,5,Gostei muito do produto ,,2018-06-26 00:00:00,2018-06-27 14:07:10
81a57c09af35f9736f760b6ae16af118,167d05678f810589a854d30460ae62f0,1,,"Demora, produto nao entregue!",2018-03-07 00:00:00,2018-03-07 15:26:21
a59277055ee75dc9a536fd48e9c2946e,f0fbc60d51bb40c156688d9ce008237f,2,,Foi entregue uma quantidade do produto. Sendo que pedi duas quantidades ,2018-01-31 00:00:00,2018-02-01 13:52:17
4d0874ad28b1abd8cc21539617c682e7,d1317386b0c2c4396a15bc89ec59b04c,5,,,2017-10-26 00:00:00,2017-10-27 10:23:40
9fb40911b4fd46e3892da8fdc7dbe5c0,a4521fa62b4f3bbe260aecf4dbc78935,4,,recomendo,2017-11-03 00:00:00,2017-11-06 21:31:59
e8995c053d3db2d9c07407efe7de52dd,aa04ef5214580b06b10e2a378300db44,5,,,2017-02-08 00:00:00,2017-02-11 12:37:36
2583de5c6e9a468230d34d84b7e6a773,0c3190b4838c596fd1d6cd74e0436120,3,,,2018-03-07 00:00:00,2018-03-07 20:42:56
7e1c9aed5a984e713d373ec31c756f44,fe60bad9c284d296c50b267f32a70da8,5,,,2018-06-23 00:00:00,2018-06-24 23:24:21
047e5de635c9597e36880b047a43284d,e8fba7de8823194ccf9c1f2d52123bee,4,,"Não dei nota 5 pq não veio na mesma embalagem. Veio embalagem branca proibido pra venda, mas por outro lado o preço estava bom",2018-08-21 00:00:00,2018-08-23 21:48:26
5c23f55fe5295590c8e0928be201e15c,7193174cc8337ec716bf7bef671ff759,5,Ótimo produto,,2018-06-27 00:00:00,2018-06-28 16:11:15
4ae27b71d52f5e00dfd42d7a2e555077,1452442fe3e8cc6d3a1a8d8fc92dc019,5,super recomendo,"muito bom produto e chegou perfeito
",2018-05-01 00:00:00,2018-05-07 03:16:27
4ce0959b9c77f8d6ab978aab4e63aafe,3223fda0de8d832b8e1224f6add1245d,5,Muito bom,Perfeito,2018-05-09 00:00:00,2018-05-12 15:35:42
8405ac15950641d7378ab0f2bac5e592,d5d0829757e3f168a603b3c272d96fff,5,,"Gostei muito do meu produto só acho que
os panos poderiam ser maiores, mais está
Tudo certo....super recomendo este sitie,
entrega muito antes do prazo...com certeza irei comprar outras vezes.
",2018-03-16 00:00:00,2018-03-17 11:54:55
1c40e29290a1f02915bf8a05196da48c,08ea06da9974b971f8fad4929380e24b,5,,,2017-12-14 00:00:00,2017-12-16 21:02:57
0cfd1e1f5df30aa51419c8f420f2ea2b,f06f8d3837dbab6729adfd09ba404938,1,,Recebi metade do material.,2018-01-12 00:00:00,2018-01-12 21:22:37
3bc286fe30d0f8c338d715b55ac2deb5,6c4b00d2f2c7cbac0902dd6367da9f97,5,,Ainda não abri a embalagem porque vou dar de presente. Mas recebi antes mesmo do prazo.,2017-07-12 00:00:00,2017-07-13 19:13:19
8244aa363471f6e4cc289a6e3df69cf0,f4e8bc6ae51a675b5d9ba08f3a4adf23,5,,,2018-05-29 00:00:00,2018-05-29 23:21:15
d53d6d8819cf34d405434432c234a0b4,42f364e1317053c36378cc534b19ab6e,4,,Material de boa qualidade e bonito..Só achei que fosse maior!!! ,2017-07-13 00:00:00,2017-07-14 02:18:02
182ef9e197469987085e5e9f7c60efc4,7c927a3dfb1af7e87c6a262fc4b0a8fd,5,super recomendo,produto bom gostei muito!,2018-07-25 00:00:00,2018-07-27 17:20:04
e2b8e7ace19be686157be608e40c55f3,1b74651a2ec8ee2d9e115d444f07f019,4,,Entrega rápida e produto muito bacana!!!,2017-12-05 00:00:00,2017-12-08 11:01:48
2c5a025614bc11b9923537d961d1443b,7e22f51e3776fdeb688dfb2af5bc7147,4,,,2018-05-05 00:00:00,2018-05-07 18:46:43
f1aefb9b3293cdea695d8dcb63c2f842,b811c8ca07716586e80c0bc4f2a6e39f,5,,,2018-05-02 00:00:00,2018-05-04 09:26:15
a34ba33faede53b2060490a1439bf425,08158c9f50214fc5872aba47814160e7,1,,"Data prevista para entrega 17/5, estamos com urgência desse produto e nada. ",2017-03-28 00:00:00,2017-05-18 11:21:01
a53bd8ba9c9634b500a0085714b18bc5,9a7c4a07a4b1d502cdba82f5b60123ab,5,,Recomendo a compra!,2018-02-15 00:00:00,2018-02-18 13:41:30
bbc9ad3de2911ece9a362ba234f6003b,9a94ba1f0117af7f8ff3a87cfb5b7054,1,,Mais de mês que comprei e não tive nenhum retorno. ,2017-12-15 00:00:00,2017-12-15 08:53:26
6515636311fe4dd195a13b0a36f431c5,7d9c214c1febcd31fd655b4853bf3c38,5,,,2017-07-06 00:00:00,2017-07-17 02:28:59
399a83ec3e66d297f107416a36050b2b,f5245f2d90f66a49a3eb0b86380ef720,5,,,2017-06-01 00:00:00,2017-06-05 01:15:20
1e972e14bb9d496fef92eddd3dce4cef,b2ac7b0754b724547abf07a172a45bf4,2,Não chegou ,Eu pedi dois kit e só chegou apenas um o outro não chegou ,2018-08-16 00:00:00,2018-08-16 12:47:29
442073e0e9c6cbdd830262e6e4d9e811,a84c6f3ee879e72955a3fcaa2dc55771,1,,"Não foi entregue a chupeta, veio apenas o Esterilizador a Vapor para Microondas - Philips Avent.",2017-04-28 00:00:00,2017-05-01 12:44:11
97a1e24c2ae1fa7f655f817c0010cf8b,08f5487befe25744feabb3203a4dc09b,1,,"Indo para 2 meses da compra e até agora nada do produto. Simplesmente péssimo, não recomendo. ",2018-04-04 00:00:00,2018-04-04 12:35:14
b07a1d28faa5607efb6fa3d365a84ef1,f85406a2bb15eead2488ba5e488dbaa9,4,,,2018-07-31 00:00:00,2018-07-31 21:04:25
e0f14df5599537314f2fb90d3102a3d6,a719d9c7b821a18da2ea4ddba7f3400d,5,,Produto recomendável ,2017-09-26 00:00:00,2017-09-27 01:21:16
300922ed651d4e16c7b9fc97435b1a10,fdbd371c335ecb94ccb8a65c37d8ebba,3,,demorou no correio para entregar,2018-01-11 00:00:00,2018-01-12 22:25:11
a680a3d25f6ed03cb95ee27381b9226a,ded23d37cdcc25b37b4473b7be770cb2,5,Excelente,Adorei,2018-08-08 00:00:00,2018-08-08 15:44:45
273cfd21e07bce346c074371d8756e75,4932f0177140a9a8b32264ac6f41ac5f,5,,,2017-05-01 00:00:00,2017-05-01 22:19:55
ee4e8f9fd8213819903417595a9f9c04,b07abc8b9acaf00e79b4657419f469f3,1,,"Quando fui comprar o produto, dizia que havia em estoque.
Quando comprei, o produto ficou pendente pq não havia mais no estoque. Porém foi descontado do meu cartão.",2017-03-30 00:00:00,2017-04-03 21:23:30
5697ff38c1fe9b443920d3f190dcde39,fda140e135ccab872e95fb03e76ba27a,5,,,2017-10-12 00:00:00,2017-10-12 17:43:14
381e5a0339dc771f17afe88250d4dfda,d5cdc053cdfd98fad4a2330ff501852e,4,,,2017-05-17 00:00:00,2017-05-22 10:02:31
f71b45959dd04bebd3fb1964d32120a9,2e3d25ae760b48fda536f1be145cab46,5,,,2018-08-07 00:00:00,2018-08-08 10:31:49
7af75686909a3b2294d9a8c139a6a798,c7e3603d9e577642558373a0e3eed860,5,,bom,2018-03-04 00:00:00,2018-03-06 12:32:46
990273969247adf5b649b31760f9ec49,d9290c1449b2c21f3c4b9efe267c8173,5,,,2018-08-23 00:00:00,2018-08-27 17:58:32
f967f6fd5305392d7623043f6ad13987,24be8b5db4950507d07bf5797c5de555,5,,,2018-04-29 00:00:00,2018-04-29 22:11:52
708506c2a187d9c8b36aa4f5f87054c0,d2c902f172e80f22126d53d9ff7871b2,5,,,2018-07-07 00:00:00,2018-07-07 21:42:25
5e44def479b54cdc01f62c2c4e574ac7,4162db4ff964981d38bc20ff6818d268,5,,,2017-06-28 00:00:00,2017-06-29 12:09:32
94151614bd1d3cf4b35c8683231d893f,e19a8635d806af6ae2d20b3de998b0c8,5,,"Entregas corretas. Antes do prazo estimado 
Melhor preço da internet.
Amo comprar com as lannister,tanto no site quanto as lojas fisicas. Sempre tem promoções..
Muito obrigada muito satisfeita .",2017-10-07 00:00:00,2017-10-07 21:46:54
a579b1a3a3dd14efcac9cd79b1a2d9c0,caeb9def6ebb2881fa87b103e015e814,5,,,2018-03-01 00:00:00,2018-03-02 11:19:33
f179f37ab67273e58097abd9c0cb65a9,0b020adf769218b4661b301ce96c0ca3,4,,Produto bom correspondente com as informações fornecidas mas gostei mesmo foi que aentrega fui super rapida apesar de um erro do correio. ,2017-10-20 00:00:00,2017-10-22 18:11:20
2a327dbe9458ce70806d34f9356aca46,484f11db440188250fec53abd4283294,5,,,2018-07-06 00:00:00,2018-07-08 21:26:12
7cadd69d6e914b75d130c1dd0caf0d79,615774e695ab140dcb5e1c0aeb15b9cc,4,,,2018-03-17 00:00:00,2018-03-19 11:24:06
bab6ad2691b15902e1517c8a274fe578,07294ed0ece67bb004a4813c77dfc3e3,5,,,2018-07-26 00:00:00,2018-07-27 17:33:52
3a6d1695936c903928637a5dfecb725b,0d6b94a6fbdff968503c0aa3e7bffdbf,4,,o problema foi com os Correios que continua com um serviço vergonhoso.,2017-08-29 00:00:00,2017-08-31 11:46:47
9cdced96fd462423008deb7c988629ab,9fbb5a7911ef83cac2881f1bbdaf7812,5,,"Chegou rápidinho e em perfeito estado. Recomendo
",2017-04-19 00:00:00,2017-04-23 22:33:01
6d9f34480d47d5ce03ef8e04f32c94ac,75b7d764765f4cf3a5f03e7f3f35319f,5,,,2018-02-02 00:00:00,2018-02-02 22:04:52
eb8e4184e26195e3df96b3cb4e5fd751,13fc19d5bc2bd52fce8baeb3f31e5dd6,5,,,2018-07-28 00:00:00,2018-07-30 16:48:32
8036aa134d90cc90de122b4a5d5e6ff2,4c23c4164a5456caf473aa274df8b8b9,5,Ótima qualidade,"Produto de ótima qualidade, fácil instalação e entrega rápida!",2018-06-28 00:00:00,2018-06-30 18:55:18
98eb570576145a526903ffef8ab09930,6c27984bddb654e222cd1b9a238d2e74,5,,,2018-06-05 00:00:00,2018-06-05 19:45:18
0ffa39920a8f99bbd056f535e295aad7,37c495d368ea5de5c25f2c5be7261ce8,5,ótimo,"Mercadoria chegou antes do prazo,não tive o menor problema cliente satisfeita ",2018-08-04 00:00:00,2018-08-05 23:58:08
c9c81bbd0338c7fa5e2d9ae81c11b866,45060534aef780077c10103b60fe71c4,3,,,2018-07-11 00:00:00,2018-07-12 10:41:44
9aa286f08fb78b7716330486db8d7541,c67cd7b6cbafcdaef31e33d7461f9e29,5,,,2018-02-09 00:00:00,2018-02-11 20:07:52
d2485d102ef7babcce7efc320bb8fbcb,43bc72f5380889da97627ba5ac7806be,5,,,2018-05-26 00:00:00,2018-05-26 04:19:27
f05f4ee99df245994f71eea4e66b6f55,930fb714ff2992c4ff14bf920af830e6,3,,,2017-12-29 00:00:00,2018-01-03 12:00:50
847c7f9e7a29c12bb66c6fc305fc6df8,8ebe945989d8e36075f1a141e40968c7,5,Excelente produto,"Excelente produto. Recomendo.

",2018-08-08 00:00:00,2018-08-08 20:53:27
f2c6642b7493752f6b4698dfb29218e3,794651af98ca9412aa91961e14c0a796,2,,,2017-06-11 00:00:00,2017-06-12 12:06:19
fe8cba6f81893b720741f9f5461b5a84,056349f85a73d794119c4286c95a52de,5,,,2017-03-18 00:00:00,2017-03-19 17:54:46
2202268b4d7bb8d133ffc1eb22dd1967,2282f08c7a3e5bc3e7b84bb444d6e1e6,5,,,2018-04-27 00:00:00,2018-05-01 19:52:47
29ba17202dda5a62dce3b281588b7931,981f5cf29634672b36363c9ca9d4c3a4,4,,Produto ótimo ,2017-07-15 00:00:00,2017-07-17 13:29:26
fad452a4b3021f612f6fac665b70f153,c7b0be5584c50efa8a9d95d3eecbece3,5,,,2017-03-21 00:00:00,2017-03-21 21:04:39
230ab15de40b18db2e2e61132acab1b3,2be55396cc21a15c826362a670a8a844,5,,"Super bom o colchão. 
Superou as expectativas. 
Entrega super rápida. ",2017-12-23 00:00:00,2017-12-24 03:10:09
300fb117f254df8fae24581c43ae0d9b,5a854278109ac48d0a19b5a30590af27,3,,"gente eu fiz o pedido de 3 bebedouro e so foi entregue um, tem outras entregue?",2018-02-24 00:00:00,2018-02-26 16:19:09
7f51961c71f650ae58e3caedcf72c885,fbff57de1609c0c4544325e9dd5559ba,5,,,2017-10-24 00:00:00,2017-10-26 18:22:23
bfed2e1c78028675ccb4a4dfbb8d5335,fe492b94021fc809f9fd371ca4162c51,1,,,2017-09-01 00:00:00,2017-09-02 12:11:22
eafc9d87c63cb85f075a34ac48dc2458,da98211dfdb21faaf9b5d67f11b7f50d,2,Perto de vencer,"Perto de vencer a validade. N foi informado de forma clara no anúncio. 
Claro objetivo de enganar consumidor.",2018-06-06 00:00:00,2018-06-09 00:08:22
0dfd66904c250d5c11f088d21207b073,8c2ce23c23c5fb37140ee0a5462e4e53,4,,,2017-06-01 00:00:00,2017-06-02 12:42:40
46d7dc240cffd670a61f9bbda8e12993,a05515a2b77ea6b669bd02c1694ea20e,4,,,2017-12-27 00:00:00,2017-12-27 20:16:08
bbd0df69372237dd854b2c63562e69f9,cb2acc8f1def3d443b4716cdc8188102,4,,,2017-12-02 00:00:00,2017-12-03 15:50:01
81d85b558ec3fd3f505fd73df1bd3e56,60c6ad4cefc764d607e14ca66de81444,4,,,2018-03-10 00:00:00,2018-03-11 02:17:45
ecbd41e49d63d6df356d8b5f50b18d02,241c2b89490a7f6f12808716cd51c45c,3,,Mais ou menos não gostei,2017-12-14 00:00:00,2017-12-14 22:20:25
801b9adf8fa02950a0bcca24df99f4c1,ef30a80a52425b419de68e25624a8a9e,5,,,2017-12-14 00:00:00,2017-12-15 09:04:59
f00ca078422e9228c68c0a27a6b515c7,ae375d6b88c37582455ff3a2b83462d4,1,1,ruin,2018-06-09 00:00:00,2018-06-10 22:57:19
e9a415465463fb3ab6e0fe7eb151c7ae,8d1c5a867cd01e45e5fc57dddd896f00,2,,comprei 2 panelas veio apenas uma,2017-07-27 00:00:00,2017-07-28 14:16:16
0f23c63d6e36063f7a75dc39d244f54a,23ddff4d3f6d62081bc0c82a630f294a,5,,,2017-08-30 00:00:00,2017-09-02 10:41:20
7a7d77ee82410dbbca01fa7da9ab256e,ce6f76eb40949df0b5b6ef6936848d9b,5,Superou as expectativas,Muito bom!!!,2018-08-01 00:00:00,2018-08-04 00:24:31
13cc14a5f7a442a1ecce8f32b463e242,d3feb75cb4e8d372a35e074fc1175bcd,5,,"Tudo certo com a entrega. 
Tudo certo com o produto, super recomendo. 
",2017-09-14 00:00:00,2017-09-15 09:41:57
dcfb74ab8c173dac259294d70bb39143,078c9d6d720f254fc10c5a162169197f,4,,,2018-06-08 00:00:00,2018-06-08 15:46:26
02484b7544bb08a43ee16332b327f209,343214a6de71b79c0166799ba08e148f,5,,,2017-12-01 00:00:00,2017-12-05 00:04:00
25be06732b67d0cd3e4305f53e26c977,627a881a7d2543a80dc59460ab08eaab,5,,,2018-02-20 00:00:00,2018-02-23 07:09:56
4048b81e0de31798b68dcdb9bdf63bb0,333977327b5c548879a21a3b1fc87c48,1,,Quero meu dinheiro de volta ,2018-04-05 00:00:00,2018-04-07 16:34:58
30724723fb571c9fb33890d60dd20241,b352b37732770128092c01c05cb2d8f7,5,,,2018-03-08 00:00:00,2018-03-10 19:48:51
86639a189b3d78e57572bdeb00cf73c3,5d667669da71ab257891582b76d37194,3,,,2017-09-09 00:00:00,2017-09-11 22:26:47
fd190fcac3ac6b5100d98f105a81658f,4455bffefa49b2524e0291440b78b02d,4,,,2018-08-01 00:00:00,2018-08-01 23:57:45
3af8148a09b008f63ecbcbe702fc04f1,63dd1232853b91debb2470c70da85dca,4,,Frete caro,2017-08-26 00:00:00,2017-08-27 18:39:12
8cf7f5321078af1e48804fc51fc18d9b,5adb95fe0aa8a0d29d029194724df6b7,5,,,2017-10-18 00:00:00,2017-10-18 16:02:09
b81b6fd1169f65bd6eb77802ae8c30fd,f31cf521d461f5b8b5b1456a0448495e,1,,"Comprei dois pneus, paguei dois pneus, pedido efetuado e pago de dois pneus. Recebi em casa nota fiscal referente aos dois pneus, mas só um pneu dentro da embalagem.
Aguardo posicionamento à respeito",2017-06-08 00:00:00,2017-06-08 11:35:02
ad708d825f12cfd6a0cc347ba5262ae0,cfcd1b446010715bb44c1babfe225e6e,5,,Recomendo a todos que comprarem ,2017-04-12 00:00:00,2017-04-12 17:07:37
1241d6377156a46c2fd60131f9e1e262,849e77f9701faf689705a0eb09003764,3,,"produto muito ruim, moldagem fraca !!!!",2017-12-14 00:00:00,2018-01-08 17:48:27
e33d0fc332145abd8ecfb689e095ec97,e31f08a6838e8fe22d5850d237cdb1e7,5,super recomendo,mto bom super recomendo,2018-07-31 00:00:00,2018-07-31 23:55:26
51febd69535454f1d6ecf6a189648947,8726f6a81f4ae5a390e7e638a31e9a21,4,,,2018-06-27 00:00:00,2018-06-28 01:14:18
55f32b238c2aa1ddb73646ed0db46ff7,4d1520659b160e48900f017af350bfb1,5,,,2018-05-15 00:00:00,2018-05-21 10:41:05
06b41ca46ea26f76fd8a0eb94db45d4a,2f609f51e21add184869268ce7e16048,5,,"Recebi meu produto antes da data prevista,super recomendo esta loja.",2018-03-16 00:00:00,2018-03-16 23:53:00
9e038041863f149240bb866e11316fee,0fc43892a2c1a8aaa96eef7d27a85017,4,,Um dos bonecos chegou com defeito,2017-10-12 00:00:00,2017-10-13 16:09:01
021f2a15daad6d58a00422d72649bb25,b80ad2b6c5b351d9e15b84a8008a7d87,5,Bom loja,,2018-08-18 00:00:00,2018-08-18 21:53:41
e6b1d54707b710b0f0f3b3819f94b8fa,908c02868bb2a9b847e64b23139137e5,5,,,2018-06-27 00:00:00,2018-06-29 20:24:01
ebb82a65ec6634eef1d030c982b54451,bb9e3fdfc33f7fe56fd38f6adacf760f,1,,Impossível avaliar sem o produto em mãos ,2018-01-20 00:00:00,2018-01-23 09:22:59
63fdf84481d7d818f505ebd0b73eed52,ec34ce0f06a9a35ebf0f0496d595bc84,1,,não recebi a mercadoria ainda. ,2018-03-31 00:00:00,2018-04-02 00:09:58
9e1dff28e43a8e616e517531e72821b7,17be7ed9263bf0ea1f2e8ad91f699dac,4,,Gostei do serviço e prazo de entrega ,2018-08-21 00:00:00,2018-08-22 21:41:19
4886f3f54bf9adb34a5b244acd36e47b,044bcd01474ba715e7cb11d5a70ccf0e,5,,,2018-04-08 00:00:00,2018-04-09 03:12:06
41c52a83195713e43dcc951630433f9e,fa83e155dfa5da681c4754559e6d1043,1,,"Por favor, reenviar!",2017-06-15 00:00:00,2017-06-21 15:16:42
234116f57bf87e55c026361c267614af,6d480dfe6a776cc015ee944f518a966c,5,,,2018-07-08 00:00:00,2018-07-08 20:56:36
ca61d33ce36b998cf6bfc38f48859425,76ae7f8d0104f4808d4a93f4b81661d7,3,,,2018-02-15 00:00:00,2018-02-15 19:40:47
85a3e50c678d1d8aac6021c039d5ad13,d23cd4e593b64b8b4d86ac59181f1c75,1,Pedido não entregue ,Não recebi o produto,2018-08-25 00:00:00,2018-08-25 13:05:34
f735424a69028bfde2b705dec3926085,304eb677297815981a2cf4f53af3588a,4,,,2018-03-02 00:00:00,2018-03-02 19:09:59
7e0a76f842f4bad18e342f5c21b94ac1,106d077c4997efaa9e2221af8ebf2c22,5,,Câmera clássica de 1992 por um ótimo preço.,2018-02-07 00:00:00,2018-02-07 19:07:56
f6c006246ae1201a78aa8245657b9f63,12cfdcaedc49d1cfce950e3c9846dacf,5,,,2018-04-27 00:00:00,2018-04-27 14:43:51
5fd55af753f2607d0a917317612d1004,4ca4a1922b582950b25cce6e7ef34315,1,,"Eu recebi as essências, mas está faltando o Kit Colágeno hidrolisado. No site e por e-mail esta dizendo que foi recebido juntos. Só que ainda aguardo os colágenos.",2017-10-31 00:00:00,2017-10-31 18:02:11
4bedd975d93b4a2af65ba61e8b0935d0,fd86c80924b4be8fb7f58c4ecc680dae,1,,,2018-03-17 00:00:00,2018-03-26 02:12:14
47b76d4753613e7fc50ad480035d0fe0,b94d24bf7142d13c25cfeb9804843d6f,4,,,2018-03-06 00:00:00,2018-03-08 19:12:12
108f9566f87b526f6101f1049613f988,59d7a8119bf89c6444ae76a6cf2f9479,5,,,2018-08-30 00:00:00,2018-09-03 18:16:14
7312244806651234199206c84f565453,4cdf8813fc5f4c3d74041453f606868c,1,,Comprei são faz tempo e nada estou indiguinado paguei 279 e cadê meu aparelho,2017-10-25 00:00:00,2017-10-25 09:03:05
8f680bc34a83951104e57d2060250afa,2eac75a073b158b0cc84863c566300b2,5,,Satisfeita!,2017-06-27 00:00:00,2017-06-28 14:10:18
1ae4c8e3bfb1ecf291da5ce6e3f0c708,5add03213ad417aab3988852ea890572,4,,,2017-09-12 00:00:00,2017-09-13 14:43:58
c4651c892d941ed7a422649798f51744,b0b55c59d28b64d3b611cb034eb9f1e6,3,,,2017-09-13 00:00:00,2017-09-15 16:56:30
efae336c4fe5edbbb83bfa018b2715c8,9ee3edc7733fa734090a08a679636037,3,Recomendo,"Produto bom, frete caro e demorado",2018-06-08 00:00:00,2018-06-14 01:01:26
1a870106e4df2e623dc0517faaa3db68,6eab6f37ff2d390d23be84642739b500,5,,,2017-03-16 00:00:00,2017-03-16 19:27:06
d61a82614fcc8219324ef868a0d472c9,ca9e949cdccd6ccd93a7d31c7bbb90ae,5,,Produto muito bom!,2017-08-10 00:00:00,2017-08-10 19:30:53
6a080e47554451d3cd072d78a41abe56,cc4857fe4fa6ced8926e873eafe6f7eb,5,,,2018-02-22 00:00:00,2018-02-24 13:44:45
08ad3915b66a80899cc3f05c7392b30c,157fa4382ef233561294d5b9e279df5c,5,,,2017-10-18 00:00:00,2017-10-19 18:08:51
21881853688dd9e9a5eff42d80386420,0ca1bac7f133e0eced641bff853f52ea,5,,,2017-11-08 00:00:00,2017-11-09 08:59:33
3069d1d660f6a9c76b9037d9d840d892,00c62d05602c1ca8164b98746d127fa8,4,,,2018-06-13 00:00:00,2018-06-14 08:15:54
51a49de7b5f571d119a16c2fead72622,9c984f2c226fb999a439fcc64c73caa2,4,,,2018-08-18 00:00:00,2018-08-21 10:10:13
15ece44d8f1fc8f2cd03941048ac9245,9d8eb4197962f028d0a0f9caa37f0402,3,,,2017-02-17 00:00:00,2017-02-20 01:29:50
b6be0347bcd0d86b1d4507bf8f032450,91c7af31bbff981f2530987c8d5d5ae2,1,,"E a segunda vez que pago frete é mandam eu ir retirar nos correios ,eo frete serve p quê?",2017-10-07 00:00:00,2017-10-09 17:36:00
94a9a9634ac072b24a0e15f3c5487bab,223cd404de0ec7eabc319bed69fa1079,5,,Chegou rápido!,2017-07-01 00:00:00,2017-07-02 00:01:09
ae4a2f9f4136ecca4229735dbe1bdf8b,b5b967cc29ff5ce57bb11ffd9c2e9101,4,,"Muito bom, e veio rápido.",2018-03-15 00:00:00,2018-03-17 02:23:41
99775bbf9ca0d4cc3a11caa7901ebd04,8ce0356590d5276179650852e5e92eb9,4,,,2018-03-08 00:00:00,2018-03-12 21:36:14
f297c17f26bb62063a7de63a13a4e63a,0e52eaa92a794742da29c413a23a7b80,5,,,2018-07-10 00:00:00,2018-07-11 00:19:34
3be6e9cb569ed3b2123da67400be3641,38eb881851d90ec36b46d10b81792089,4,,,2017-02-08 00:00:00,2017-02-09 10:56:19
0ccb1644f578514f6a5c633d01900bd6,3c2e431d91a598f87200aaa0dcda0104,4,,,2018-01-11 00:00:00,2018-01-12 22:28:20
7a03404f98bb59dc4c1719da32935b88,39a70e9e9b729b11dee34ac12478597f,3,,Achei o produto razoável.,2017-08-23 00:00:00,2017-08-23 23:32:32
313ffc0ac1cb1ccf608204972203ca89,6811f439ad8873c28f8e1138e02229a5,5,,,2017-12-20 00:00:00,2017-12-21 07:37:30
f072e22350da2546173546f65bbe3b7f,a7adf8d0ab081caab51b96af34523e00,5,,,2017-08-29 00:00:00,2017-08-30 15:25:40
1e1101eda474f73d85614044dd85e4e3,d6fac5cc8d7f57c8716d70da38b27d3f,1,,,2017-04-14 00:00:00,2017-04-17 13:14:55
24a2e43aeb8c54ab5b8722beb3986751,7c97900442dd98ddd06bab55a03c8564,5,Recomendo,,2018-06-29 00:00:00,2018-07-02 12:23:58
d5508ed464ca547dca0765faa3541a15,bc76f0b0323c7a867739b72cfc9277bb,5,,,2017-12-17 00:00:00,2017-12-23 18:37:35
77b35ca2ff3b186ffdd5d70c1cc004b2,c3301bb3a7c95a0f36e7215526946b82,5,,,2017-11-10 00:00:00,2017-11-10 14:43:43
2b4710a67a81728262e81ac08d7ad636,408fbff46d0cdb99d7aa42898519ba13,1,,,2018-05-10 00:00:00,2018-05-11 12:04:08
53e58368e68f4e4816c966505e1680ae,8628cf35f313fe2e46a2168f21860031,5,,,2017-12-13 00:00:00,2017-12-14 12:19:10
7e34eb6050632ab17bad79b5ec6089bf,4d31272d8cb07c4ab84562c8ae2e0fdb,5,,,2017-07-26 00:00:00,2017-07-28 07:12:47
61a7a644de263a932ea622dcb4a7c348,f9ada76953fa490d8a254d2e28f353ac,5,,Não recomendaria simplesmente pelo fato dos envios poderem ter o mesmo problema que o meu.,2018-04-14 00:00:00,2018-04-16 20:29:51
55a98b74161e04d3a72e6a4e7d0a3b89,ac78dbdaa55c30dbfb7eea9beaf31b81,5,,,2018-06-26 00:00:00,2018-06-26 22:08:43
46ccb7ce45360ffefefa20734b5f7bdd,8c1b520fb18c4cd54ac3c058faf000d5,5,,Parabéns chegou antes do prazo ótima qualidade do produto ,2018-04-03 00:00:00,2018-04-04 00:54:10
c4555008146e0616bb53f69e0433a6b8,58f43661df7f4ebc6182ed467729a405,1,,,2018-01-26 00:00:00,2018-01-26 10:42:03
8008af1bec10980dff892950b03c48ca,8f6a8c5dbe911618a3e81e7fa7914114,4,,"Produto entregue corretamente, embrulhado em plástico bolha dentro de uma caixa de papelão. ",2017-12-27 00:00:00,2018-01-03 21:29:21
d0c49f65e1779e5e34c54f4e29683f13,e1d88321521ac026d9bc246154ee558a,5,,,2018-05-23 00:00:00,2018-05-23 22:47:36
271d0a476cdaa6f4b9be6d3523cdb05e,d67b79fea59821fda4d363d337a56c3a,1,Vc paga e não entregam,"Empresa simplesmente não entregou o produto, nao consigo cancelar a compra e foi cobrado... Exijo soluçao imediata e extorno dos valores.",2018-08-22 00:00:00,2018-08-22 14:41:47
3583854f4648d968e1fb9128c453d7a4,a6476259927be2539b760baec362ce92,4,,,2017-12-20 00:00:00,2017-12-20 20:05:03
3dbdbf3447574c41afc967fa47f37a35,d5fbeedc85190ba88580d6f82d1d5ed3,5,,Otimo,2017-05-17 00:00:00,2017-05-18 01:35:16
3d90e6ccb99218ca1e69c6f06dc9b52c,a82a8de42e1aa1d5c74f83f7b23fbea9,5,,,2018-04-18 00:00:00,2018-04-20 19:21:48
4a147aab0f501b8d8a7215a4bb384677,adff485b76b194780db2e4ad4c5eb9b2,5,,,2017-03-18 00:00:00,2017-03-18 20:01:12
aa15ec6c6db19aa1f7bd303ebb117adc,a48091d43904feab22b133cf47e96816,5,,,2017-07-27 00:00:00,2017-07-28 11:24:56
81f706cbe8018ce168abb80a08aae714,f7d0eb24b92b2024fc86a38400664675,4,,,2017-10-25 00:00:00,2017-10-25 21:36:42
b4a45449b93886f44300e142cd3c78e9,fb1eff538c7c7033fdb5a6a0a3edd456,3,,nnnn,2018-03-22 00:00:00,2018-03-22 22:37:46
1499de0b00d2fde6dd0cbebf49833e89,062bddc5be851fec2b59598cc33498cd,1,Produto errado,"Recebi o produto mais veio errado, ainda não recebi nenhum contato da empresa!",2018-05-16 00:00:00,2018-05-17 00:51:45
a193e8ab376725be9359279757ec055e,bb95c9f509ff2da87b6015a0d9046f0f,5,Ótimo,"Tudo perfeito amei o produto exatamente o que eu precisava.
A loja também várias vezes que compro sempre no prazo certo e produtos bem embalados e excelente preço.",2018-05-15 00:00:00,2018-05-15 22:33:57
948745b689abfe1e67032129e6b480e6,8dbd319d233611ca45b64cc56eac5e34,1,,"Estou muito chateada pois comprei um produto(kit de Pincéis) e veio um outro produto(Bare Lifts).
Enviei um e-mail no mesmo dia que chegou (22/03/2017) e até agora não obtive resposta.",2017-06-23 00:00:00,2017-06-24 22:01:47
07f2357e36a8e6a6c70f4e4d6515aff4,8f2b0c41d21837f8c6d4682867c66ffb,4,,Produto muito bom!!!,2017-06-28 00:00:00,2017-07-01 01:08:31
b6517873f6f94096dd470517be872976,e9df66519c360c741bedc488149685e9,1,,,2018-04-08 00:00:00,2018-04-09 11:19:16
fc11a410108bacd771a323aeb9a2adef,307691e9d5567f71a6ad5945a34170f7,5,,,2017-04-20 00:00:00,2017-04-21 00:55:48
5aa58764e21dd645348e677d39ce2c85,4122be7db111cfff4ce3ca4b4da19907,5,,,2017-09-14 00:00:00,2017-09-15 17:27:33
7985a473a96cc61e7669c2fc071bd6f1,54f621bc447961fb6ab19031f7f3051b,4,,,2018-04-07 00:00:00,2018-04-23 01:21:20
ee35f946a06084b6eafd22cca6b7741d,1dfc284468e80b96e18103668871f465,4,,,2017-05-13 00:00:00,2017-05-13 21:14:59
09eb9450fb4e43a5dfbb06adeb838990,d6e3a9f9be1350d1e2bb6e25e8bfd05d,1,,,2018-01-19 00:00:00,2018-01-21 21:09:09
8619f841c1126101d33e99d1993a1e85,80ce1db8f4e1070972c60581450bd2b7,5,,"Recomendo produto de ótima qualidade 
Chegou antes do prazo.",2017-07-01 00:00:00,2017-07-03 23:47:09
f185293a826a87acdcd55d361877023d,5270a6da2c326132afd3b3c0a186a795,3,,Muito fino....mas bom...,2018-02-20 00:00:00,2018-02-23 03:25:37
fa9715b09fd369c3aa58fa72c676bf3c,e7834b339f0ee60fd64151e9ca2c6376,1,,"Comprei duas capinhas e duas películas, mas foi entregue somente uma capinha.",2017-06-17 00:00:00,2017-06-19 03:57:51
ff2157b45dd419cea8c4a66c371a81d1,90176c61fcf0cfd97a3e373c0375ec49,5,Recomendo,"Entrega muito rapida, antes mesmo da data prevista, produto Muito bem protegido para entrega. Funcionando como o esperado. Nota 10.",2018-08-02 00:00:00,2018-08-02 11:59:08
3c232757ecedff78dbfec06efdefa232,62a5349df8243987456fdd17fbe3b823,4,,Comprei pela primeira vez e fiquei satisfeito,2018-03-17 00:00:00,2018-03-18 15:49:43
d8a233599b54833e556da69c69faf69a,4b20ac5099cdb7bcec3f8dfa89bdbdbe,5,,,2018-02-22 00:00:00,2018-02-28 01:11:44
13ee50a8cbe26a2f7910061998109d5d,987e9593668be10f799158973ca6fb87,4,,,2018-03-16 00:00:00,2018-03-26 13:12:53
366c49792bd65b11d01460acf203cba6,9cf7337281a128f4f29a2f476c733601,5,,Ótimo 100% confiável,2018-01-16 00:00:00,2018-02-06 15:04:30
24d41abfa6af10481e37ed694c77fbd0,8c2836b61bd663d5d6bc64ee2ba06ac6,5,,,2018-01-07 00:00:00,2018-01-09 15:17:49
0a706b513b7b8e223c30253b990ae789,5f827831438fdab57e6b6b98328b360e,5,,,2018-04-25 00:00:00,2018-04-28 04:38:33
b6243732e263bbe110ba2d80d518fe04,d04eab35da4dc8a5fbab6771c0a8b517,2,,,2017-03-28 00:00:00,2017-03-30 21:47:10
0d5af1d93ce71f36533b201e901590b1,2fc58fd97ab3288872ad6b35bbd712c3,4,,,2018-05-03 00:00:00,2018-05-04 13:03:44
ab61c3982b8640034f5209b18fc2c093,96c7412c14bcdf2793e352dee66be6a7,4,,,2017-09-19 00:00:00,2017-09-22 10:17:00
b928be3a9fb638f4eea31d7da9ba30e5,410cfb42b9a36728a695fe883df04ebf,5,ÓTIMO ATENDIMENTO.,,2018-06-29 00:00:00,2018-07-03 20:15:26
c754f7d842c3e3b7c71e5308b96075d8,04f92792b1960e9302825742e0751a5c,5,recomendo,"Muito bom a entrega e estava dentro do prazo. Alias foi entregue antes, sem nenhum defeito.",2018-06-02 00:00:00,2018-06-03 22:34:36
ef35d48c4148ea048eeefc615df5de6f,4c05288ce87fd35acbaa04fec7070339,3,,Muito bom.,2017-12-20 00:00:00,2017-12-27 21:55:17
cd57e2971b81c796536cefb187a26631,0e3bb5bc8f2262c9fc302e56de5b7c48,1,,"pela segunda vez aconteceu problema em compra via internet. Primeiro foi com um climatizador que me mendaram com voltagem divergente.
Agora com pedido feito na segunda semana de março e aainda nao en",2018-04-08 00:00:00,2018-04-10 14:25:39
7e3ccbbcbb0291cd475e0a81a7fb9b1c,abd7d619de0d42df3a64707190c05bb6,5,,,2018-08-04 00:00:00,2018-08-05 11:35:37
a87aff6e4e538c6e3b4ff2ab6cfd13d1,be9544c2dfb58675d21a0a735fa1d32a,4,,"Recebi, porém com atraso na entrega. 
Mas produto chegou com tudo ok!",2017-08-22 00:00:00,2017-08-25 09:28:40
76ad8ad91a198b40970747632afbdc65,18d0a01d343f9a3789e7ae38fc92f907,5,Ótimo muito satisfeito.,,2018-07-21 00:00:00,2018-07-24 12:35:12
2a0eacb8d46cba576552cd2a09d834b8,4e8ddb71f9d7cc7452a7005c2a459212,1,,"Produto não é original como anunciado,e sim compatível,já pedi a devolução.",2018-04-19 00:00:00,2018-04-20 08:55:09
f91978f4a01c8e97897adb8f282833c5,53e4f7240aa13df65778901b7e368c5b,1,,O produto veio com defeito ! ,2017-06-29 00:00:00,2017-07-02 12:01:01
c0220d545342682fc3f2f4083d40466e,75eea5833d9dc1ff4712cf962417ce1a,5,Adorei,,2018-07-12 00:00:00,2018-07-12 23:31:08
a810e7f2387b78efda518ebfd73380e8,48755ebcffac911029c4d20f6ac536ac,4,,,2018-04-28 00:00:00,2018-05-01 02:04:00
d9a6ef93f26f1942dcd7bad95efc88b2,a8b4bb89dc728493ed20fe78acdefd9a,5,Eu recomendo.,,2018-06-15 00:00:00,2018-06-16 15:19:29
b5ad099a2595e932a8d3c45625372d90,a59fb8ccaa86ed1735609ef562f2c6e7,5,,,2017-12-07 00:00:00,2017-12-08 21:28:27
308316408775d1600dad81bd3184556d,3fe4dbcdb046a475dbf25463c1ca78bd,5,,"Ajudem a rastrear uma das 3 prateleiras que faltou, só chegaram 2 delas...",2017-09-07 00:00:00,2017-09-11 09:58:09
19f6520280be69addd20b91e1f457a7e,d00e79f339bb76a1b6dbcc8cb41934e7,5,,,2018-06-19 00:00:00,2018-06-20 08:18:11
0c78c02cb7f4c2e795ba65cc22b80ecc,541c0eac677c2bba8a6417b7e9d8667f,5,,satisfeito,2017-06-07 00:00:00,2017-06-08 13:02:26
9c21a27c86009ebe9f7a160161608bad,299e8d399d78b7abc915b3d059a6c712,3,,"Só chegou uma capa dia 27/08 e a outra dia 29/08, mas constava no rastreamento que eu já tinha recebido as duas, no final tudo certo.
Obrigada ",2018-08-28 00:00:00,2018-08-30 03:24:29
65902199be4a1abc97ad5f062b1e6845,ae6bb3767e72eb4b280e50c3d46ed9ba,5,,,2018-08-04 00:00:00,2018-08-06 17:26:42
dd68eed4e64ac68b255a9140f2ec7db0,be6619cf0f41dbf6491aafc3b5a0d638,5,,,2017-11-25 00:00:00,2017-11-25 12:07:35
6601eff068e2052ce70ccf93cab38bf5,b675c85f6d0f5171914694e00382548d,5,,,2018-03-21 00:00:00,2018-03-21 23:53:58
117bf62e13e6cc324c966688cb367ce4,f086e4c6f1e932ae9d9cfe398889d148,5,,,2018-04-01 00:00:00,2018-04-02 06:50:37
39a70024b60e4ab7a195ef1c1acd5051,67796eabcf10419c4abd84d49a3ecd59,3,,,2017-03-09 00:00:00,2017-03-10 08:30:27
21683f7cd4ae17864fe29647e197e2fe,f551ed5f4c40a33b4922f6d2bd276941,5,,Cortina muito linda e delicada. Comprei para colocar no quarto da minha bebe e ficou perfeita!! Super recomendo!!!,2017-09-15 00:00:00,2017-09-18 11:03:10
5db0428467517d8eea2a259d187c8edc,9048f1cdb0bbc082cc3bdd315f052bf3,5,Otimo,Recomendo a loja e os produtos são de ótima qualidade ,2018-05-03 00:00:00,2018-05-05 11:31:25
fda6a0513db7c1a3b798b259ef73f29d,ec34503555e993a9e7e2272b563d416c,5,,,2018-08-16 00:00:00,2018-08-19 00:27:19
e43c11dae02a9f570898c76469e7deef,d4b074982e39f354c254a6b1b4ffaf55,5,,,2018-06-09 00:00:00,2018-06-12 11:21:06
cce164d04c8c741a75e289598ecee755,aba440032be16b32505c6e14bb755b0c,5,,,2018-02-06 00:00:00,2018-02-14 22:25:08
f48d5a2c57371b6ad9b81474c2e27188,8eb07b069f58b196d03364b412ae5314,4,,,2018-07-26 00:00:00,2018-08-02 01:08:29
1ed01e8f777018a33227be5073a82e8d,67d760ec323d2c9f0292ec4cdafc676e,1,,,2017-11-15 00:00:00,2017-11-15 21:13:33
7c1ed09efc1b29f8f93add04d312381c,896b228e1623e6b8f20f2b3782750d48,1,Não funciona ,"O mini scanner não esta funcionando, preciso fazer a troca do produto",2018-08-01 00:00:00,2018-08-01 19:12:15
574c9608a61eb6df1541bc0c68daf5ad,d3a2d71aecfd58b0ddd6b9d7b56ed55d,5,,,2017-08-10 00:00:00,2017-08-13 02:09:09
8a82511298d02b233295c17efec706c8,72ec88002ed159da398333164be7f876,4,Ótimo,,2018-07-07 00:00:00,2018-07-09 19:55:27
1b4bab27425a3cfafaa7f6b83e9e4450,b3206cf64b7cd1480a6c6f9912b20666,2,,Estou super satisfeita....super recomendo,2017-09-20 00:00:00,2017-09-21 11:23:49
320784679f1e88d2ca6d1674cce49b50,06c6a92df74580db95364b36aeb8f5b9,4,,"Pedido chegou no prazo, produto de acordo com o anunciado.",2017-05-27 00:00:00,2017-05-30 21:19:18
459488bd95ac30914032cc51df183618,56173a7cc04c8e7350ec2fc647c912cf,5,,,2018-04-07 00:00:00,2018-04-07 21:08:19
9d6c2f4c4c4927040cd738fba882682e,b254aaf3ccd939e570def6639accb4a9,4,,"Prefiro , comprar como era antes , do processo de lojas parceiras é muito ruim as mercadorias não chegam em 1 só dia . Acaba nos prejudicando , tendo que ",2017-08-25 00:00:00,2017-08-26 14:05:14
dcb5a99ac081043da014276823f67c51,09a0d7c2cc6f652acd3537e7a91c7000,1,,"No anúncio dizia ""Marca--- Canon"" e eu recebi um produto ""Similar"" ""compatível"". Se eu quisesse um produto falsificado/pirata compraria na minha cidade por 10 reais, não precisaria recorrer à internet",2017-05-20 00:00:00,2017-06-05 18:40:59
a3e0542f82940c2dde4c1baa576a8155,5b663e8f6d7d1dd5c03c9fb203cb50ff,5,,,2018-07-26 00:00:00,2018-07-26 11:19:44
32846e905851c460f8572acfdf292d76,d7a1546121d90a9aaae7a851291d2ac6,5,,Entrega feita antes do prazo,2017-11-25 00:00:00,2017-11-29 00:51:05
048f2c1863ecb829fa1743118faa3bc3,0a56861d762ee1f82f5cdc2de2b1f71a,5,otimoo,veioo muito rapido.. e é exelente .. qualidade muito booa .. ,2018-06-30 00:00:00,2018-07-02 18:09:28
1d4b0c599ff3a369c08f7e333357d658,8d3e2758268f6374b2402769a37c6905,5,Recomendo,Compra fácil. Rápida. Recomendo,2018-08-14 00:00:00,2018-08-15 05:17:11
71daf5177c871249607bc0fdb2fe879e,0f33fb71f898568a0193fcbc892cf511,5,,,2017-09-14 00:00:00,2017-09-20 01:25:23
7c0f3511946823176aa39b62b095a1ef,9a782f23eb6da2242a6a594ddaf8bbd9,1,Não chegou no prazo,"Fiz a solicitação de cancelamento na mesma hora que comprei, e mesmo assim ainda não fui reembolsada.",2018-08-08 00:00:00,2018-08-10 22:31:36
1301b2850906ff638d3b9d5f7a19ec96,4e49c4d84e4e416dfa56e61889b7113d,5,,,2018-03-30 00:00:00,2018-04-02 10:01:25
817ac770159ec269110a12f553d70628,bcf5665129063675d2d1006d95d3c813,4,,"O produto foi roubado do veículo dos correios. O vendedor reenviou um novo produto.Ainda não recebi, por isso estou avaliando a atitude da loja em me contactar e apresentar uma solução.",2017-03-03 00:00:00,2017-03-03 10:05:04
5fdd5af10817834c78c8de1436ddd8a9,4e0091a0a84b39634a3ecc33bdc49d09,5,,,2017-12-13 00:00:00,2017-12-13 23:04:23
0f8e2790c6eb33609495046bd6b5e9f2,7edf24d26573e36b72c670b3810ab3e0,1,,"Comprei um relógio Oakley Minute Machine e chegou relógio falsificado da pior qualidade e com a nota fiscal em nome de outra pessoa.

Vou entrar na justiça contra vocês.",2018-02-02 00:00:00,2018-02-03 00:29:22
3c0fd139e8b2f40355d7b9253e12c721,ea48f52bfae7e6ed254f9e8d052875b9,5,,Adorei!!,2017-04-04 00:00:00,2017-04-05 11:47:24
0367049c3d7c8e08b9fade8d6ceac5f9,da44f554b7c4550b0d3cd650f132d1e1,5,,"produto entregue antes do prazo, adorei",2017-09-16 00:00:00,2017-09-18 18:12:53
00340557e47d90c6c5ba1dc739de566c,f82a2055f59b4ccf07be7a6e9d52debd,5,,Gostei demais. Bem em conta e foi entregue super rápido. Com certeza recomendo. ,2017-10-08 00:00:00,2017-10-10 02:03:18
70654f5c6bca9186dc52b53f3052c055,250d181fa1c603024562b93a8f8d5fe0,5,,"Produto entregue, testado e aprovado!",2017-02-02 00:00:00,2017-02-14 12:40:21
0e9b63664a7486728c27e74c7d03a7e1,ca575ea0d8cb38ef5d4d3bdded6ee535,4,recomendo,"Solicitei a troca do tapete antes da entrega. Porém, era para na entrega eu nao receber e o meu condomínio recebeu. O produto não foi aberto e preciso fazer a troca por um tapete 3x2. Estou aguardando",2018-06-08 00:00:00,2018-06-11 16:51:18
c1369a4227b44deebea235c9f7d16681,1af002e4d9365a7809af4290ffccbc39,3,,bom,2017-09-13 00:00:00,2017-09-20 00:02:23
f20c3a21e6b9ac69584f1385a6b93c11,281adb47b408b1e1866642b03432f095,2,,"O produto tem pequenos defeitos, por ser tão caro, devia passar por uma triagem mais bem eficiente e detalhista.",2017-11-23 00:00:00,2017-11-24 00:27:08
f346435cf91d5abff8d8865e18240503,25d7504420f738317dcbb29f7e565976,5,,,2018-04-24 00:00:00,2018-04-25 10:57:37
400d1f8d4e12ea837cf39b6700cee263,3018245b4917c2d6e6ad5deb7a5cc600,5,,,2018-03-17 00:00:00,2018-03-20 10:24:22
06d59a33d8c50ca9f7e3fff4f7b2a0dc,b9d1db9d3e9608b2d37f962aaef45e03,5,,,2018-05-08 00:00:00,2018-05-08 16:00:05
36039d4e9449e14a7caf1d3cdb90c0d8,e895bb1a02c9624c774e8d314d4ad0f7,5,,,2018-07-03 00:00:00,2018-07-08 19:22:51
38d39db3305bd9649479e2b0ad9dae83,6379750dac6a8a1e11378e34278ae8df,5,,,2017-09-20 00:00:00,2017-09-21 17:05:38
8d568e3ace01c46a244946ae33ab648c,181ba9a81073ea2d653d9a7338f4cf98,3,Entrega rápida,Envio rápido porém não foi entregue o produto que estava na descrição. Foi entregue o novo whey isolate definition.,2018-05-15 00:00:00,2018-05-15 18:34:33
a56c8418684ea56582a59f53df8122dd,5f4942fc3a59f2e62ae534f981105954,5,,,2018-03-08 00:00:00,2018-03-09 23:16:52
cb9e4e54628c07f722f709236cc2874a,6631686db32c17309079cd521afd5a7d,4,,,2018-02-17 00:00:00,2018-02-28 23:04:26
e6405cfaf702182cacd26755e41dc40b,0c7f78afde3e635c59eef76c3f1a5ea5,5,,,2018-03-28 00:00:00,2018-03-28 23:48:22
c6853b9a04d5e2a64e9fc8d22aa114e2,51bb13153af861b1c5967b91c735bb8a,5,,,2017-09-19 00:00:00,2017-09-22 01:39:02
4a8f44d62252e619ea6b5c47006e1169,124e2c402e736efb7bc277e8c5a828a4,5,,,2018-05-04 00:00:00,2018-05-07 02:57:41
4306b6f2759509ea874d3501f48e6255,c71168b3286e7c26a34e005edb6a63e8,5,,"O produto é excelente, muito resistente e atendeu as minhas expectativas. Sou cliente há anos do baratheon porque é super confiável e as Mercadorias sempre chegam antes do prazo, super recomendo!!!!",2017-07-25 00:00:00,2017-07-30 18:19:50
05dde5cfdd635bff14d84de9225812a7,e19633c5f388df807021cded7372d3bc,1,,"Recebi pulseira árvore dá vida vendida por Coçar Brasil com total defeito, sem galhos ,com furos , círculo amassado 
Já reclamei muito e não há qualquer resposta
Peço a troca pelo que foi divulgad",2017-04-14 00:00:00,2017-04-15 03:49:33
7bf8cbaa4a77a3dec3e1a56741d94389,34fd3e758f03c7fe6169308d0fa11582,5,ótimo ,,2018-08-14 00:00:00,2018-08-15 14:15:04
a10cda210b8d5c189d0de6a400cb0e54,cca4026695c4b2f280bc099e58601c71,5,,"GOSTEI DE COMPRAR O PRODUTO É BOM VEIO NO PRAZO.
",2018-03-13 00:00:00,2018-03-16 10:09:07
9c1f4bd9007b7a17865214b2c6231e49,25f6cb0e242a4c0bacc239397614422e,5,,,2017-12-22 00:00:00,2017-12-26 00:01:30
22d926cae8331cc6e1b2091cd8db9a68,3b1c5a036e0412d8c9dda3d6df67782a,4,,,2017-03-22 00:00:00,2017-03-23 13:12:58
f548e12b9ca5b06b0f0949a0e9270871,4ee25083ee6cc047adea4955dce72c6d,5,,,2018-04-24 00:00:00,2018-04-26 23:58:11
6849f7723dc9e2decae40cd28a27f031,fd117d65267f58ad33d914a3cc317543,5,,"perfeito porque é bem feito e com matéria prima de primeira, adoreu",2018-03-24 00:00:00,2018-03-24 20:36:06
2d5a52f1c19d3d07240408c7789d3e70,16198b0458c017eedf2e4c11092a08ea,5,,,2017-10-03 00:00:00,2017-10-04 11:26:36
5c43964c63907c03148da5d46ca50c9a,a8011c5b1b6536063a53c05cabf56bb0,1,,,2018-01-25 00:00:00,2018-01-28 11:25:56
212a87af442f07f315eb8937c986ef92,b5da536992b01709ece25ec74fbd0ebc,5,,"Sem problemas na execução do pedido, satisfação. ",2018-02-08 00:00:00,2018-02-11 19:13:46
709ada8d6dec91d9a00b919bd83b27ce,68b37c61acb057cd5047ff23bfeb540b,4,,,2018-07-25 00:00:00,2018-07-28 02:46:15
6bb29e17d39a1d3f28fc42e19fae338b,28d30364312f8bf1c89aff3a4816eb53,4,,,2018-05-24 00:00:00,2018-05-29 13:21:56
79994d95024b6e294eb6ac15ecdcbe74,bd34db34f886a82d2f7e9214b6fd01e0,5,,"Ainda não instalei o produto, mas farei o mesmo na próxima semana",2018-01-24 00:00:00,2018-01-26 22:31:51
b889c00797f9909e07f27bc4629759f4,c6ef8f535ddcebf7bf83a7def3978535,5,,Comprei o produto e recebi tudo certo e dentro do prazo.,2018-03-06 00:00:00,2018-03-07 13:55:28
6793075d99f06d9d168e24e0d92822b7,843be4a0dcdb9716de7652d53af4acab,1,,,2017-08-12 00:00:00,2017-08-14 03:27:57
8bb77b9c669b348ffdb4673de77b9a4e,3d44f7b0d44056fcb488f7d2fd22e820,5,,,2018-01-20 00:00:00,2018-01-22 11:58:38
ffe4b0eb9c831fb681f3606b8a2d4510,de1404a068c6c8c909897886a314bad7,5,,"Produto chegou bem embalado, e atendeu minhas expectativas.
Super recomendo!!
Parabéns Equipe baratheon.",2016-10-27 00:00:00,2016-10-30 00:27:55
420b42eb6f35c9e856d269b79e0d8595,c58376e6393aab97f2ce125e6628b6de,3,,,2018-05-05 00:00:00,2018-05-13 01:16:30
b80cafc91e7ed37bcef034a9f42f2224,f1c646195f427172a9936a8d0e18da06,5,,Entregue antes do prazo estipulado e em perfeitas condições.,2017-06-28 00:00:00,2017-06-29 00:23:12
28e0341764abcb575d4d95d91ae75332,564cffd60596c7076932fbeadbc7b898,5,,,2018-05-17 00:00:00,2018-05-20 18:57:24
c5735d325536a48fb73da5c0e2b8cca8,ed0b1b983f9bd6988b9865f7e774b885,2,,"Me mandaram 2 produtos em embalagens separadas s/ papel bolha, acarretando na quebra de um. Como o transtorno p/ reclamar é grande e o valor do termômetro é pequeno, preferi não passar pelo transtorno",2018-01-31 00:00:00,2018-02-03 10:30:53
d2f7e1b41c522850ce98f80305107c34,8fe67bda0dbc9ae5101d62f494f74e1d,5,,,2018-04-11 00:00:00,2018-04-13 17:53:06
42f29ba627e5aa2900ef143fbcf4d2c3,71b99494e76e07a7deacaf4cba75afe1,5,,,2017-10-29 00:00:00,2017-10-30 15:02:36
fd582f520c76d0b29106fcef19d868fc,46ad8f532d3f76a1747288a6a5a88a18,4,,,2017-10-26 00:00:00,2017-10-30 14:55:42
09ec5d775a77d857363e4efcb13709c6,c4d21595038e045af516cfd9f1496c2d,5,,,2017-12-21 00:00:00,2017-12-22 16:46:11
8760b5561e1fad37d6f95b4eef160459,546c8958ff67b28473cf140ec32a5a91,1,,,2017-12-21 00:00:00,2017-12-22 15:35:22
56e149fcba180f05e328035ab79ecdc6,012670c73246a753cbde0a215c2b9e8f,1,,,2018-04-06 00:00:00,2018-04-06 21:41:24
385c965d16309a69095fa140007d4125,8906cb0ae3ccbd4613940de05579b218,5,,,2018-02-22 00:00:00,2018-02-24 04:12:31
dcdb1466cd4a6dab362982ecaa6849ac,615138ca15a2a7fe3059d1fd8ac364e5,4,,Muito bom,2017-11-29 00:00:00,2017-12-01 12:32:50
d9222c99cd2559ac05a5c64e710f4f92,a201a3d5774c7b81c6a50dad1be5f488,5,,,2017-07-19 00:00:00,2017-07-19 21:40:07
4c005336534ec2765a6263e9af602580,08ccf73c206d15fd2668cdb6f32b5e04,4,,,2018-01-31 00:00:00,2018-02-03 02:46:47
fd6697399b769a80a15db5d6b2f34a60,91c4a93764c64f05b6548ef057e6d3e5,4,,,2018-08-29 00:00:00,2018-08-30 19:44:00
a7dd9f04c8d3dbeb7c8687daafa006f1,ef161f48adcaeede5920308df1c280b6,1,,obrigado,2018-03-13 00:00:00,2018-03-15 19:29:19
81cda91ea35eea1d66cf69d100a13a7c,0ca492845a50b96f1143aaa61470c070,3,,,2018-04-11 00:00:00,2018-04-11 21:42:29
28ed6bbad117dfa14e05ecf79926e979,e782b3ed8e69a2cc4eff66e965c1e8bd,5,,"Produto ótimo, entrega rápida, muito bom!",2017-05-25 00:00:00,2017-05-25 19:07:24
cc18faa2753459afb765514b6661fd6d,7106145f3789df33a461a2544bc2953a,4,,muito bom,2018-07-05 00:00:00,2018-07-09 23:12:10
f05de82363e9ccc84d0da430a4d5a1c5,6cb2000475274ad7e94d1e64f840e907,5,,,2018-06-26 00:00:00,2018-06-27 10:26:36
41e3459f55b302caeecc3c100eda791a,80000ae9d118d79953522e35cce34f13,4,,,2017-03-09 00:00:00,2017-03-13 11:09:09
ecdcd7e52a9945e1c278aff29310cabd,c462a724e0a22bbc88bdecbed3ca72c4,1,,Nao recebi o produto,2017-12-16 00:00:00,2017-12-20 09:43:53
b93fd94319287ea3932e92b9f6225199,6be90258d0695edd089b1165c0925902,4,,.........,2017-12-30 00:00:00,2017-12-30 13:29:13
d8addfc78dae70e7d6a23fb508475395,183544bc98d94a996f01eb282e81ed46,5,,"Só tomei um susto pq veio em uma caixa diferente rsrs mas foi ótimo ver que estava tudo certo. O produto é ótimo, e eu amei!",2018-03-22 00:00:00,2018-03-23 19:08:56
8757f5e0a1f891b890039b0d95c321c8,4551b488487e6cfa31f9e35073d3c5d4,1,,"Fiquei muito chateada pois deixei de comprar de outro vendedor e depois de muitos dias recebi um email informando que o produto não poderia ser entregue, comprar e não receber é muito chato. ",2016-12-09 00:00:00,2016-12-09 11:16:13
fd9aaec05154bd09abfe738044f3994d,9fc6440104c0af2d54ef7ff9e71703eb,4,Recomendo ,"Recomendo com ressalvas. Não gostei do acabamento. Mas a cortinha é bonita, apesar de fina!",2018-04-26 00:00:00,2018-04-30 13:44:24
d7b9e9e361b04a1893f73db335042e35,f05ef3ecdb7796d93e204c0a7ab76759,5,,,2018-06-07 00:00:00,2018-06-09 23:11:53
d1a7751316193fa90405e4c961547be2,712c3c76ddb4bc5fc94f6643096cb289,5,,"Correspondeu a minha expectativa, embalagem, bilhetinho escrito à mão carinhosamente. Perfeito 😉
",2017-12-15 00:00:00,2017-12-15 20:31:08
ba0a232802074ff5238afcc2d1d201ea,f32423da322088b5d4bb9b249496f84b,4,,estou livre dos pernilongos. amei,2017-12-21 00:00:00,2018-01-07 14:06:19
17a87f2dfcedc93554aac5f71d3f4129,c1d91e3480554147fdc3523ddd32409b,3,,,2017-07-27 00:00:00,2017-07-28 17:56:03
60616e2c3ce6b18250554d682c339a93,62a4fdf762d5c41efd4bb2418f236e9f,5,,,2018-07-05 00:00:00,2018-07-08 00:29:15
fa670bca715d3b533ca47e1eab5d56a3,69077141219d094a1413c873be09cc9c,4,,,2017-11-01 00:00:00,2017-11-01 21:14:13
a85be3e15eaff6bd42424a6998a3a6f8,b9fc38dc43975b35f66bda2a063c2207,5,,,2017-12-22 00:00:00,2017-12-22 17:25:07
466b440bc1e0ca38fe67cfbd53ed3c56,42c8c432478c96a21d6b78c5350ccd28,4,,,2018-08-07 00:00:00,2018-08-08 22:58:02
a8b63e1292141b8158d2f87355b15686,e0043b9e113bdc5f84b14893d62e00ac,5,,,2017-12-01 00:00:00,2017-12-04 00:13:56
b86beba268b9c5893198a44ae7921cf5,1fe230babd9febb264d12c9f2977820f,5,,,2018-05-04 00:00:00,2018-05-07 22:44:40
99bee746cf0a800d4ef49561fa94b3f8,def30b257b8f2ee7c3a6c8ca06695ddf,5,,,2017-11-15 00:00:00,2017-11-19 16:29:37
8f6382f2af974133ff0bb61abaa3c2dd,c11c9be46e58763df468f1b5521acf37,5,,,2018-03-07 00:00:00,2018-03-12 11:24:44
b8cee4f2fd6165e9d850b25be4c7a7f0,c52d58426aab3759ad2cf6fcb69e4add,4,,"Recebi com a caixa já rasgada, mas estava tudo certo, obrigado!",2017-08-22 00:00:00,2017-08-22 23:41:53
840b5b3e721b62bffddd1fb843f2a9cb,19230cac8f45f89fc992b4048422b72e,4,,,2018-03-07 00:00:00,2018-03-09 11:16:51
ecbda2108f777627d14ad12c57f802a6,87e83011a777a162b7aed42805bdd778,5,,,2017-06-09 00:00:00,2017-06-09 19:28:10
7aa2d4e5d17fea931b9e7f62ebd59ad6,a50b31b881b695923b9ebb3685cf9684,1,,O PRODUTO AINDA NÃO FOI ENTREGUE NO PRAZO. O QUE EU FAÇO???,2018-04-05 00:00:00,2018-04-05 04:12:48
1d2accebf50f92584820047b910fee75,51d99333bb2215b763043750f030dce5,5,super recomendo,,2018-05-15 00:00:00,2018-05-16 11:55:28
edfc019b532b51267fa4833a714b1cc4,1d35b9b8088b6c9e1fcff77fdb44ef53,3,,,2018-03-06 00:00:00,2018-03-08 21:42:02
4dac17e3f94719863a4cc9cb0a64825e,6f893071ef9c8c6854e6e83921d2135e,5,,,2018-02-09 00:00:00,2018-02-09 22:21:29
076203ce8dc1f2cd63b81fc4c67cf370,4013e92991ac3a8e8dd249db406f2a80,5,,"O produto chegou antes do prazo previsto recomendado, muito confiável. ",2017-12-17 00:00:00,2017-12-20 00:29:38
898c87fc7abf4353b4c82e98fae8c449,ca7296a83aa279afb28c2388a4f48891,1,,Quero meu dinheiro de volta ,2018-03-09 00:00:00,2018-03-09 09:22:42
800216644a719fc22449f330921bc435,3951227294406e4a8f10d726a82027a0,4,,,2018-01-23 00:00:00,2018-01-24 00:29:35
7dbac88dd924fab7eb7f1e32288671ce,95041d0854644b3f5210e99aae26234c,4,,,2017-08-16 00:00:00,2017-08-16 19:48:17
8a80875f1c32524e4563986f4c23d256,00f324f6ec332cd73ef8be4888573662,4,,,2017-07-18 00:00:00,2017-07-21 23:34:53
3a6f77dc00fd23f1f776945c3a7f18ab,e6e33920ebe2e3442b4c9cf86d4721aa,5,,,2018-07-27 00:00:00,2018-07-30 10:43:19
060e1ac819a94ce82c9c18bc24b0ffb0,89babe508d7970dd64bc5c43f771e15b,4,,,2018-08-30 00:00:00,2018-09-04 20:17:36
60d7acc9c24c48d276a7eafc30338425,0aeb20ab92028bf31d5d8b2314b03092,5,,,2018-02-15 00:00:00,2018-02-15 19:40:13
424ec901809a526a46915448cd6b6a85,04a772c0620384a8776c4fbcf4af5c01,5,,,2017-12-29 00:00:00,2017-12-30 01:34:04
6943b547823c4f9cc7eb7ffc9c41fb35,076f1fe978468db6b826f40f714da65f,4,,,2018-06-12 00:00:00,2018-07-01 01:23:38
cdce7922e171b11c299dd39998dbcbae,95c9b6a458336c5de68ca8d1ba553078,1,,"Pelo que parece o produto foi extraviado pelos correios / carga roubada , e simplesmente não tenho nenhuma explicação ou retorno da empresa. Já tentei contato com as lannister e protocolo.",2018-03-16 00:00:00,2018-03-16 17:20:19
0d75b37580942d4a2aa611ba76f76b8f,cd16e890b276ec7a7e2e93ba379339e1,5,,,2018-04-17 00:00:00,2018-04-19 01:03:52
3ab794c31a69c4dd9defa0595803faa3,8b3bda465a61f930742d256916d1d7d9,1,,,2018-03-31 00:00:00,2018-03-31 10:00:55
e1db3dfe4999562ba222a60c4919e389,0b4bb296de7b6b5d24103fdd585b1241,5,,"Fiz um teste e é totalmente impermeável, muito prática.",2018-02-24 00:00:00,2018-02-26 23:35:58
9ffa8f9f84cb959dda1089b869e7d1e4,eaa10b1bfc8e98b22d99dc4e96ef6a83,5,,,2017-12-06 00:00:00,2017-12-08 19:18:58
8a24ba7bc68d953c262c6b329d123420,c9e55382f594e06306eb0f4c3b3d0418,5,,,2018-08-21 00:00:00,2018-08-22 00:50:31
4c9ff2fd5f6c682d311ce14f9e2d92b3,bfaa65d09b9fd34aa36a23ad90fa7db3,3,Última compra,Apesar do produto não vir ao identico da compra realizada pq tenho o print da balança eu recomendo a loja mais agora com um pé atras,2018-06-29 00:00:00,2018-07-05 15:01:22
3c4d133fba02193781e7b3eea70bde56,81694353e4bd6b9c70314404bee7367e,4,,"ainda estou no aguardo da compra - vou verificar hoje , na portaria - por vezes esquecem de avisar portanto não posso criticar nada.",2017-07-11 00:00:00,2017-07-12 09:39:30
8b38ee337a12ef70eb5a44d296c1ead2,db62e0a0d6c8476c079bda2174228551,1,,"A loja não cumpriu com o prazo de entrega informado, que seria ""até"" 08/08/2018.",2018-08-10 00:00:00,2018-08-11 11:41:30
358bd6c49765a7517f4a4e7a2f5ca0d6,f175c06d9a1a1c98a7ba8dd83950718f,5,,,2018-06-15 00:00:00,2018-06-15 14:36:09
7a291b4e979ec1a96c4ffedb1d2ff5cd,9479e50557f3b752df0424164eb69604,5,,,2018-08-25 00:00:00,2018-08-27 19:23:09
0a0c72ed700c4154c9d9a9f2773c5f2a,b469d27d92d32ac0ddb615a295f2e9c4,4,Para o bebê,"Meu bebê ainda não nasceu, mas o produto parece muito bom. Vem com um manual de como amarrar, deixando bem fácil entendimento.",2018-06-08 00:00:00,2018-06-11 11:07:53
6620eca7ec497a7c019c1b38aee71cfe,bfadb548852a3f28f3beba2245ccd552,4,Show de bola ,"
Minha esposa gostou fica muito legal obrigado.",2018-05-23 00:00:00,2018-05-24 23:57:57
d2b8f267fe502fdce6f7ab281769a641,c8b5282d408a1646c2b36a65f3d6fc80,5,,,2018-02-16 00:00:00,2018-02-19 02:02:55
6cd550417b0d2d01329b5cc4233da170,1f4afb6af12ea20394e93372d90fb7f6,1,,Realizei a compra de 3 unidades.Mas qual foi minha surpresa ao receber a caixa.Havia apenas uma unidade e a nota em anexo constavam as 3 .De imediato entrei em contato com os Correios .Me informaram q,2018-02-08 00:00:00,2018-02-09 06:15:46
5bf75af698c97f55859a3bc4ac52598d,f51e24deeba8f9a5f94706e82a2f8ea1,5,,,2017-08-23 00:00:00,2017-08-29 01:48:13
c1a06ffb508fce7448cf4535f8f72eb2,909965523288fe78ac1a381314d6811c,5,,,2018-05-03 00:00:00,2018-05-05 21:32:24
69df2d7ff1218bdf32978e6f6fc4f32c,4ca7011605c977cd69c1e1706625e98b,4,,,2018-04-04 00:00:00,2018-04-05 01:12:33
6ce434883ab672c5f6e019058e012a43,e06ff711ddcab05c3651a9b1bb003950,4,,,2017-03-16 00:00:00,2017-03-16 11:58:31
153393ceddce98f4492128cfc5252d49,ec07555943e04d757937a8bea3a75ed7,3,,"O produto que veio não vale o que paguei, mau acabado e irregular.",2017-11-28 00:00:00,2017-12-01 13:47:50
e253b755ab4e38930312e2bd7cec1805,ce8502b200546c12a54e51a65f313f34,5,,,2017-04-08 00:00:00,2017-04-10 11:00:56
0579119fe09c78e401321470a1348354,d1bca6bd89a51ad2a0753b608c06f469,5,,,2018-03-29 00:00:00,2018-04-01 00:56:09
704821c04c796202e980b002e69be87e,5dd65924234c78a809ec526f2530259c,5,,,2018-06-16 00:00:00,2018-06-19 09:31:42
3cda46ccd7010d5be20f36f02ab42207,baaaa6a46bf8f53d113193a6a23efbd4,5,,"Rápida entrega! 
Com certeza comprarei nesta loja novamente. ",2017-12-27 00:00:00,2017-12-28 02:50:52
fd264f22fcf0f7e65d3be132cdf441da,38b80ac02e3ce34b306483fc57a33bc5,1,,,2017-03-21 00:00:00,2017-03-22 03:02:26
3aa12a842315c38fe80754cb16e30bff,b1bb317f7d7fdeefca25499d3e62cb48,4,,"NÃO ERA EXATAMENTE O QUE EU QUERIA, MAS SERVIU",2017-04-05 00:00:00,2018-04-07 16:21:56
e204f2548765e1cf0e378b2eca63da7c,63773910895f35751c9a1eb0ba5530c9,4,,,2017-09-13 00:00:00,2017-09-16 05:42:23
061fe812623750a321d1137115ae4b76,63395e53d28e53559462a08ceb1b2df6,5,Gratidão,Grato pela entrega rápida e pelo produto correto!,2018-08-17 00:00:00,2018-08-20 10:21:08
71ad01ddd18976bf701854e8b6cdee2d,fee9afa24ed743a26803c4d03e8ba5e1,5,,Tudo foi entregue em perfeito estado !Antes do prazo de entrega ! ,2018-01-10 00:00:00,2018-01-11 00:22:16
439efbdafb1f5e6d1df0d831f175e22b,3f1d249edba2aa6c515b7d62c5b0641f,5,,"O produto chegou beem antes do prazo, bem embalado e sem problemas, recomendo o vendedor",2017-06-20 00:00:00,2017-06-21 03:59:37
84ae25c6042428f63483d6a4a69d1796,7b9f5e24a87d548effb470329e3705ea,3,,,2017-07-12 00:00:00,2017-07-15 01:02:47
a013b1984eb586c597633b8a48c7e332,2c203f4297ffa221e33a90171c24249d,5,,"Otimo produto, chegou antes do esperado.",2018-02-08 00:00:00,2018-02-09 02:16:06
19c2fb52e10849b08f94a32233021548,5be887c26e086c8cc169b70cbc9afadb,4,,,2018-05-19 00:00:00,2018-05-20 18:31:20
bcf0b4fdf5851615e2c56b8e30736ce5,479374e6d18c89bd20eb4c80cc291fc6,5,,,2018-06-23 00:00:00,2018-06-26 00:09:27
a7081be8b504ba4a7a211a48203f2fe9,e13d1b8079da63aa71fa8ad68b3c3586,5,,,2017-06-09 00:00:00,2017-06-12 14:03:53
6cd2626a614f2d0c8034b8a37fc95d0b,149e467b7d8c16156fa0810e8b4e1e8a,4,,Foi minha primeira compra dessa forma por iso não dá para fazer uma avaliação exata ,2017-04-18 00:00:00,2017-04-20 23:24:05
f388b45bbb2f229f0837218d0a774658,057a97c066cbaf1feaba87f5422ce04a,5,,,2017-06-14 00:00:00,2017-06-15 11:53:20
4a3e8cbf7097bbd9232b22ddce00742d,231184521047214c5f9a91d0cfa84df5,5,,Muito bom obrigado ,2017-10-31 00:00:00,2017-11-02 12:18:38
a43298c4d5c13fe4287f1afccd533752,eb57972c6cfa3067ea9b140a6d16a985,5,,,2017-08-10 00:00:00,2017-08-17 20:12:23
306ef85f23dee750fe54aaec1be47d4a,f4189fb0552533573aafaecb8f254dcd,3,,"Esperava uma qualidade melhor, porém é um bom produto.",2017-06-10 00:00:00,2017-06-13 02:13:58
f58ffc61a4d30e1f3e89d0992fb97295,a6fae08670367e0f76ce493d39681ecb,4,,,2017-07-04 00:00:00,2017-07-04 16:26:09
0422149304ab53d020dde96d2ef94c33,c0567ba9f6736e00d05c404aac7c9430,5,,,2018-07-11 00:00:00,2018-07-14 10:41:49
386b6be6b7eeefb58f23bdb731e27a16,cb7911a7f5f016586dcdf66a52c1f096,1,,nao sei como posso avaliar se nao recebi a mercadoria,2018-02-08 00:00:00,2018-02-12 23:41:29
0f31febd029469d23205b09d2b6d0b02,56ac176cce8cd75ac6c33592cfdea88b,4,,,2018-03-07 00:00:00,2018-03-09 19:27:09
913f00b1c92f49e78eb87ee447ae7fd8,af7c926b8eced0da2df66d8ec2af192a,5,,,2018-06-13 00:00:00,2018-06-16 09:44:15
65832f656dc99d8485c7554135c5d5f7,1eab72eb166f0f84fb07b37a5d044f56,1,,,2018-01-06 00:00:00,2018-01-06 09:58:44
2efacc274da6860e7e1c4265c5491cb4,42d23fff3eee93c6c3b0ac65d3ca1e93,4,,,2018-07-06 00:00:00,2018-07-08 15:18:31
954f5cd113cd5b0d23fed2cd1a848564,5075b9e252eb0b3f1350f282c94a82b0,1,,"O produto veio errado não tive nenhum respaldo para troca ou devolução do dinheiro, infelizmente terei que entrar com uma ação judicial para resolver o meu problema ",2017-12-13 00:00:00,2017-12-21 22:07:54
315ba0b0107f81b4bba5059c266c926d,31c97425f34d48507d57e56e0ec2986b,5,,,2017-09-17 00:00:00,2017-09-19 16:37:25
57e11046850d4c9606a1aa1ce7ea7af2,b209d9ebeffc9e2d9792355b594c5b25,5,,Gostei muito da promoção e do prazo de entrega.,2017-11-30 00:00:00,2017-12-01 01:10:37
9bece2daaa935f4aa0470a47140f498b,8d4c9cc7b0041efac926c3c47db0536e,5,,,2017-08-26 00:00:00,2017-08-28 21:07:53
976bb499880eb3830b527dfa58758c94,a49bb03badf724e5180699f77387a444,1,,Comprei um produto que esteva anunciando uma coisa e o produto não corresponde ao anúncio,2017-05-26 00:00:00,2017-05-29 11:31:52
99057c6eea60e2a5d417aa2e8652e82e,3d4c76f6e4847a2c342255c5467d3996,3,,,2018-02-16 00:00:00,2018-02-19 19:33:37
762e6d4663840a72a62ab42c517610cd,ee43c2648eadad1558b2e3130b736c7c,5,,"Fui surpreendida com a agilidade na entrega, lannister a melhor, quanto ao produto, design muito bonito e funcionamento ótimo, valeu a pena comprar.",2017-12-08 00:00:00,2017-12-10 22:51:17
437665b40a64d9929387be8141e3d0a2,1441bdf56d9316c4649d04ecf5055bf5,5,,Entrega antecipada e produto lindo. ,2017-12-14 00:00:00,2017-12-17 13:39:13
b790ae0237b00dd2c0835f66d449bbad,0a0f50037a1e1b7c239ac621dbd8a03e,5,,"Recebi antes do prazo, a embalagem foi muito bem feita e o produto funciona corretamente.",2017-10-03 00:00:00,2017-10-03 23:50:20
a671b93348a5dac5e08e292d8423b666,6acf90c38bdd8b8c40950b821624787e,5,,LOJA NOTA 10,2017-08-03 00:00:00,2017-08-07 16:11:05
3afaf18d4ddd28fdb1c9cb4d665ad9fd,906fa2ba215b24e3888dc3f8c0950f78,5,,Mercadoria chegou com 20 dias de antecedência da prazo previsto,2017-07-26 00:00:00,2017-07-26 19:25:16
f331dd1543d366942d1e9e13b35f0dd5,151137bf7ab537c1a2da6bba1368d87d,4,,,2017-09-19 00:00:00,2017-09-22 10:29:28
9ab38ffe083a6a858c7c78ad89cc8fa6,b87f290b049eb668936a0f94149a1e2f,5,,"Rápida, Pratico.",2017-05-30 00:00:00,2017-05-31 13:40:27
1f2bc6823f575f52178a28cfae86ba81,055b200c986fe0efa2547b28241c3318,5,,,2017-09-07 00:00:00,2017-09-11 18:14:28
43e74c7149e82dc720a4e96cb8c78b28,53a24a678d0e83d0d3c718528aa0aece,5,,Recomendo!,2018-04-25 00:00:00,2018-04-26 04:21:33
cc41f3fb112d4dd181bcda6e481fa895,5b7aed674843fc9b20d1c4cef543a761,3,,,2018-05-19 00:00:00,2018-05-21 18:59:31
3940e7e2d72a3083786d6b4d236c43ef,feeafa1686889fcf9d24e97b81c34f63,5,,Serviço muito bom assim como o produto,2017-09-28 00:00:00,2017-09-29 11:21:14
36578ceec2a51f6fa5c7951afea394c2,db9f2956d5aa9406afedc858c51c2f5f,4,,,2018-04-04 00:00:00,2018-04-07 08:16:43
a43b23d52c7e60692b1bcbca0ae12c8c,82905f4b411a687464762216db4424b2,1,,"não esta sendo eficiente, me deram um prazo de entrega e ate agora nada ",2017-12-16 00:00:00,2017-12-16 10:25:26
07a4c0fd1d3bc16284492825bdd62bff,7b78cc6982a3e84c736e54249ed7612c,5,Elogio,Entrega bem antes do prazo. Produto de excelente qualidade. Recomendo o produto e a loja. ,2018-08-05 00:00:00,2018-08-07 20:28:54
bac7513c6a4d3ad5a2b4db0461c79eef,96b796ae5c66cfff926cfe95448f1d85,5,,,2017-06-13 00:00:00,2017-06-16 10:20:27
c93f4a434012b47c7f007d4566d53cc7,535c025843acd3d8c280a3b32f77a1f9,5,,,2018-05-18 00:00:00,2018-05-20 23:25:01
74806a928583ab603d6fab15f846b00f,295bbf539c1fe97db23dffa5e84387ad,5,,,2018-02-16 00:00:00,2018-02-19 16:25:46
03f601d6a3601ac6abb4bf6da63ed308,b3ba8e02d55ded05adb8e54c09cadd79,3,,,2018-03-24 00:00:00,2018-03-25 14:46:22
c8a569aa89b57ea3f138777d7820890c,8501926dd0837d694fc5af339c02a6b2,1,nao recomendo,segunda vez que comprei o mesmo produto e nao recebi site ridiculo nao entrega o que vende quem quizer comprar compra sabendo que sao enganadores ,2018-08-22 00:00:00,2018-09-03 21:51:17
2dd7d1c68ae82d39f3696e20cb9c1a3e,2c6e3395e4f4716fc4d23742912ff80d,1,,ta demorando a entrega nao resebi minha compra ainda,2018-03-24 00:00:00,2018-03-24 04:48:02
0e2023d49b13eebcca2fb73a1332466d,0478ce23b7b39ac01b3bbd39109b083a,5,Otimo,,2018-08-18 00:00:00,2018-08-19 17:11:54
25ab49cf96b68eaf04511d3e33b2afe6,95e9a74f93bf0b409758d0e5a5765f12,4,,,2017-03-02 00:00:00,2017-03-05 08:35:48
6d6fb11ffa21fda32e6273e0476c4183,308b7e21ad330aa50c1c7a9987437a53,1,,"O produto não serve para a Side by Side SS77X, conforme anunciado.
Já solicitei a devolução.",2018-08-04 00:00:00,2018-08-06 21:37:55
89a8e978214d038882dc2379f95117ae,ca7a62dce548a9bd31b4fd4f12af30d8,5,,,2017-06-15 00:00:00,2017-06-16 16:14:43
f81360e59ba74ed312880ccd23bf5a75,bc5089284951e16d020460e18de85fad,5,,,2018-03-28 00:00:00,2018-03-29 02:58:51
1a3ad833a72fe2d0e4c4ee07cba05395,356108ac93685d12f65fe827e25bb138,4,,,2017-12-27 00:00:00,2017-12-28 12:40:41
55c29755b80c9780aaca81f7174eb3a3,b488199329eb003825d6c439a19b58e8,5,,,2017-11-30 00:00:00,2017-11-30 14:40:45
052c64b6e57759156483ab85dfd7e0d1,ceb35b18f6b84c1c75f02859ce3160d9,5,,,2018-08-07 00:00:00,2018-08-09 21:01:46
8136540db17d0c363b6ba4200ae06096,ca3a17e05aaef4739aa16cc63be8a117,4,,"Recebi o produto antes do prazo previsto, e tudo em ordem, porém, após 5 min. de utilização, o massageador parou de funcionar... já solicitei o cancelamento da compra e estou aguardando a retirada.",2017-08-05 00:00:00,2017-08-07 13:20:44
c5b6b6ac8a0f5a75b16ab4bdef1fec3f,d8c441318d48082352e8592142db807c,1,,"Ainda não recebi o produto, além de ser um prazo mega extenso, não cumpriram com o combinado!

E aii???",2018-03-14 00:00:00,2018-03-14 11:39:53
67fb20dc9e2c26bf256dd43fedd44687,5f82563eed1525084af012688a78398a,5,,,2017-10-05 00:00:00,2017-10-05 23:09:15
59415b56802117abcb1f77dc8bb1adab,9f9b0cf9d794e40cdf1c4cf909d65ca4,1,,"Comprei para presente de Natal dia 27/11, ou seja quase um mês antes, a promessa era dia 22.
Portanto não me restou outra alternativa a não ser comprar outro.
Portanto esse não preciso mais, ",2017-12-24 00:00:00,2017-12-24 11:15:04
b1a7e6bea48ebd760453f2975eb5c5af,06aa0aa8c22027ebb953d501c4238512,4,,"Produto um pouco fino, mas o pelo é de qualidade ",2018-04-28 00:00:00,2018-04-28 21:44:32
56f27557075595bb413c67ee7f76cc67,a197b35f219e5f959cad58cc5a229678,4,,"Produto chegou OK, apenas vi que o cabo tem somente 14 pinos, ainda não testei o produto porém acho que não terá problemas..qq coisa, envio maiores informações. Abraços!!!",2018-01-11 00:00:00,2018-01-16 19:42:08
ecbfcb456359c851e1364e1ffc96a2fb,12d8f84b2205c7654fdf6768718d243d,1,Horrível,"Produto falsificado com sinais nítidos de pirataria. Além disso vem vazio, sem tinta...Pode isso Arnaldo?",2018-07-11 00:00:00,2018-07-12 11:36:20
cfb31263de2246ed7d2f49941b5b9649,85d1f27ce2b79aafb89810ff41fc3e72,5,,"Gostamos muito do produto!
",2018-01-04 00:00:00,2018-02-04 22:26:51
c61cc22a75a978dde0539e97abf19814,1583de3d51014f31277a5ba28511c32e,5,,"Otimo
Rapido",2018-03-25 00:00:00,2018-03-28 20:05:25
923169a6f4d919aa195de10658ae11c8,e030f5da42afc3b5b81b24d7c4d1bcb0,5,,,2018-01-04 00:00:00,2018-01-06 19:23:32
cad14db3d51cf2314ada682556ee1400,cdddbaf91f8abd761e51c7d5f035695b,5,,Entrega foi bem rápida. ,2017-11-21 00:00:00,2017-11-21 14:55:48
ae006095f119a4396259b1275c829ccf,5617a131d53f18d61b0b90a2d279e820,5,,,2018-03-14 00:00:00,2018-03-16 10:46:26
09d4d315506103ba301225a0f38c2999,27d59d6c52a0d2dbb8e2ea86ff71f962,5,Bom,"Tudo veio nos conformes, obrigado!",2018-06-19 00:00:00,2018-06-22 21:25:34
de7266f6e2df603b6d2733b60cbe2ce3,11921adcbd013757ba6f287c03929bb4,5,,,2018-05-11 00:00:00,2018-05-12 23:17:18
7c22a27f4ec86d16a0ab34ade48f8aec,69949f70025210748c64e8271bc63520,5,,Boa ,2018-01-25 00:00:00,2018-01-28 08:37:30
f63c4341c967b3a69fb2f31e12c2b171,31ca199ff8e0748b9d065f1bfa90450b,5,,,2017-08-13 00:00:00,2017-08-14 15:25:47
f283701ca2aec20441f77f3a0cebe820,5f0204c837c9b96a76c8da513f40ab17,2,tamanho,Pensei que 16 cm fosse o comprimento do menorah (total do espaço entre as velas) e não a altura.,2018-08-09 00:00:00,2018-08-13 17:52:46
5395e388be6105b6a76ddcce4557356f,6390d8596b48fe36ecbd508af3770dec,4,,,2017-12-06 00:00:00,2017-12-08 11:27:16
e782b0fcb31134326818ec162535e15e,01946da9e2db8bab61d79296c037ee1f,5,,Produto atendido conforme divulgado. ,2018-01-26 00:00:00,2018-01-28 22:31:11
0a73b08b110ceaa9722717b2f551fa81,bf663339c2578e920e49cd43f61ada03,5,,,2018-01-27 00:00:00,2018-01-29 17:47:28
2a88c4493a4649be3857ca112ba1e646,ae2756437d2b0a5f0c9702d7ea130e41,4,,Bom,2018-02-28 00:00:00,2018-03-16 18:11:43
b588636a93a2236b329dcf25301ce4e4,57a382ec5b2ec69093d3bdc7de3ec927,3,,"O produto foi recebido corretamente, dentro do prazo mas achei curioso o produto ter vindo sem manual. Restaram dúvidas se realmente é original. Fico no aguardo do contato da empresa.",2017-06-09 00:00:00,2017-06-09 20:05:50
7dd542cbed64e83a78d4944ce5ecd5dc,deaa78be2b1ca6ec321fc94b91bb9e32,3,,Frete muito caro,2018-02-16 00:00:00,2018-02-24 00:15:20
28304ac6f3673ac20d1013fd01742f77,5b74abebfd5bc1d137d7ade71c5cfd36,5,Muito bom ,Muito profissional a entrega. Perfeito! Ainda teriam 3 dias para entregar e já está na mão. Minha filha é quem agradece. ,2018-08-29 00:00:00,2018-08-30 02:09:31
55710f013a1467565dfced549f761936,b374364a416f6bd7a376e466e60415a5,5,,,2017-03-15 00:00:00,2017-03-16 12:31:37
23c52934550c4f702416f0a81af93e3a,7747943a54b29512ff1101e3881e5df9,3,,,2017-08-25 00:00:00,2017-08-25 21:38:48
fdd66d5025ff7bedbda59f70c52efb80,8ecf44036c8ef6743d6bc46fb6d40af4,5,,,2017-07-29 00:00:00,2017-07-31 20:25:15
e75b1a9792d689b43fc989de8f259047,6fc4efdbd3590258aea33eda644ecb12,4,,,2018-02-07 00:00:00,2018-02-14 11:57:15
46cd01b9bdcb59eee76e117b0635a6ee,9cb3bcbfa845d21d90a540b8a8e9eff8,5,,,2017-09-09 00:00:00,2017-09-12 14:54:59
e060d683fbec3059d25a57b7648cff9d,3a73a24fa6a0d8ffd462fb4bb62e66fc,5,,,2017-12-28 00:00:00,2017-12-29 09:53:04
26b9f0d388ce80b14412243d6aff39ae,52d66d69f14ca67b1764e6ca25025a3f,5,,Amei o produto..recomendo,2018-02-09 00:00:00,2018-02-11 19:07:41
02284c831b6710cae27c477cca3b2d72,02ff3675b59b53ca5cdcb2b6752aeea1,5,,,2017-02-15 00:00:00,2017-02-18 10:26:23
83e700c660ba0e436915af8026f2df14,bb31e0bc46d4bf098ba2bea9092a59f1,5,,,2018-08-11 00:00:00,2018-08-12 01:41:30
f3cf12ddcb8a5af76829998375f6ea82,7a5ff6680378afabf6b6a1e75bff8b8c,5,,,2017-10-20 00:00:00,2017-10-23 10:31:34
10630c7a4385bed89d985a043a7d9349,660e589af9553d75506968867c922d91,1,,"Solicito a troca do produto 
Recebi o produto errado 
Solicito a troca até dia 8/2/17,
Pois o produto é presente de aniversário de meu filho que será dia 9/2/17",2017-02-03 00:00:00,2017-02-06 10:24:07
bc8737fe88d7e77e5e7746c5ad074378,1f0e3e7a13d98443333a705e4ea42148,3,,,2018-08-31 00:00:00,2018-08-31 09:54:51
2a764109f72587a5e89da3f8aba55e27,d98222e2d133bcdcb2352eb1161ddd30,5,,otimo,2017-11-30 00:00:00,2017-11-30 13:01:40
bc0f3ecf6d0eadae3a2fbcfd6bda04c7,bcbc83ec3dc71750aff96a593b9e280f,5,10,,2018-06-20 00:00:00,2018-06-25 21:35:59
8a493eee2ee69a5a6884b5aee2a8fc44,020aec76c43508e4214579c52c1133f4,5,Satisfaz perfeitamente ,"ótimo produto, alem da expectativa.Encaixa perfeitamente no mandril sds plus",2018-07-03 00:00:00,2018-07-04 20:35:25
429ead0d8a254dff6f01ade32794c07d,f40d3749a6d621bb95be74a8ce79e06f,5,,"produto original de qualidade, lindo, chego muito antes do previsto, transporte seguro, uma das melhores compra on line que já fiz, obrigado.",2017-02-22 00:00:00,2017-02-23 12:41:31
f814e5a41c4fd5730c29fccd9c6bb3eb,832e0a03685bfc20477ea18436e023a2,4,,gostei de comprar nas lojas lannister e mais barato ,2017-06-08 00:00:00,2017-06-09 10:52:33
e9e8c064fb1da39c68faa533157a1f54,5d08d050576ab268270b7c0956c6f162,5,,Muito bom,2017-12-23 00:00:00,2017-12-25 22:25:27
eb31d674781e7775ca28084e0fe2ea8e,a5274036a39a838ac50a4efaf8d0d66d,5,,,2018-07-26 00:00:00,2018-07-31 13:23:23
122b32ac58c98ffe19a6de910bfe2326,e0e1cc569a1f7a8ddb27bf2c4168e479,1,,"O fone nao recarrega, nao segura carga..",2017-12-23 00:00:00,2017-12-25 18:58:33
05c95685d9d485889627e38c749ac65c,7db5f2eb8f5f54db9f9e71ba4296bcbf,5,,Produto chegou dentro do prazo e a qualidade é excelente. Recomendo.,2017-06-15 00:00:00,2017-08-01 13:54:22
7759ffa553d5a22db18dc55cd248e9e0,f8046b5049a674585e048bb954e3b494,5,,,2018-08-29 00:00:00,2018-08-31 01:51:19
9847ce63174143bf3a1ae38bfce940fb,b07d2a68cc3e97e707eb42d213983c66,5,,,2018-08-16 00:00:00,2018-08-16 14:59:37
9a5884147bbb7bad43c9e391fa4893d3,d5cae76a3a1157f7947579bf8ae13f18,5,,Sempre é bom comprar nas lannister,2017-06-03 00:00:00,2017-06-03 23:15:39
14ae17eef4986f72f2f346449ef66add,6e63da4fe4b91fb176f19e6830dbd5e5,5,,,2018-01-10 00:00:00,2018-01-16 21:58:46
edada860584e48a4ad8a29699c2d4609,92f4f749aa508d58dee50d9ccdb6c9dd,5,,,2018-07-25 00:00:00,2018-07-26 01:59:37
8f9dce740525b435ab3f4963f5c4fd3e,e354b2d0793a71a63da3f45920085835,5,,,2018-02-08 00:00:00,2018-02-12 20:12:17
98a3d398350fe29005e23133e52dbe46,e22de883eaec82ecd47950dffc8e63f4,5,,,2017-08-09 00:00:00,2017-08-10 13:48:34
5662ae1507019a819650aa2c45d09005,6ae18793b39ea298718417881aca431d,5,,"produto recebido e funcionando, muito bom.",2017-08-18 00:00:00,2017-08-19 11:22:36
517bc634e0c9979d4ce2f7e22a2b9878,c6da58c3b564bd7fe69eeef7c5e89593,2,,"O único problema foi que comprei 3 pote de banho de verniz de 1kg),e só recebi 1 pote de 1kg.",2017-06-09 00:00:00,2017-06-10 12:13:10
254678842ac8b22cf557b91105b760e7,46c820acb13d40759d9cf3941fb7a47d,5,,,2017-12-13 00:00:00,2017-12-16 14:08:40
e5fc5613156c8f53b09c48edb1a2164e,ee605d7a4828562e22bb239357c81830,5,,,2018-05-23 00:00:00,2018-05-26 15:16:01
923ea91b17cf4616cdb2a4e7d7665613,9010d348aa74847c4c49baf5e87c15ce,5,,Produto entregue conforme anunciado ,2017-04-05 00:00:00,2017-04-08 12:34:05
ec380f062c8ff0e10dfc8aa066fdcc39,b1600c1915c18f85050002d08b6274a3,5,,,2018-05-23 00:00:00,2018-05-24 03:14:44
fdb31dbd29c2c793dc133113f1743e70,65c681e03f100e0ef15a100838d6b357,4,,"Produto entregue antes do prazo, satisfeito.",2018-03-29 00:00:00,2018-03-31 21:06:02
748a7105739819685ec4fa87be4da715,f6cf8d4fd766fb0bd2d664fbbc94e9b7,2,,"Recebi o perfume, mas veio sem o selo da Adipec, não gostei disso .Além do mais, estava mal embalado, o celofane da caixa mal fechado, comprei de uma loja e recebi com nome de outra, não entendi??!!",2018-04-15 00:00:00,2018-04-17 17:44:28
289cfcf755d3bde9f5546f7a578debaf,1091b52a01d06a2bf1e97ca70cb2d75a,3,Bom,,2018-05-04 00:00:00,2018-05-05 15:42:22
b2581d50fff8870963c44f5e2946a83b,719b6b76d11e7e6f6e8113bbd4565b84,5,,,2018-03-10 00:00:00,2018-03-11 05:18:26
0f772e13999a23c70b6cf05852119ad4,32733fc014b67ef70fa6039dd8c6ba82,5,,,2017-09-26 00:00:00,2017-09-28 21:56:30
4a4dbc511d64564b81992388d7852e43,a967b2911a10315ea9e93191515fad0c,5,,,2018-01-27 00:00:00,2018-01-28 00:43:35
1f1630ac4c7f653de7f293f63a8cc99a,ac91b5810b959182a8f4366cef85eb59,5,,,2017-02-22 00:00:00,2017-02-23 10:19:22
8c0e3fd9c27dcf11eba21f1b15ebff99,b6b7ebd3ab897684bb22eaf084f8f299,3,,,2017-12-30 00:00:00,2018-01-02 19:33:00
82513976c91d4d49dca2db5ab48208ee,094f7614f77e85fb05c77ecb164afdc3,1,,Não chegou,2018-03-21 00:00:00,2018-03-21 16:46:04
5d321e1c68400d4872b61c4671861a0e,36252698cf1f3b91960c60cb2524ae78,5,,,2018-06-19 00:00:00,2018-06-21 21:26:05
e1ef39282109325421c239d8fda09bb5,e11780f33e850a77d1b3c2fa13ed5d4b,5,,,2018-05-15 00:00:00,2018-05-16 10:30:36
0b02c2a65dda278c123dd228d3f3cf35,6525d9ab0bff6133c63e9c0cfa55bfbd,1,,Demorou quase 15 dias pra falar que não tinha o produto no estoque... muita falta de responsabilidade da empresa.,2017-09-20 00:00:00,2017-10-06 11:29:05
3ab16d26ec1a3bbdf9e26d69060aa2cb,0c50644a967084c645a3bfdf0cc47545,3,,,2017-03-03 00:00:00,2017-03-06 11:34:35
c6ccec0c7cdc9946f753c9310418adc5,bee9e2345c4d8f186d2aa7d57e1589f3,5,,,2017-05-31 00:00:00,2017-06-01 14:23:54
0cf3d0dcf60f1282037903c8ae002558,c566fd2719c6f9e102a841c474cb490c,5,,"Não tenho como dizer o quanto estou satisfeita com o produto entrega e atendimento. 
Amei!!",2017-12-27 00:00:00,2018-01-04 15:57:29
3048f8860b2a2bcdcf47e679b6af4af6,c268faae84283868985823042e4ffb40,5,,Gostei ,2018-08-24 00:00:00,2018-08-27 17:22:08
eedf5c3734d25b6bf5fa41d0b67bd4e9,7fd6cd7e778c71e9b3721599948c104c,5,,,2017-05-17 00:00:00,2017-05-20 17:14:51
905e790fca6664728a8f9edcc8d6f38d,61fa8d2ee24cc80feecf24ec94c68e8f,3,,não me foi informado que produto viria desmontado,2017-05-16 00:00:00,2017-05-17 13:30:02
84316b2e816897c60ad4d44090563841,3c31676dda1c2731a56d31f4157f72b4,5,,,2017-07-15 00:00:00,2017-07-17 11:17:13
6ce5e5052478ec8495e4e6758363afe3,2787a8bf248d663260b0d2bb270a951f,5,,,2017-12-09 00:00:00,2017-12-10 13:09:02
bed55610852d60bcdb781f573c0ae649,e2e62108a0daf44573986d823484239a,5,,,2017-09-23 00:00:00,2017-09-24 22:04:25
7eaac7481400e495ddfc2f5398aba896,fc303e9e3e6717098dbf0a3484304832,1,,A entrega esta atrasada.,2018-04-04 00:00:00,2018-04-04 09:07:36
b0846e798e7d1ee0485f77020b5c242f,23fd789ce06f3c54f212b3b9d358579f,1,,,2018-03-24 00:00:00,2018-03-24 15:24:53
935e8f8854b178239034cef1f3a1d457,e7d3f9457c859cd5b63a25a4c2afb2e0,4,,,2018-02-11 00:00:00,2018-02-11 12:36:22
8a99d0aa42e8fabf3b4a8c90dee8bf03,737a2768fd261ef8391251a0ccbf150a,1,,E estao demorando seculos para fazer o extorno. Nunca mais vou comprar pela stark e seus parciros.,2017-07-15 00:00:00,2017-07-16 12:31:55
8fe0ec1b5fec7e66e3e5c059596c8159,ef499cbb85da7d399c43fe2eac17d076,3,,,2018-02-08 00:00:00,2018-02-08 23:30:17
6da5ee4760350178c91d7503f199fa41,ff791efde2141f9985711e6b6f102004,5,,,2017-12-09 00:00:00,2017-12-10 10:51:37
33c74359f586d4a74dc0d3cf53e866d5,119db78602ec4f8cdb8aa475c1fbf655,1,,Péssima entrega fiz a compra no dia 13/02 e até hoje 18/03 não recebi o produto,2018-03-14 00:00:00,2018-03-19 02:20:22
a5f9af7675f8a2bdc90699cc3e5b85a7,60d0d7f6e4119e9a4630876994978c2b,5,,,2018-08-02 00:00:00,2018-08-07 12:02:57
c02b9506ec7ff269dda4edc113e957be,d79c53e4a7aa2167e15ead7cbbda2907,5,,,2017-06-13 00:00:00,2017-06-23 13:24:37
ca42222c6a1f0e9f8dcce635f3d09cc5,5d00299f340746f1a331c674d4fbb211,5,,recomendo,2018-01-17 00:00:00,2018-01-20 13:41:04
d3b00044fdbffe0f428860ee360e42ed,3dc2e037b872ca03f5b91028710abae5,4,,,2018-06-23 00:00:00,2018-06-25 12:28:51
b2fc2fac36fdef519925b2f55a95d8e4,85841af0d94e5d0cd3a9c0e42e565b74,5,,,2016-10-18 00:00:00,2016-12-06 20:48:13
dbbc65f2516ab879972fc29a544e2f7b,b5b411510c27795418ac5808a30054e0,1,,Eu só recebi um lustre e comprei dois anota veio dois e só recebi um ,2017-10-07 00:00:00,2017-10-08 13:02:19
59fdec16e647e8d47b2573a33f6293bc,ccb211459abb148401c4f7c596524cae,5,,,2018-08-21 00:00:00,2018-08-21 21:18:28
1b138ab908f4492fb05988f80f5cc908,56286095ef8730771df8d223978236ed,5,BOM,RECOMENDO,2018-04-28 00:00:00,2018-04-30 17:37:15
7f592b57c7cdf4d771713da1e7137415,8b761bca5ade41b47694b0225c668b75,5,,.,2017-08-15 00:00:00,2017-08-18 12:58:47
9e231d230d9d574c9e1a7b1e0fb76d7a,237bc9f2aa86b56ab439b6a508832d88,5,,,2018-08-29 00:00:00,2018-08-30 04:45:34
10d955ac4afa65707c47c2ad5f98cb61,bc1b81dde530e5b064a559906643fcff,4,,,2018-01-26 00:00:00,2018-01-26 22:12:06
879ac9f4d0af735dc4f87c8964ae43d3,39afaebde7eee782d3af7b62ead3e32d,5,,,2017-07-29 00:00:00,2017-07-30 04:41:00
72c45d233c3c990ce51defb263af4139,b15ba0106a29a69e70c7041892543ba0,4,,,2018-08-10 00:00:00,2018-08-13 11:21:53
54ab2ad1872e41bd805af6964af8c75e,cc162c1cd7cfadccc729922aa7fa2d2b,5,,,2018-02-16 00:00:00,2018-02-21 00:37:30
6996e4ed06e237f64c125d1769c5b676,9c9036dccc18ec72597a1abafc18d3b4,5,,,2017-08-15 00:00:00,2017-08-15 23:44:37
c63e9a3e71cf42f0ea0fed908b6c170e,378035ea5017f82d47a885f52fff9be1,5,,,2017-05-18 00:00:00,2017-05-19 08:43:06
f343daeabd1ad8af4444bf7283e35012,1c2dcebc8729b58ef305048ff12b1540,4,,Boa compra.,2017-03-21 00:00:00,2017-03-22 12:00:40
6da036905bd1d6513f0c9bfac88c0673,1f11f0ab2b0ec59d0ec45f7f810a04f8,1,,"Nunca tive problemas com stark.com, mas infelizmente dessa vez errou mesmo. Pedi uma mangueira de entrada de água e recebi uma mangueira de saída. ",2017-06-29 00:00:00,2017-07-02 02:33:41
d77f6dcd64a51cc98282fb5430787b3b,c8c002c98c3b0b4d4136b84f76f635a8,5,,,2018-02-09 00:00:00,2018-02-16 23:04:56
ab0305b0a23b66f211c7892f3c29f7a0,bd6ab28252f15e7c57f212a725aa1c37,5,,,2018-05-17 00:00:00,2018-05-21 14:10:25
c09a15559c31dcc9c73516d87ababfc0,048f3e9b77a965f84a501a7f29076128,4,,,2017-08-03 00:00:00,2017-08-08 00:04:18
b78cf024a558fc79ec348093d1efaa40,c15a3ce7617aeffb3bfed1f6340d66e7,4,,,2018-04-15 00:00:00,2018-04-17 17:26:47
0090df4745ad9291c59dce29d4277f6f,cf8152b6a51ad306ad09a2d253c8133c,5,Ótimo,"Gastei muito

",2018-08-25 00:00:00,2018-08-25 22:40:44
38f3a1a20efab89bf998be80efea6a11,20fcbc7e1a1c0fefaa568769e6f3347f,4,recomendo,Muito bom o produto,2018-05-18 00:00:00,2018-05-21 11:01:30
6105bca857219b5d92f35fda751a350c,d884aeded7a463f237549f42945b729c,4,,MUITO BOM,2017-05-30 00:00:00,2017-05-31 14:45:31
cac32b3fc26f657524fe812fc4ede941,bca45e92990f2f54a8aed374b160f2e8,2,Produto de na qualidade ,"Recebi a película e ela veio toda lacrada, porém no momento de colocá-la estava com problemas, riscos na tela e falta de cola em torno, ou seja, produto de má qualidade. ",2018-06-19 00:00:00,2018-06-24 21:05:48
50ba911fc4cffe1b3f14ccf9efa2e45c,a059bf220c121cd3d48e82b036e831d0,3,,,2018-05-15 00:00:00,2018-05-20 12:17:06
ac856f7beef2d24b61257d0c2ef26ae7,051fcda88d997d3ff86012da2a556342,1,Carteira ñ é de couro ,É couro sintético!!,2018-08-30 00:00:00,2018-08-30 22:53:02
1278c8af9a442c6b48b8b5c42ec88aa3,6e4064c4b1df562463ea9a75839db134,2,Entrega dentro do prazo .,"Quanto a entrega , tudo bem . Mas o perfume não gostei , muito fraco. Fragrância muito diferente das opiniões que li na internet . ",2018-06-14 00:00:00,2018-06-15 22:57:24
261eb4993e5795886f2cff2a1ef0e863,e2df710c10b3d255c51ae1fb11bfcd11,3,,Comprei 3 itens... recebi apenas 2... e a loja não responde meus contatos...,2017-11-14 00:00:00,2017-11-15 11:46:48
0f6967657b9be0bc310ee7f59d7e4539,901726cc51af45cdf902b4791c57d310,5,,,2017-04-20 00:00:00,2017-04-21 01:03:47
9c3c3ececc0b00e60603367eeb10f8aa,02971473bcfb16642904d57bc3be50b8,5,,Estou satisfeita ,2017-07-05 00:00:00,2017-07-08 23:24:40
92490fc7dfcfd1df3965634767cffc3f,22caa724849d26dec4cd73ffc70bc133,5,Otimo,O produto veio exatamente como no anúncio gostei muito obrigada,2018-06-29 00:00:00,2018-06-29 17:56:30
c483f354423e6f30cbf70b43d4a73e58,5bc2a7b8f0817443a86b69461e742cc9,5,,,2018-01-13 00:00:00,2018-01-16 00:57:42
9d993bd1cf57de3141bfb332f5e428cb,5f20455f0e74de9eae30de410c811013,5,Muito bom ,Muito bom ,2018-05-09 00:00:00,2018-05-10 00:19:45
21d6fc4d9d14df9108cab875e68963ef,ce76ffbfb04b7dc8293ca658f75963cc,1,,Veio metade,2017-02-24 00:00:00,2017-02-25 04:17:20
95a7b37ec12d1e7150cbec496b20b824,7edc3ed94401904fd169923dd2ba3ecb,5,,,2018-02-21 00:00:00,2018-02-23 23:42:28
c94a2f2b9120c1d5cfb700833d9897e7,3ceec142bbeb4de9939d371d6182d5d6,5,,,2018-05-15 00:00:00,2018-05-20 15:36:52
b8414b59e6c9d6f14b639fe0a1ffa0ad,baa57a887ab6469f6e65bf75ce80b768,5,,,2018-06-26 00:00:00,2018-06-27 04:01:13
585697c282057e802ea17f89aa5c0c8e,f9ba4a7646e78ee867081f9a098c3290,5,,,2018-08-31 00:00:00,2018-09-03 12:39:52
3a65580caf96dfa181906a1751140409,0b055b1ac16d0401f76e361ff96926eb,5,,,2018-05-18 00:00:00,2018-05-20 10:41:39
3768e3b6ad09a31f70820f664487048e,756707b801841459446c7e0e8c0862bc,5,,,2017-10-27 00:00:00,2017-10-29 17:36:28
ec9b3df87325e1294a5fffe96d9dce80,c20880befd228c3983ddefda4f2549db,5,,Nota 10,2017-05-24 00:00:00,2017-05-25 09:33:52
1418ef14468ed01c02bd0d1c6cb01bbe,af099467911b979b79b3a49231876086,5,,,2018-03-19 00:00:00,2018-03-21 17:08:41
1e08694a453c3e8732d7080e4181083f,8616d2e4f9d29d0a08571be7ccf0acc3,2,,,2018-05-18 00:00:00,2018-05-21 15:20:31
4aa02a94e645b6605fcfa460d288db35,1e73ecf14966e33e06e79c339fb3f7cd,5,,,2018-06-09 00:00:00,2018-06-15 02:09:47
6dabbd75a922412edf8fc49227f72cf2,504358b70394ff9d17adc66f55192d5c,3,,,2018-03-24 00:00:00,2018-03-26 04:04:55
deae485423c1e591423331734e5450b3,d367a93b215e8828942054fc3799c834,5,,,2017-05-25 00:00:00,2017-05-25 19:09:19
78254ead0e4c27f2b7849553e0fc654d,4f2dc4a949823819bfc75b784fb32686,5,,,2018-07-05 00:00:00,2018-07-06 01:05:26
6a0aefb12d8dde4f7c09566db0fbfc53,2804400973412de4efdaf1399281199c,4,,Muito satisfeita com a compra.,2017-11-24 00:00:00,2017-11-27 11:51:08
f62e21bd38a4ec9d8db698fb82f5faa4,9156fc69417fcbcd95042aa80d9eaaab,1,,Recebi o produto diferente da foto e faltando uma tesoura.E ninguém até agora resolveu para mim! Não recomendo! Não comprem!,2017-10-26 00:00:00,2017-10-29 11:37:11
2dd0759c36b8897663e399c4b7f18c23,7158229b50001f9cbebbab387c50992e,5,,,2017-06-25 00:00:00,2017-06-28 22:57:06
6f798ea1a2b92c1bf611da26f48b2e13,90d40a4ca05ddfea558d94047c3de2e9,4,,,2017-12-23 00:00:00,2017-12-23 21:20:21
ad5c2e1e5b1a446ba6d436a429a8810a,ba8ffe0231b633e2aa5526e2a070b3d3,5,,,2017-08-15 00:00:00,2017-08-15 23:30:33
2bb31ae51bc42c50f2e65b4ac5b42338,7802207732bf2bf55f1994667489339b,5,entrava do produto ,O produto já chegou em casa um pouco demorado,2018-08-02 00:00:00,2018-08-04 04:14:59
41199598f23363067968afb07c3605b9,ebe3541c37938be5fe324645a702d4d4,5,,,2018-01-19 00:00:00,2018-02-03 16:48:10
3388a00080894e49e5299e6880a149e0,05bfcf9e287cad216cadb8a850f8db5c,5,,DEMOROU 1 POUCO ...MAS CHEGOU CERTO....OBG,2016-11-08 00:00:00,2016-11-09 10:32:07
c082173a6e802e29b5f06f6abb218bd3,38dcb5499d8854b4b2c6dbaaf983f21e,1,,,2017-07-08 00:00:00,2017-07-10 20:55:34
4bc4001a52e40f7e8334a9b3d9b7e328,5f8cff9210fbe5a642d0e05b4bc974e6,5,,Foi o que esperava,2017-10-12 00:00:00,2017-10-12 15:02:11
71567f914ae31b6f376eb956e1ad64f1,29a143cd68f669f10fd6d4a020eb7f38,5,,,2018-01-13 00:00:00,2018-01-14 11:19:36
c58d5d6e32746e4fcf8d1cac3c8c6b22,9c77966338b7a4afae520a5723c937a3,3,,,2017-08-15 00:00:00,2017-08-15 20:39:54
fba43576c7c1810f2b689de9da061fea,a218ea1ed05e2375702ed63c94625b06,1,,O produto veio com peças faltando. Não consigo usá-lo.,2017-09-14 00:00:00,2017-09-14 13:35:04
90033a3865e39835ba7e8526f6c8f3de,003edccf16bc5ec447f592913b3df2b4,5,Bom ,Ótimo ,2018-08-03 00:00:00,2018-08-04 09:10:16
9dab3c3e61660d57747f751d5a465e3a,1de11af0216efe10b1cbe006026cf569,4,,,2017-10-26 00:00:00,2017-10-27 17:40:11
6be662e5ff78f2dafc2b2fce09dcd104,1527028c6f0d2ca7a42e5337dc2762e5,5,Caixa transportada parc c,,2018-05-17 00:00:00,2018-05-20 23:59:47
aaa1e43562a07ada908e97ff3346c0f4,f1084769a9d3a8c88ae9aa1ceb9c63f6,5,,,2018-01-23 00:00:00,2018-01-24 00:35:33
fb5bcf4727f6460e5403a0ba7b2f5761,8e3c10b463cb2ffb94546b5e9f05cd05,5,,,2018-04-25 00:00:00,2018-04-28 19:03:10
ab7fafe1103396febd61b0c8abfca67f,3ade9a2011fb5fa0ccbb3b75598cbb6e,5,,,2018-01-04 00:00:00,2018-01-04 22:53:20
ae420e28f18b1d644224ee31895699a0,7043c4262355ad04cb8410fc3872999e,5,,,2018-02-28 00:00:00,2018-02-28 23:08:55
db401ed2c3bc43e92e216427b862b89a,2073adf991d650975fec13fb944d8ff1,5,,"ENTREGUE PERFEITO E LOGO MAIS ESTAREI
COMPRANDO OUTRO PRODUTO.
OBGADO",2018-03-19 00:00:00,2018-03-19 20:36:13
100458c810a341d2b19eb3a0fad4966d,6cf30e050336c50f368c34da13c9e6a2,5,,"A entrega foi feita antes do prazo e tudo corretinho, além de que amei a bolsa!",2017-06-13 00:00:00,2017-06-16 15:13:16
0a88e2f3f29cb05ee791d849737af7eb,8f3eedb2479ad51a98647779fce346a1,4,Suporte Projetor.,"Suporte muito prático e util, de muita funcionalidade.",2018-08-19 00:00:00,2018-08-19 13:49:45
c897aa099f2a55c79288c83745ba4dde,413648037e02e5c759e67071c61b2fcf,5,,,2018-08-14 00:00:00,2018-08-18 15:54:38
26794cd725ec16bf75b18e62c00acf8b,eda1d5c35a11575cffaa3e0fa9d0cd5e,5,,,2018-04-18 00:00:00,2018-04-18 18:32:00
c9d3c3adedfa2f8e0faa052037deba12,ddf67cc31b78ae6a5b969da2158d6bb3,4,,,2018-04-28 00:00:00,2018-04-30 14:26:56
765b6e0a637db3001057d55889597410,da225376046ab771e41a24f84f53f536,5,,,2017-04-20 00:00:00,2017-04-21 15:14:47
944c974daf0d13eaa4396ee7831d2f4d,55b2cadb9946209a0283fd636ddc6676,5,,,2018-01-05 00:00:00,2018-01-05 23:34:10
1ff91c61e4b2fbe5b5bac7ab25c7027b,094a83226235244840060fafa394845d,4,,Comprei a caixa de som mais nao chegou . Voces falaram que iria chegar dia 18 ate agora nada. Quero que me problema seje resolvido se nao irei procurar meus direitos. ,2018-01-17 00:00:00,2018-01-21 11:34:30
81e2123949233960beb8a1a5f769091d,aa253701e17f4db9147a15539bcacfd2,5,,,2018-05-19 00:00:00,2018-05-20 18:27:18
d54c22813114b24bc7dd4949835d0506,5e08f8357b3660485f47d00381feaa6f,5,,MUITO BOM ,2017-07-22 00:00:00,2017-07-24 12:56:08
1273692bf30dde5f6d9d444883413ea8,b88aaf0a038b725ea2225ef4ebbe343a,3,,,2018-03-27 00:00:00,2018-03-27 21:02:20
fd4ade0e4851bf98c2efe5422fd49f1d,99ea7908cd1e043462057874b180e3fe,4,,"Entrega rápida, produto bem embalado.",2017-08-11 00:00:00,2017-08-12 14:01:08
7d87fee7d6c8f46e2cd2af4ecb21211b,84f2d0f9ef0b49e2c35dd082c3258600,3,,,2017-11-10 00:00:00,2017-11-13 02:06:41
fbb5f45b4d8b77e3e5186bf4a8bff0b3,c1dafa077556522d38557ad3452e3ac6,5,,,2017-11-30 00:00:00,2017-11-30 23:21:28
17713a0cff36e6350796f788e4ba9334,5bc78a286b07fd8ad2198daf226ec008,4,,,2017-09-09 00:00:00,2017-09-10 04:32:33
7fe3037352fcbcd9e2611a407b4300a7,70ed857e24fd6bf1e25a9bc791a2f6b9,5,,"Não é muito agradável pois faz muito barulho qndo nos mexemos na cama,parece q tem um plástico no colchão sem contar q soa não gostei na imagem parece q é tecido qndo chega vê q é plástico.",2017-09-07 00:00:00,2017-09-10 02:03:15
a636e5bdd32d79b51f4458bb5f3fa6d7,7f7d930e1a05e466d5fe29da5970d8bb,4,,,2018-01-24 00:00:00,2018-01-30 14:31:26
f7e05b7f66b6cd80c2b8f0495313332e,fbd5d366a19445bc01b83fb9055b6422,5,,Produto bom. Minha esposa adorou. Entrega super rápida. Parabéns baratheon.,2018-01-04 00:00:00,2018-01-05 11:13:37
9f6fd54a12462aaf4809bd1553fa4bfe,6391ac0460dbc859a6788e18dc821698,3,,,2017-07-05 00:00:00,2017-07-08 19:53:47
e83454982296c2e60c42c6acc4eee081,ef62be15e919755500885ea4b14c86c1,5,,,2018-06-06 00:00:00,2018-06-07 01:47:15
0d5d1342a428b5b2885937e1a9ef9805,0ea1fd1eeeb46df9770ac9d07e1e71e6,5,,"Muito bom o produto, e fácil de montar. Pretendo comprar outras coisas!!!",2018-04-10 00:00:00,2018-04-10 23:28:00
82134852f0533ba4b347c1630c9ff2a9,6c90fc612a10cf8c7c74570e1db07aa0,5,,,2018-04-12 00:00:00,2018-04-12 22:23:09
d1eaa25699015750277cc1008a635015,b39ecb6c0af8f006d1bf639d962fb92e,3,Perfume original...,"Perfume original, boa fixação, porém a embalagem externa (caixa) é branca e tem apenas o nome do perfume e a escrita ""Tester"" ou seja é para mostruário de lojas, desagradável para presentear...",2018-08-21 00:00:00,2018-08-24 15:35:41
a19605c444de5c9a76ec4347b51c0237,60243a953c19e3606e7757264ea2ad3e,1,,"Não Gostei da qualidade do produto, muito fino as peças das toalhas, pessima qualidade.",2017-07-19 00:00:00,2017-07-20 10:36:39
b72bf2a77e25dd6a8827c9698f083063,dfc7bfc60d0dfafee75e8eec014851f9,5,,,2017-09-19 00:00:00,2017-09-20 01:44:36
06826af34f7a2fb4440cf794a7bfbaf9,d3433b37aa2f57a56e8c97c455ac6ed8,3,,Não tinham o produto que comprei...tive que trocar por outro...mas no final seu certo,2017-12-15 00:00:00,2017-12-18 00:21:00
0e971ce64c3c54b24501c4c0887cbc63,40aeee6b37546436d467e37ce3e58f6a,4,,,2017-12-12 00:00:00,2017-12-12 23:47:15
3d6ea11ad8574185494a2293d432d91c,aba17b8bf8ad8249a87ff4c21a5569b9,5,,Ótima compra e produto!,2018-01-19 00:00:00,2018-01-20 15:06:32
dcf06eb44f54643f8ca4308d6595b0ac,56aa3b6b2c30314ee80914fea9543573,5,,,2018-08-11 00:00:00,2018-08-12 04:58:47
c0aed5ffccea9130163ea8ba457e06ea,53c7592439c12d02630c4f0da48614bc,5,,,2017-12-27 00:00:00,2017-12-28 14:00:39
8cca6145288c72361d26fed6d3a70819,d3057dd3a0a5449de3b064393a47ecda,4,,,2017-10-14 00:00:00,2017-10-16 10:49:23
9b9442e7cd6d0e6fdb76cf0e99465766,a4efbda58af31645539bafc75617196a,4,,,2017-12-23 00:00:00,2017-12-27 11:35:05
4e942839744c8bda7713c6bc7e8d56ad,c0e1586eda89047d683b2bc7d902037c,5,,,2017-12-19 00:00:00,2017-12-20 10:34:35
e9c7d27d3e5d136c98cc91ba30c67d2e,beffe64d2172f01e39f8c776eb5862b0,5,,"Estou satisfeita por essa entrega,mas muito chateada pela segunda entrega q ate o momento nao recebi em minha residencia.
Recebi e-mail de imprevisto nessa entrega.Aguardo resposta.",2017-09-02 00:00:00,2017-09-03 00:33:47
bef93a63cb8fd8c391aca4af64a91995,ba16a6de753feb4dc0a6716cc3ddf951,5,,,2018-03-09 00:00:00,2018-03-09 18:44:38
1767e15104171a94d5e00cdf2177f3bf,661620f1b2ab6bd136e9566f2188c215,1,,"Fiz uma compra que constavam dois relógios . Só recebi um relógio muito fraco , nível de camelô, nem em caixa veio , dentro de um saco de tecido. ",2018-02-15 00:00:00,2018-02-17 21:39:27
62da94454411c0cf57e86d0d6ea0fc47,5ff6b1218c59006ad453dc0f33c70ec2,5,,"O produto é muito bom, esquenta bem potencializando o efeito do produto no cabelo.",2017-07-08 00:00:00,2017-07-10 12:19:51
6f702292012061422c6f38dd19fec2d5,9ba5f335615c19f72ea3979596379dec,5,,,2017-12-20 00:00:00,2017-12-21 09:41:30
a4a794239fef567117150ee987ad6973,ba8ebbd4a50913dea058ff7695922d95,5,,,2018-06-05 00:00:00,2018-06-08 11:07:58
89e908e6312c6d25e7133ddc195fa460,9aa70c8fac4649c143933fedf26730f3,1,,,2017-11-09 00:00:00,2017-11-18 00:46:43
22c04d1596a7c0014520eebdba45f82d,8ea880abf2e8db76cfc77ab8f1b9dcce,5,,,2018-05-23 00:00:00,2018-05-23 21:12:56
422d6120dd528cf1bc3457bbb55f342d,f26fa27bb0f1337c570d70e32fc2e413,1,Recebi meu produto com a.,Olá boa noite recibi meu produto com à cor errada. Por esse motivo não recomendo à Loja.. ,2018-07-25 00:00:00,2018-07-26 03:22:46
f23e77b96f875900da3463c46d2e76bb,019536ad39a0dea8bb75c00359a0386b,5,,,2017-09-26 00:00:00,2017-09-27 16:18:50
b8a5bfbf666ca87c71c455b28a490753,93274b931b5771bd02154c9b716168ba,2,Será que foi paralisação?,Nunca tive problema Comba política de entrega das Lojas lannister porém tem reparado que o frete tem ficado cada vez mais caro e os prazos mais extensos.,2018-05-27 00:00:00,2018-05-29 10:20:50
bf4f1b59c31fd3f50ec7ea70fa6a20ce,7f9230d9db6715e755cc320e1a6b2436,4,,,2018-05-10 00:00:00,2018-05-13 00:52:27
e724235f5a18f0357070082834685a42,78018da6cd678e170c59e759cfb4d754,5,,meu produto so não esta nas minhas mãos por erro meu,2017-05-21 00:00:00,2017-05-21 13:42:16
607891fed9d16b4e4f09a0202856b0d0,91acb43b0fa6d82446d98eab297c7cd4,5,,,2018-04-07 00:00:00,2018-04-08 16:23:07
e901e3c82b8718bda0116cb2e8d923cf,dd61367732ec07075b1e42b8772b1517,5,,,2018-01-09 00:00:00,2018-01-09 22:43:50
e725b931286dffb6e551e20b56b49c1f,b7775ddf9a56a4bbabff3e2e84c08b07,5,,Produto de otima qualidade e o melhor chegou muito antes do prazo. Satisfeitissima.,2017-11-08 00:00:00,2017-11-08 14:58:31
285833ee051e5332e7b59aeb844bf58e,1d9f8648651f574a2e2e5d8728384f7d,5,,,2017-07-28 00:00:00,2017-07-29 03:11:14
2841a7bfa7d2d3229f9149a7510db040,7e3154615c510971dc93f2d63397b3db,5,Ótimo,"Bem satisfeita,obrigada...",2018-06-27 00:00:00,2018-07-02 04:13:04
f8e68532c20535c97b4fc427297a364c,e4c01d7732af07fff2a3e083d93f0581,4,,,2018-04-04 00:00:00,2018-04-05 17:18:11
86e58c89e4be7bb0668776f5950bcb21,913a3be1eecf771ac6f66727e2b9f312,3,,,2017-12-27 00:00:00,2018-01-05 04:18:11
87bf7ea0b6a55642abc6b4dae8364d16,fe78b46c19e9737d82d7dc5d7ea6ee77,5,,"uma otima loja, o atemdimemto e otimo, a entrega e rapida, gostei muito de comprar com voces, ja recomendei para os meus amigos e familiares.
",2017-08-02 00:00:00,2017-08-04 12:30:16
bbf51519a5001e3b4cf19da0edb69ea3,c5d1a6481a4fb3684588a2c7fc970918,5,,,2018-08-10 00:00:00,2018-08-10 19:11:03
2bc541e56886564bd4070bf42fa0db27,4baf66d022680c163d31c85a42b6bbd6,2,,Produto Travou. Não destrava. 6 dias da compra e agora amanhã é feriado... Como devolver?,2017-09-01 00:00:00,2017-09-06 23:28:38
9dc570f9207a301eaa610e73dc14c632,841f22552ef7bc21e205df35283025c4,4,,,2018-06-27 00:00:00,2018-06-29 15:14:55
afa641e84c205132c9951a3276aa8c81,1fb42df5f777c1b9bf5790d888e15075,5,,Produto entregue conforme informado e entrega feita antes do prazo dado. Parabéns!,2018-07-03 00:00:00,2018-07-06 00:32:22
ecaedd91141c26f8f2d350a6bde8b6d5,9bc38db4ef1d6f4fd1844e03b30b843e,5,,,2017-12-09 00:00:00,2017-12-10 02:13:35
adc01b76cc438d807450aa51e68620e7,8b4bddf7147c2e258a07697c3db41203,5,,,2018-03-01 00:00:00,2018-03-01 17:34:58
cb105519a814111be0bf176bcaf2dae6,5879796c147e015b683a59522938d4b8,3,,,2017-09-14 00:00:00,2017-09-15 17:30:19
355cd79ed76a9e5d557af1b793770c0b,0a03f10c3075f5566e5cdbef7c487e14,5,,,2018-01-27 00:00:00,2018-01-28 10:30:56
b2bf1f007b213286fba78caad8afdb03,fd4c1cc6d742f00dee7633f6a72cbe60,3,,Só chegou às coloração o carrinho auxiliar não veio ,2018-04-21 00:00:00,2018-04-21 23:00:09
2e0fa017c4ac42cf2dc2a2ac6400ce70,c190d3402592ee86d5e9978ced572730,3,,,2018-06-23 00:00:00,2018-06-24 21:46:07
1cb9f4343412b6fa9f2259151ccafbaa,19cfcf45fc399af9d3e9d1d98638997b,4,,,2017-12-29 00:00:00,2018-02-09 12:19:51
784d98e013d570979949d5928d5389fe,644fa2355020340eaa627c83e17eee27,5,,,2017-11-29 00:00:00,2017-11-29 03:07:40
6c3a11edfe66e4dc656d278ade638010,4a15263dd8da51ee9b6c6ed9fa843ee9,1,,,2018-06-10 00:00:00,2018-06-11 13:26:12
bf34baa5a3e643966eaa5e96c035cc30,b90228d9050d13c266a67be0e92ccd00,5,muito bom,exelente som e realmente bem reforçado o cabo,2018-08-08 00:00:00,2018-08-08 19:18:06
ed77974309c2ffec6842f866edb1b9ac,8abe9f445c2794a43728dd2b37938528,5,,Chegou antes do prazo dado e o produto é de ótima qualidade.,2018-01-25 00:00:00,2018-01-25 21:22:51
875b7cabf2ae04376a5cd5105073824f,fb244f5888763d8429a89b3438d70295,5,,Melhor que eu esperava! Veio com garrafa e recipiente para biscoito lindos! E ainda com adesivo ! Adorei ,2018-03-18 00:00:00,2018-03-21 13:24:29
e93bb2f582d160cfde3a2b3b107b9e6e,ec1b5ec39466f6bb902936532ae76e6a,3,,,2017-08-25 00:00:00,2017-08-26 00:57:20
dc2a315cae8c2141b5ff86f3e5ae7b7b,2a757a7ab0204f779c01da4557d982ad,5,,,2017-11-30 00:00:00,2017-12-02 16:11:39
e88c505513661bee786bcced0ddf0b61,f0c53ca3e5e7561fb1ff79116340d113,5,super satisfeito com site,recomendo o produto muito bom,2018-03-22 00:00:00,2018-05-04 00:44:40
6beadf98a21eed6fe9e4da342ed94227,8527d5d408bdfbb716c2b89012db58ab,1,,Meu produto nunca chegou. Péssimo. Revoltada.,2018-03-24 00:00:00,2018-03-26 12:16:34
b1846fdadd4459366850268e6c965a8b,4b4d5464625e478996dffcd761c4b9a2,5,,"Produto veio perfeito, muito bem embalado e muito antes do prazo estipulado. Estou muito satisfeita.",2018-01-12 00:00:00,2018-01-15 10:28:30
6d89d953e3a8705b7095e7ffed304bf9,1b4c43e3067965965564641bf4a921b2,3,,,2017-12-27 00:00:00,2017-12-27 20:39:48
911e0a4bdd134135e28090dbb578148e,c45686ed86426af3f7be41420b6020ea,4,,,2018-05-19 00:00:00,2018-05-20 19:04:47
4766fe236cc344c944af4fc991b4fce9,9938a967279700714d16f4c8437390da,5,,,2017-12-02 00:00:00,2017-12-06 15:48:27
fb97bb4781d62c0fc0c24c0d95f84710,64d7ed1c4e843c97738d861140943a73,5,,,2017-11-22 00:00:00,2017-11-23 10:10:39
84fcd91f03abdced139142caceae3230,4c2b78efad2dfa6a3bb1cac6560cd2b7,5,,,2017-04-28 00:00:00,2017-04-30 18:12:28
1bc69c42c41fbbd350a1cf7c5a2d72a9,40ebc9d21ae5f5d7dfd398f87e63f455,5,,,2018-03-18 00:00:00,2018-03-18 12:30:50
708e8da9e722dd35283520043ad4c844,8f82cbff74ca9eba2273adac86c08a2d,5,,,2017-11-25 00:00:00,2017-11-25 22:00:06
d6bf917f19cd51622bf95a1e686a779e,7a7d2c889e27d93b2005462a8788e168,1,,,2016-11-01 00:00:00,2016-11-03 02:12:04
1265e727264e2bdc5dea6c6df4567ce9,3ff04db80f0b2c359e8e47fdb913d826,4,,"Adorei o produto, tudo perfeito e o melhor chegou com muita antecedência da data da entrega. Sou cliente a anos das lannister. Eu recomendo a loja lannister e o parceiro targaryen. ",2017-02-08 00:00:00,2017-02-08 23:23:35
ad4f63bb62b20b5a35dce43f8e8cd29a,dff7f8766eb0c26b8cfbc2147c33e1e4,5,,,2017-11-29 00:00:00,2017-11-30 12:42:32
77ff32ee0f3abe7ecf09c5ab2ec9d053,47c001ba3d3d57aa11d52c45995d9e11,1,,Ainda nao recebi o produto.,2018-03-22 00:00:00,2018-03-24 04:26:03
36d39fa483df8dc6c0d8651401adf7d9,c9203e1cece67a652cfa58cec64fde76,5,,,2017-06-27 00:00:00,2017-06-28 10:21:19
a2bc71ef4b23be657885b39fab2a614f,ef4d010c07e5ac58d6b9b8f0210df881,5,,amei.,2017-07-20 00:00:00,2017-07-21 13:19:16
35cfb06b2d3d8c048d2bdb37d61057fc,9fb1ba3c276b463ddaf0f78a653cde06,5,,,2018-06-16 00:00:00,2018-06-21 20:11:33
ce9a40b79839e04007c0d5c813382960,a2d83fe753c66711172a6b99df1bafcd,5,,,2017-05-17 00:00:00,2017-05-20 11:52:53
0be5543f11c12fad24d1384805619ba4,761504d99664606c4c83458bc89144a2,5,"Otimo,eu recomendo","O produto chegou certinho bem embalado ,lacrado e chegou bem antes do prazo combinado ,fiquei muito satisfeita com minha compra eu recomendo as lojas lannister .",2018-07-13 00:00:00,2018-07-16 04:13:49
a944c25c4d1fca8073d0b43b8c83ab65,421deffec215845f8632fb3543789f86,5,,,2018-08-31 00:00:00,2018-08-31 23:42:48
90123a2dfaa2c74f5d934a3b321c3388,d8e63c9990a74e7e6a7f16ad81251a3c,5,Excelente ,,2018-08-31 00:00:00,2018-09-02 23:43:12
84e2b34549d952bc57bd991964c0127f,5c2c3051e99aa85bb1f2260f51e59f49,2,Pedido com 10 toalhas ,Não recebi ainda esse pedido,2018-08-26 00:00:00,2018-08-26 19:22:55
75df6dcb207567306d30a146b7ebb19f,5b9da7851555fad1474e656c2af2979a,5,,,2018-04-20 00:00:00,2018-04-23 00:46:48
1fb2966ede57a300975129b56e5be2c7,a9e54364dc587f4973da05e26ac8c419,4,,Ótimo! ,2017-07-01 00:00:00,2017-07-03 23:19:00
fd7a098f9187525ec049b8780902b9da,d2ee62caaa93703fb0562d3bd6f74dcd,5,,,2018-05-01 00:00:00,2018-05-04 09:34:00
3d18ad27e6f92dd17ca293515e0dda40,f8bebca5df46ac3fa480fef8376fb24b,3,,,2018-02-28 00:00:00,2018-03-02 01:24:38
3dc5ce70656f1280000a83463de421d4,e631d7417c16066c831e8f2599673235,5,,,2018-01-26 00:00:00,2018-01-27 20:54:06
c050bb84f3cb5909204a349a633c257d,67f38c0b9d8a42541af92de7b6a19ea5,4,,,2018-08-02 00:00:00,2018-08-02 19:51:39
8515aaa5511e7d00b9b1ee9ece3853f1,845af102c87e1c1bbcb900956ca08e90,3,,,2017-07-27 00:00:00,2017-07-28 01:59:15
51002b40419dacb56359b3314ccbcb59,f03ccc35dd341e035efa0ca47c83cf10,3,,Não entrega no prazo,2018-03-10 00:00:00,2018-03-10 14:13:44
68ad4a27b22c0f9c70e0fd3e5909f255,cecccaa359491439461332bbb0dad3d5,5,,Muito bom o produto. ,2018-03-29 00:00:00,2018-03-30 22:28:44
0921984587f5daa5e4f014efd9a8a84d,b28a856ec450375c2c61dfb94250fbb0,5,,,2018-08-09 00:00:00,2018-08-09 17:41:08
8aaad5ff507eee9be18faac07f3ff9ab,3cd99cd38f3f27164941ce0ade8d2a5f,1,,"O produto o qual comprei apresentava um conteúdo de 250gr, e o que veio 125gr. Propaganda enganosa e me sinto desrespeitada como consumidora",2018-02-24 00:00:00,2018-02-27 13:18:15
4c84cbd416c35a9fa802282d19d106da,2905a2371d7b1d8e0142fa8ccd78f28a,2,,,2017-08-04 00:00:00,2017-08-05 04:28:14
94fec42b53bbad3c3911e76a177f2b13,aadd5a22c7d1dd16b1fe905a302d70e2,5,,amei,2017-09-14 00:00:00,2017-09-15 11:06:07
51c8954fb43b146955bfaa96699eede4,d64129bd118f963e990da57952b940a8,5,,,2018-04-08 00:00:00,2018-04-10 16:38:08
6e363a38823008d23ef7006f913a3ab3,108f4fb029e55a72b96fac9b9f489c1e,5,Otimo!,Tudo certo!,2018-05-04 00:00:00,2018-05-05 00:46:09
45b2ed2edcd0290b079318d568578f04,2d30bcdaaf18c2598140aa6f7f230216,4,xx,xx,2018-06-14 00:00:00,2018-06-18 11:31:28
e8236fe7b6e1bdd513a500de361e2b87,8272b63d03f5f79c56e9e4120aec44ef,1,,Eu estou tentando cancelar faz tempo devido o valor do frete muito abusivo ,2017-07-30 00:00:00,2017-07-30 14:19:07
01528dc9b84cc50724478e566abdcd97,6d76568d08aee5f1128bd0fb92071349,4,,,2018-04-20 00:00:00,2018-04-21 11:19:07
0f4f8572b6c7ce470ce836f14e6ef329,58bb1a30c2cb9520d5de66b39ed7cc0e,5,,,2018-05-04 00:00:00,2018-05-04 22:02:47
e82fbeb09cc32cf310ddbf004b374c25,499db357fa1bac9b96c44bd42dd17718,5,,,2017-08-15 00:00:00,2017-08-16 01:32:59
6c0d7942894d92a1df692bc8d6e14e5f,82a6ea37c0c3ed2f6fe3a6029adbc589,5,,,2018-03-30 00:00:00,2018-03-31 16:24:00
8c3f812f235e62f72458fe7b7a51bffa,2d3ae8314361346376456addbeb7e5ed,4,,"Fiquei bem satisfeito com o produto e com o prazo da entrega, bom recebi um ainda falta chegar mais dois produtos vamos ver a qualidade e o prazo de entrega do restante",2018-02-20 00:00:00,2018-02-20 17:19:14
b180254808ffca72b7c6cd6ecceabbe7,96dd4c9c90277943c551ab185303685e,5,,,2017-08-26 00:00:00,2017-08-27 00:19:15
ab3114b7ae92ce08d984718998cce695,dc198e42fd1b02634e6215c5a60de234,5,,Sempre compro e recomendo!,2017-09-05 00:00:00,2017-09-06 00:38:26
a4c0c4d1a04df00fb89c32060120300a,19427c3cc9b9461a9151cbff2d5d2c8a,5,,,2017-08-23 00:00:00,2017-08-23 19:34:21
d931df1bc548c2a626750df977155a75,fb469bc8a14b598d891a004c34546078,1,,"Comprei um controle remoto de um modelo específico e me enviaram um ""controle universal"" que não funciona no meu aparelho... Não recomendo...",2017-12-09 00:00:00,2017-12-11 18:56:30
3d0cc61574522a451f6e5b477ca09e8b,018cb6a10649393055c272ba2984e8bb,5,Entrega dentro do praxp,Produto muito bom. Preço realmente bom em relação a execelente qualidade do produto. ,2018-04-26 00:00:00,2018-04-26 22:57:31
6749375d5c948e64891771cee455bd70,866f5476165c062d96e0db0aed03c96a,1,,"Estou aguardando ansiosa pela cuba, para entregar uma obra e até hoje nada o que faço para saber quando vai chegar.",2018-04-12 00:00:00,2018-04-12 17:45:52
62c39358bc63b71da444a1debfe0b6ff,73287734c7b95e805d54a35d062627f2,4,,,2018-03-22 00:00:00,2018-03-26 12:42:39
3f5055f44bd31845ba2ae04a428be0c7,0b6626697a43f34edff9135fdd0a564c,5,,,2018-02-16 00:00:00,2018-02-19 11:19:49
3631de76d542ab4f49e0e1d58907e7cd,ef22b86bfc7dd92a0221c7870bd18089,5,,otimo cabides vieram todos certos,2018-01-24 00:00:00,2018-01-25 22:53:05
b74aa99b0d6924acff8f474c1d280940,59bef859ee544206d66d43cd4a50fac9,1,,Não recebido,2018-04-13 00:00:00,2018-04-13 16:19:12
16b7679c7d0ac80fd95c9320d9e3380e,b7dc42271c71663ceed71350d60a5559,5,,,2017-07-26 00:00:00,2017-07-27 11:26:44
85987dc58b0524fe155e3c8041144fd2,fccfd7d65e6d0ffd540eebaf81c2a29b,5,,,2017-09-29 00:00:00,2017-10-10 00:06:22
249201ab1bb9354c9e290f30bd64b808,1415b17c0425330751b1b6770dc5db23,4,,"PEDIDO ENTREGUE ANTES DO ESPERADO, RECOMENDO.",2018-04-25 00:00:00,2018-04-25 17:44:56
4ad80d94b5c3039ac12f8eb521006bc6,f719f5e18ea61d821edd4a1c8d191b05,5,,,2018-08-21 00:00:00,2018-08-26 21:37:34
ae3ce718c192fc6114d4a1db192ff2ed,4ce809baf1b96894592348ee63179754,5,Muito bom,Gostei muito. Muito útil e veio tudo certinho. Recomendo.,2018-05-06 00:00:00,2018-05-11 12:37:31
af346d69412d665b44cb881fb2b5903b,ddc162708923f29398f06661ac27c18a,5,,,2018-06-03 00:00:00,2018-06-03 10:53:51
9515e1e3f2f053f11f261ed1a16fad26,171b2216b2d1b1f42bc9481f06dfaa40,5,,,2018-08-18 00:00:00,2018-08-21 15:29:21
f7fb47f12362ac435e6f285c5e9ae2b9,be66cd0bcc6ba78c707158c1c6eb0c09,5,,,2017-07-25 00:00:00,2017-08-04 19:48:44
7dc5abf653546758d9215f0f9aa2df16,a6d7ec86cdee674d7af1adaf72f05cb3,3,,,2017-09-26 00:00:00,2017-09-26 23:24:08
8792cc7e4220b59734cb8e6656964c26,539087d16a54354cfd81aabbedbd7f63,5,,estou satisfeita c esse produto q adquiri... ,2018-03-08 00:00:00,2018-04-05 19:29:58
998c7669ad814a4b07ed4b5f66777fcd,ce9c02c63ccfd380ecd3ccf5e8894f96,5,,CHEGOU ANTES DO PRAZO,2017-11-14 00:00:00,2017-11-19 23:55:19
95c108a46e2445aab872ff5251a6fbb2,3acbf8d525d03b71546282c532a3dc6b,5,,ÓTIMO,2018-01-25 00:00:00,2018-01-29 10:49:18
4583ddb3607b88e55614a926dc3ec1cd,083ade26303c53b4aa1c779b67d44485,5,,LEGAL,2018-06-16 00:00:00,2018-06-16 19:49:04
a00dd82922af7bcdcf0e25df4aea90c8,79057e5ff7b1867d1bad7094113196aa,4,,,2018-04-03 00:00:00,2018-04-04 22:06:09
84a0b03c22339c41e461b4fd606aaa68,4587bf1bd378047abcecf8a3193bbbc8,5,,,2017-10-12 00:00:00,2017-10-13 10:47:18
175c6ac7adca93a84e55e9e0658386e7,5ca9d935dd5306bf85a2f1e263d058f1,1,,Já passou o prazo de entrega e ainda não recebi meu produto ,2018-03-10 00:00:00,2018-03-12 19:19:43
d10712387356c634d7043f1069007374,53dd1c638fcdfafab87a7fdc67ae58ff,5,,,2017-09-30 00:00:00,2017-10-01 01:12:11
65427c6f16460ec95ce585302d8a1e99,19aeea45917083f03541b7d11afc8e2b,5,Muito bom,,2018-06-23 00:00:00,2018-06-26 00:22:41
106f6115568c5201fc3906a1d420b441,dc66d02aa72baeed7ea19e8d5bf9531c,5,Excelente,O produto chegou bem antes do esperado e conforme as características descritas,2018-06-28 00:00:00,2018-06-30 16:07:26
6d39277091d024876db1381ec2a32ad1,3d149bdb5aeabeaa605acc0cf58f1157,5,,,2017-06-08 00:00:00,2017-06-14 02:59:37
ae07315189904bd10f6776210f30baf7,3ff488af63223ea08fce4e9db03a82dd,4,,,2017-03-10 00:00:00,2017-03-10 19:39:29
476856d5b4913d89eaec002a3320db59,8f93df4da4cf61d8677c0d0913735f0a,5,,Produto chegou antes do prazo.Quero parabenizar toda a equipe da loja.recomendo.,2017-12-08 00:00:00,2017-12-09 10:43:05
3efa3930d080fe8a78d1c0d616019a85,62b86d4e40eb55d675e2ff8be00dd5e9,5,,Ótima compra. Obrigado.,2017-03-24 00:00:00,2017-03-25 10:03:53
57a3d04566ab1f6729141cc45161ba50,f75517cfb973c21eab8559a870263794,5,,"Estou muito satisfeita com a lannister e com o meu produto.... meu tapete simples e bonito, obrigada!",2017-07-12 00:00:00,2017-07-13 10:13:21
6702287cb2d5186d21b63e1bdc5f8985,7e41af71933a120d6d0fcf9249f19a85,5,Muito bom vendedor,Recomendo a todos que fazem compra pela internet,2018-08-25 00:00:00,2018-08-27 16:39:36
f6e13b426261eff4cee491469e3e960c,8a601ac58a66e7a37b56294b81c2b373,4,,,2017-06-30 00:00:00,2017-07-03 11:45:05
1147baf11d86b3fc590d807756fa32bb,2ee460773e708be4e0208745a3864b8c,1,,,2017-08-09 00:00:00,2017-08-09 10:42:03
0b5be2fd8f547fae7f6d88573c0b7356,2e233dded5d8af5e2baa5c1fca89a6c6,5,,Gostei e o atendimento ,2017-12-22 00:00:00,2017-12-23 13:47:57
f6f95b35081235721b8e9129051ce0f3,6bb214f60f0b2331b730f74f70dc322f,1,,,2017-05-16 00:00:00,2017-05-18 00:29:04
c2453c07e08099ec40b5cea23fe89462,9de18154654e59d76a22157b8e439add,5,,,2018-08-01 00:00:00,2018-08-02 00:15:26
47c335de367144a8ad702e3de6f44311,ef6f25d7157243ccf3dea7d938259533,5,,,2018-08-28 00:00:00,2018-08-28 18:16:24
8879d54fce675056ba44c157be388190,de396a46ff91b76a683f05d1f1f9b2c1,5,,O produto era exatamente como eu esperava e chegou bem antes do prazo,2017-08-09 00:00:00,2017-08-10 22:59:24
561c8f4a4d9771f568402bebfe028312,266afa038ae840df982e7b896e48ae62,4,,,2018-02-10 00:00:00,2018-02-12 23:28:20
7dcfcce2f1e7a3fd543b0ba6c4e99bde,c49e86b525c30f1b55eaf9abbc9837a6,1,,Produto ja era pra ter chegado dia 04/01 e ate hoje nada. UM gramde absurdo .QUERO QUE SEJA TOMADO PROVIDENCIAS URGENTES,2018-01-06 00:00:00,2018-01-12 10:45:00
b6463cf280aa4603dc189dfffce9f949,91dacce5950705b07fe767cc9fa118ed,4,,,2018-04-04 00:00:00,2018-04-11 22:40:18
9f2d41929815ed9877f3da6897fd1bfa,c6be81e3c1e9e15e5893e19d7ce49647,1,,"Primeiro me ligaram que não tinha a cor que escolhi no site. Posteriormente, recebo um mouse com fio (sendo que comprei sem fio) e não é um mouse gamer (conforme consta no anúncio). Péssimo produto.",2017-02-03 00:00:00,2017-02-04 11:15:15
6d404309850cc7da65029d59abeaa596,4bea538b29c975028b7af11cf3bf97f1,5,,,2017-12-10 00:00:00,2017-12-11 14:34:19
02c16afd687582bb74294ae64d43963e,d152d9b39cef5941978b389e5ffee780,5,,,2018-07-05 00:00:00,2018-07-08 03:35:11
f06ae8177f4249fb59575b811c224661,8bbcf79aa902bcc50716a1d94ea9434a,1,,,2017-04-08 00:00:00,2017-04-09 11:07:01
1632c77f9abc878d67da2d4b2daa71da,d72897662eb03d6b058a063d27c6e5e7,5,,,2018-06-12 00:00:00,2018-06-12 20:04:56
210ac3b0b054f76bd70ac5fff6808694,08c30c203ecbdda69311c1dba85abfa6,1,,,2018-03-07 00:00:00,2018-03-07 10:48:15
49dfaafa449f38f6259a1c25c57f24e9,8ffefeda31ab0d9c7c8b732ea9e1330e,5,,,2018-01-12 00:00:00,2018-01-12 19:03:00
06a3c317914170820d8fa2e3cd5a9fd0,fd22bd0610424ec9e62c1d98288b51e9,3,,,2017-03-25 00:00:00,2017-03-26 19:47:53
7f8cf15f7529ff055bbe69bdd8c140eb,43bf8ef114cb9b805735d15447abbc94,4,Super recomendo ,Ótimo produto! Atendeu as minhas expectativas! Os tamanhos excelentes! Gostei da vedação! ,2018-06-15 00:00:00,2018-06-16 12:11:37
abdd0b459bce550d240c56b5cfca71cb,1486436c20fbfcb9dbce0d90820b86a1,3,,"Recebi os produtos corretamente como gostaria,so fiquei desapontada com a película de vidro ela veio com defeito a parte da cola ficou toda no plástico e nao na película ",2018-08-16 00:00:00,2018-08-17 10:53:08
ad6f252500b5db9272950bb50b973f1e,a269f07880aaf28f6c7d476f8b56bcbe,5,,,2018-03-27 00:00:00,2018-03-30 12:47:00
7427dd5d74aa98d44325eda930abbfbd,2ab274c9a5e207ca4445d7c6ab29e46a,5,Boa,Fude JF jgjguvjjbujch,2018-06-01 00:00:00,2018-06-01 04:12:37
0b4cb80919034b34fbd561760c479d85,3a4952f6d090b5349392cbc64b971d1f,5,,"o carrinho é lindo, original e super leve.",2017-07-21 00:00:00,2017-07-22 02:00:35
858dbf0ee87944cbce9708cfb0c2b259,489d87d975c0d954b27ca5482aef1e91,5,,Recebi como prometido,2018-03-27 00:00:00,2018-03-27 20:49:16
e16137ef444676f4afd6a811410b4ec4,7471a79a069f8d195536e2c9c58d05ec,5,,,2018-02-22 00:00:00,2018-02-26 15:59:55
4d37507a52d8107b461a55392fe918c6,afc164a698c08de061cc7173650121fa,4,,,2018-03-06 00:00:00,2018-03-12 14:56:42
aa46a0c2555463941a2c09b02c2dcd92,6525d9ab0bff6133c63e9c0cfa55bfbd,5,,"Recebi o suporte e a grelha certinho, muito bom....",2017-09-16 00:00:00,2017-10-06 14:59:24
fc72e62098006b6c29b8dc53a2e0339b,adf094db594ac7282fe50859f69cdb31,5,Muito bom,Recebi o produto corretamente. Entrega rápida. Recomendo!!,2018-06-19 00:00:00,2018-06-19 20:18:35
c2901c066e9e11b83096d434df7970f4,75729cd39e546ea4083ab7f3859bb745,5,,,2017-02-21 00:00:00,2017-02-22 00:45:57
3a43887cfdbd2466b894c709c408c036,34d9e89f7b783901742e22fdbd182a59,4,,,2018-05-18 00:00:00,2018-05-21 11:41:02
a2aa06d0c3a67a0304307b6d04d52b82,f77fe87685972d2d1a7ff6600f590d59,5,,,2017-05-06 00:00:00,2017-05-09 01:02:52
85a70fbff3cc633745dbc322d8a13b1b,f4b9868b45403be3ef96c4f41744570a,5,,,2018-07-04 00:00:00,2018-07-04 10:25:46
6baa6c8435a833a994fe4dc3b2b99cab,35a20de8aa4da49067825dec7e7928b0,5,,"Tudo veio do jeito descrito, produto de ótima qualidade, recomendo vendedor.",2017-12-30 00:00:00,2017-12-31 14:15:59
aecdab794ff320fc1e9af5fa38063181,80f206a25c4f2cfb8f12febcb3c3baba,5,,Boa,2018-07-25 00:00:00,2018-07-27 09:17:35
429f282249a304eb08d8df6b7c987bd5,379f6f44af7b0f3dac181df7361bd70d,5,,"Produto ainda em teste mas a entrega chegou antes do prazo. e todo o processo foi bem agradavel.
Muito satisfeito!",2018-03-20 00:00:00,2018-03-21 12:06:30
daaf3cf312a46ae38dc3c809922a6b57,1a82ae1928c32cea24d0235445148454,2,,,2017-09-16 00:00:00,2017-09-19 12:13:19
1eddaf8abad5b0a5e3013aabbfaf6802,b2f6d9c004d4df667af498c97106b8f1,2,,,2017-08-03 00:00:00,2017-08-03 23:38:38
2b28254788221c5d51a10f2f302e1159,a2ec8ff90a5ffced9e2d1853bf3cf609,5,,,2018-01-05 00:00:00,2018-01-05 19:20:47
58dde20c53f73a1828b17d98e4d80a11,fbb38f33f44df110ef060767b70bdfa3,1,Tinta não é original,"Não recomendo a loja, estão anunciando tinta original Epson e não é. Uma falsificação quase perfeita. Revoltado devido a tentativa de ludibriar o consumidor. ",2018-08-18 00:00:00,2018-08-20 23:06:38
a155becc089f22a65da861e217a839d6,08d48caf3c6278c63213deae0000975a,5,,"Chegou a tempo, E em ótimo estado.",2017-09-26 00:00:00,2017-09-26 17:33:05
f7c56b2de4512deab1b291db542c41e0,ba1e49527baf8b4ad4b501e9dcaa9f6d,4,,Meu produto é 2 bateria de 12V 70A foi entregue mas vazou ácido na caixa visível até tirei uma foto ,2018-01-18 00:00:00,2018-01-20 22:46:32
a70ca9907b60c925869bd5619370c582,f340f140ae72544b6df944a32ccba7c0,5,,,2017-08-19 00:00:00,2017-08-21 23:59:54
35475e932772a7835d9263e8171913de,8e9358bf838db65d965ffe0913252ac8,1,Decepcionado ,"Eu comprei o produto, a qualidade dele não é a oque esperei, o valor na nota fiscal veio diferente do preço anunciado, tentei entrar em contato com vocês 5 vezes, para devolver o produto e vocês nada.",2018-05-19 00:00:00,2018-05-20 20:43:17
e1cb469fcfc5af40fea994c69e087ca8,5bbe99cfacba17ac9fbfd3b9c873f41e,5,Recomendo,"O produto foi entregue em tempo recorde!
Perfeito",2018-05-11 00:00:00,2018-05-11 14:02:06
2c1d83e1248547c04d9005a9a493db4c,fe5d946bb1d5891792a436f46f3618a3,5,,,2017-04-06 00:00:00,2017-04-06 22:03:16
fc87f6138b7b0e5d38b3ce7ca78cf766,394706e9971fea983907cd09aa349ed8,1,,"Foi pedido um kit com 10 unidades e foi entregue 1 unidade , faltando 9 peças.",2017-12-22 00:00:00,2017-12-26 13:02:26
1e6d4c8f20a4ff9e58a72cde81eed6ed,fb520e46696d1669a96549c252ed177d,2,,"Extrema demora na entrega. Aliás, nunca tive uma compra que houvesse tanta demora. Peço ajuda do baratheon para resolver esta entrega. 
Grato ",2017-03-24 00:00:00,2017-03-24 12:45:56
74778103364ae61465a072db6bdc6e8a,6cd38adf54359273a7b891f4480a809a,5,,,2018-08-31 00:00:00,2018-09-02 18:30:53
09760bcdf3bae6aa4c0c1bcee66aa2a2,f5510156179c05fec1dd3898b39c565a,4,,"Chegou rápido, produto dentro do específicado.",2018-05-09 00:00:00,2018-05-10 08:48:12
ce6dc316428af507a162ce423ad82b58,0771233ce445ab49cb2542af0243618e,5,,"Entrega no prazo.
Produto bem embalado e de qualidade. 
Muito satisfeita. ",2017-09-16 00:00:00,2017-09-18 20:12:41
4c44b3ea43eb596f262e75d472fecef4,a4058b92f127efc4a6eaa3d11d0b1432,5,Otimo,Chegou antes do prazo . Estou satisfeita com o produto,2018-08-09 00:00:00,2018-08-10 02:16:47
f47e1a28b8cf218efabc62aa53456dde,b88bf712c7aa1192376b4dc5bfadb916,3,,,2017-04-05 00:00:00,2017-04-05 21:32:59
092f3d4531ae22f25f6b37e07dc0265c,c1efdd2d9175b13e263d77e6ff0803ff,5,,"Produto conforme descrito, entrega muito rápida.",2017-10-20 00:00:00,2017-10-21 13:51:44
e17c6cedc648448a977e5626a2a9d068,b62490833ad4da4f0f696c9358737651,4,,"Muito bom o produto, só acredito que como defesa não é eficaz. Mas vale a pena ter.",2017-11-09 00:00:00,2017-11-16 23:07:20
b0e2831ef40a26224341cd7bb2191497,444ebbf5602b5acdad22e0b4a9951bda,1,,Recebi o produto correto porém é muito fraco e começou a rachar já na montagem.,2017-12-10 00:00:00,2017-12-11 11:17:29
2d42213ba7e168b249383b108c2f6262,dcd9141cf681c0a831e8988b32156d3c,4,Bom para ter,,2018-06-09 00:00:00,2018-06-11 23:01:21
65bba882c7fde06344940705e9f2434b,312f43273284b7ab987d5bc4d880d5ef,5,,,2018-07-10 00:00:00,2018-07-10 20:59:28
0a86c29eb6116bdcfceaed4172ca08d3,9d42a1c81eb3b04c83752029d1bb93fe,5,,,2017-11-23 00:00:00,2017-11-28 19:03:19
d41a0deaeca68df5d3335dad5acfdd2c,b7cf59f6158a9fd83ee0c75e95c65af0,5,,,2018-02-28 00:00:00,2018-03-01 19:49:26
71c88b8207a5c6518a57b92af2b9fc7c,68be1c52f0c662cedbe21ca137ca77fe,5,,,2018-02-17 00:00:00,2018-02-17 22:03:15
a7ae31811cf207828084737d77523b28,318850f283b818e0b9302fdc7d811fde,1,,"Comprei 3 conjuntos, veio apenas 1",2018-05-16 00:00:00,2018-05-16 18:28:52
12c18cfa6e87ca555351071e550f0bdb,db0d6bd65ccfca6371985ebcc2227efe,3,,,2017-03-18 00:00:00,2017-03-24 18:41:13
453cbd5278fdb3b95154a21cb7ab0064,1a122ca21948df08789d7d88094ff11f,5,,,2018-01-22 00:00:00,2018-01-24 23:27:38
709c355db86cad2a5bd2554c370033ac,bb953a084ab406da9e19dfdc06df0245,5,muito boa,"Tudo aconteceu de forma favorável, desde o início, até a entrega!",2018-08-14 00:00:00,2018-08-15 00:32:40
f94acb982e362a100f5ac1539a257095,626389ec53cbe508339cbc2ad3a4787b,3,Cuidado com a voltagem ,O anúncio não diz nada sobre ser 220V. Me lasquei!,2018-05-16 00:00:00,2018-05-20 16:00:21
44fe8a06b5ee5a0213a6d203302dda03,397cda88cf14fa47dd00f8ce20346f25,4,,,2018-08-17 00:00:00,2018-08-17 21:42:21
663cf215d3bcfdd514636304a46ad295,9deb96b0101b346adab6ec2418c56e7c,5,,"O produto chegou antes do previsto, em bom estado e correto! Parabéns! Linda a Bíblia ",2018-02-17 00:00:00,2018-02-19 15:58:13
eabbb908fe452ee4474150f8d361fde4,f72326e05e84a96d5565a8809452238a,5,,,2018-01-18 00:00:00,2018-01-18 19:33:17
dbc88889206ebba63cb7c3cac83b2a04,492e7cf9df2e0665bd893b5cbbcca6a3,4,,,2017-02-14 00:00:00,2017-02-15 19:48:54
8e5c5edcb3ffc10e5491380ba23b4f88,0cc7bb57999d251da473822051388086,5,,,2018-08-16 00:00:00,2018-08-18 22:33:49
2b32d8d189029638636c407a818ae39b,8dd212b37ef87381b34684de2200d25d,5,,,2018-07-13 00:00:00,2018-07-13 22:45:46
21ef37d23158c42c80a61d018fb5cfb3,5fa4923e35eb4c0d471dc44378b1215c,5,,Produto excelente!,2018-01-16 00:00:00,2018-01-17 10:25:33
12c41b4dac4b9b6ba48834fb3b683763,5dc6b1dfab4fc8303ea318faec36a73e,5,,"Produto exatamente igual ao anúncio, porém levou quase 30 dias após a compra para receber.",2018-03-15 00:00:00,2018-03-16 14:44:09
0e52515759d124f417d3a6c3aad4a480,3268eb4ec8dd57e0ec471da34e35f5e8,5,Muito Bom,"O produto foi entregue dentro do prazo, chegou do jeitinho que eu esperava e super bem embalado.
Adorei!!",2018-07-31 00:00:00,2018-08-03 12:35:54
b74836fc42f499d2a95b16d560e88534,0ad01dd05d74bc7891d57312627ec33b,5,,gostei do tempo de entrega,2017-11-21 00:00:00,2017-11-24 17:03:37
3e05276f791fe1bb6856e3d2123a864e,ceca30e6de65f20adb181e92932941a3,5,,,2018-04-12 00:00:00,2018-04-12 23:32:08
2eb4d550055a77d928b0f381b5e690d8,cdd2f841bc21ca6e8cb60fe51a640bd4,5,,,2017-12-27 00:00:00,2018-01-02 12:17:39
e84a4b3bc3d5b9b5c6e5c0fb2334ee70,520a0432269a88e8665d60d74918f8b5,4,,Ocorreu tudo certo com a compra ,2018-03-15 00:00:00,2018-03-20 22:32:11
c45e70d0030f0c62f1af224918e7be36,aa12a07df2b43bc0d2e8ebebd7271879,1,,,2018-04-26 00:00:00,2018-05-06 21:31:26
e8c71ad8cbf4574d2cd7eae23a59ad5e,9fbe5608458157efcf49b7aa98a8de21,5,super recomendado,,2018-05-01 00:00:00,2018-05-04 19:31:07
d472b41862b2deb16b726c329388387f,35484f2865463bc3be59efbdc0b218a1,5,,,2017-10-09 00:00:00,2017-10-23 23:21:41
561fea58ddff8654c7f076c4d1e91454,173be97f981ae72384ff95a719544e7e,5,,,2018-02-21 00:00:00,2018-02-21 23:58:37
0eb1b8178c68541775d56226f87366a8,d98e1bbea27add1b46f2f78aa0a3517b,5,,,2018-03-06 00:00:00,2018-03-09 10:13:38
6b728d2b25b16131d70066f96e573842,24299ef78eb1c1ba5e7288e3b1a90c85,4,,,2018-08-18 00:00:00,2018-08-19 01:01:20
2d23e73354177437d4ee0cccffa40cc1,35ec908d0cff9e5ba33b44d2ad7850b7,5,,,2018-04-05 00:00:00,2018-04-22 18:25:15
4e58994a5fac8d55a82471641d34433c,67fc16d6dc881afa68e40df4c30d510a,5,,Entrega e produto ótimo.,2018-04-25 00:00:00,2018-04-25 22:59:46
3660aa21e05278ba51b046f20548fb96,84c6aab1664b33eb5607e118dc4bced8,5,Tudo certo ;),,2018-04-26 00:00:00,2018-04-29 02:13:55
35bd753bc196d9b857c048d1468bab2f,558731462aceb9588378c7c19194d2db,4,,,2018-05-19 00:00:00,2018-05-21 19:47:24
c495c0857dbe5f29c0baf66303b76c70,8c4c737b202bd8dcdaa2336b54e99dc7,5,,Adorei desde o primeiro clique até o último. Fui notificada de todas as fases. Mega rápido ,2018-04-18 00:00:00,2018-04-18 14:17:02
bc9b3289b5b11c1e858b143220f519cc,e0aa66d7588bc46f68bf32d34ab6562d,2,não recomendo,"recebi os dois de cor errados, já enviei de volta há uma semana, e não tive mais notícias.",2018-05-08 00:00:00,2018-05-17 15:51:08
7f8e9e4244bb5b094ef2d74be6b22f5d,bca8bef56cc32e6f9374350f671f7229,3,Entrega muito rápida,"Não usei o produto ainda, mas pareceu um pouco frágil.",2018-05-10 00:00:00,2018-05-11 01:23:09
812eb55b05fbd4c1a0f0a771184c2a13,24940d1052df86d8e24f16e5adf2868e,5,,,2017-05-17 00:00:00,2017-05-21 11:12:05
61013209a52d1a9b7125fdcc14a0c81d,dc952dba5b4ae9cc2ea0eb4757f0cdd0,5,,,2018-08-17 00:00:00,2018-08-17 17:35:20
2a1890c83ed3df1ecc4a57f3f4677b9b,9202a540dd3900ebeb2ff790e949a54e,5,,,2018-01-24 00:00:00,2018-01-24 22:30:18
b1fd5bb8d85b5a49f90a0097b3029cd7,3eb08a4c95b522bed075ec059ad858ab,1,,Não gostei por que me mandaram a cor errada,2018-08-18 00:00:00,2018-08-18 18:19:42
59ff6058084032df459771bf139a4fc6,2ad833b9fd5613588e248a6973e94de4,3,Bom,"Bom, comprei de presente para meu pai que está acostumado a usar relógio Orient automático, não gostou, pedi a devolução do produto",2018-08-30 00:00:00,2018-08-30 22:01:15
acb9ae7d2e088256ffcf0e9daac130c8,491d0f75b13fe6ae121d0deb9a410a51,5,,FÁCIL USO,2017-06-30 00:00:00,2017-07-03 12:16:27
6f1105a113623d8a2f18f6b46e1cf363,cbb54b440099b6c4994d1109f3968b97,5,,,2018-06-22 00:00:00,2018-06-22 18:29:24
a53a5c10b38ad612cf6952c6fea469ec,ec84e555ec0c06ea52e4cd6051f68802,4,,,2017-08-25 00:00:00,2017-08-26 21:01:56
1148e16d2240ce7eb3b2b6e1e19da50d,555b96fab13352cfb0199d765806f364,5,,,2018-06-09 00:00:00,2018-06-09 19:35:17
3066e65b1383c7269fed2996c16ac214,9292a5004e4adeb999700abae47eb13b,4,,,2018-06-12 00:00:00,2018-06-12 23:13:24
1628256411d534bc6f0134338241b6d5,e4abb8fe0937a88e04513430b69d268e,5,,,2017-03-07 00:00:00,2017-03-10 19:47:22
419edb27236d7b3c83003a934370b6de,6e57a0a9be49f002ca81bd94ec9b7021,4,Recomendo,"Chegou antes do prazo e ainda não pude utilizar todos os cabos, mas já usei o da bmw e funcionou certinho",2018-05-05 00:00:00,2018-05-05 22:23:16
fe0ce9ba6230141498ebb12e4a346232,43831dba8cf4791c11ab2d6febf989e4,5,,"1) veio faltando uma das borrachinhas que ficam embaixo da base.
2)posso girar o timer sentido anti horário para desligar antes, caso o alimento fique pronto em menos tempo do que coloquei? ",2018-01-24 00:00:00,2018-01-25 18:22:20
841cec494d4e0386d1c2bfe4cb3317c4,c6c17394464f987209982d3f1423f068,5,,,2018-06-15 00:00:00,2018-06-15 14:31:08
4f46c601269de6dacd0c267d5cc407a9,7e73a37d2876badd7341bc42b0c1ac42,5,,,2018-04-27 00:00:00,2018-04-28 18:37:44
a4fd284edac734b7703bafe1afa9573a,64c3463da17e1c9262d302b03a81fb0b,3,ok,ok,2018-05-10 00:00:00,2018-05-14 22:53:30
b72351b9ab0ee50f754afeaa904552d6,b0df751c10c284b15748836ecd9b3475,5,,,2018-03-06 00:00:00,2018-03-07 00:25:24
bc02a8d3edafa817016e07179680d09d,0b95f3147f8a038de06187063d90008e,4,,,2017-10-25 00:00:00,2017-10-25 23:12:32
1a0185d9e9c25830d5ca6289665cb48b,d24ea7235cbfd0959d74ed0ce8d59c5e,5,,,2017-07-05 00:00:00,2017-07-05 19:29:56
0ace4fec20d16255ce8d114f2532c9dc,996776d8458d4b210ab2db71b6cc5e4a,4,,,2018-01-11 00:00:00,2018-01-12 19:27:57
a7f238f01b2e5590cbe7212022692012,cd24256f456d55df11e3049017c86d05,5,,Compro sempre e recomendo baratheon ,2017-11-24 00:00:00,2017-11-27 20:05:09
a876e6a49b68abe6e2400967178b5a76,abf6c7f874686f41f606c83a8e8d2a9f,4,,,2018-06-12 00:00:00,2018-06-12 19:05:36
d00004de0d2be25ba065bc1117583922,27d7b0ed49fd70b7706ee5e23773fd8f,3,,,2018-03-23 00:00:00,2018-03-23 16:02:59
f527c4274b72b693aefc8a8ca23a8c87,88435e218393c56a56752fd58b13270f,5,,,2018-04-10 00:00:00,2018-04-11 14:17:03
18501b24f156a96fd2357110fdf11275,4642b5eb7edc14a4a0dd2c2eb7b68e14,3,,,2017-09-15 00:00:00,2017-09-18 18:39:14
94f225b8b12b09d68f0d3adee845d047,50d4c71673a49f44db481398f72cb705,5,,,2018-07-12 00:00:00,2018-07-13 23:13:24
8c3a4d5390b2ccf084b413054dbaa3a0,b4c9708f4e37c6ac87564ef1f0efa7f3,2,,Recomendaria se não tivesse pressa para receber o produto no quesito entrega esta perdendo feio para concorrência uma loja desse porte se enrrolar tanto p fazer uma entrega tem q agilizar essa parte.,2018-01-13 00:00:00,2018-01-15 18:13:39
4cf7147b4540d0a2727aa981b142381b,a91719c33cb682b0e23e021e99e98c94,5,,"Chegou até antes do prazo.... Muito obrigado
",2017-11-21 00:00:00,2017-11-21 22:03:58
807c48479940fb341dc6a5585dd2e8f7,ba714b832c8a26b8b6ce921e0ecbc886,5,muito bom,muito bom,2018-05-19 00:00:00,2018-05-21 01:55:09
264d2fd81599b4c17af4a6e91dadddc5,156168da8a5dcb5224afcebe8b0a9c88,5,,Boa compra e entrega antes do prazo,2017-12-20 00:00:00,2017-12-22 21:25:29
d8697b1efc93843999ae12298b7a703f,c263f74f0ce9f6d9e0f4608a22a67dfd,5,,,2018-05-16 00:00:00,2018-05-16 19:41:16
2e76fbe3d4ea36bc61c11e9253df8d51,f8cc09140951893d329b6f1bb9106ab3,5,,,2018-08-24 00:00:00,2018-08-27 13:54:55
dbd75a6c0e615237083015badd943b46,a6264125a9c50827b115847d47c73a13,5,,ADOREI FICOU MUITO LINDO NA MINHA COZINHA!,2017-10-19 00:00:00,2017-10-20 10:17:53
be54e2b31755579eecea5644c8237ae4,3e79636f6031f6b4f05b671928369588,5,,"bom dia.
ainda não testamos o produto,pois a máquina de xerox ainda não chegou.
mas quando chegarvamos testar.
obrigada
Abraço",2018-02-24 00:00:00,2018-02-26 14:18:59
cd681f74e82b0d295628a75999110abc,747e4e0aa3817ad125ed9074ee005dd7,5,,,2018-05-21 00:00:00,2018-05-21 13:57:33
7afbad655b63c0a49c1d739280b591b8,540544251975ba4515aebe0ac8525067,1,,"Comprei 2 cartuchos

Recebi apenas 1 cartucho",2017-07-01 00:00:00,2017-07-04 14:08:57
2a05ab630e4b7b2ad1b71ae93f3a3a90,d1fcbf740c2191cdbe2378522690d12e,4,Paulo ,Eu paguei o frete e gostaria de ter recebido em casa como todos os produtos que ja comprei.,2018-07-25 00:00:00,2018-07-26 00:44:59
63da7bbd78171367bd1de27375bcadf5,044496e055fca9c2f17e1309e77a48b6,5,,Produto lindo cm na foto recomendo... Chegou bem antes do prazo,2017-09-19 00:00:00,2017-09-20 04:29:17
f0ce8948c0a92a2b82c096abef2bcdc8,9b05f77ce0774039487118673d490f37,4,,Muito bom atendimento e dentro do prazo de entrega,2018-03-15 00:00:00,2018-03-19 02:14:19
176a0304e7b25b72d4419cf8f7f08552,4fa373aa126aea437de1bdab7e3f4179,5,,"Recebi o produto correto, antes do prazo previsto",2017-08-23 00:00:00,2017-08-24 12:55:02
5849ab48269292920477dbe2cf734707,b102b42cde7719ae4b7c0163cf4d7dbe,3,Não recomendo,O produto foi entregue no tamanho errado!,2018-08-12 00:00:00,2018-08-12 14:44:26
40e7fdd978ac126ffdd570a4a340ea66,ff4935343715e7a6dae3e550f73a6459,4,,,2017-10-24 00:00:00,2017-10-25 10:08:28
c2556ed51098e91e8615fdd7d7738109,12b63b3416a5f2cfb2db709782a07af5,3,,Não recebi os produtos completo ainda veio faltando o um rolo de fio.,2017-12-20 00:00:00,2017-12-20 16:52:26
20f426d1dd9d3601f2bf775331677960,9196d3400ed2994d3c08cc053b84c84e,5,,,2018-02-17 00:00:00,2018-02-19 20:41:54
6fc8e903a5759d6808ca315f70d8d810,3937af5e68a191867e6224cd78fc2cd1,5,,,2018-05-18 00:00:00,2018-05-20 21:56:06
3aef9dfb2257fbc33b82bbe19866030c,07a4d93bf559c596edf3f808c5af4720,4,,,2017-05-23 00:00:00,2017-05-24 09:32:38
5e5849c803388bf1389327addf21b257,99c17c28779e5f367888a507c1ceaf96,5,,Chegou antes do prazo... Produto excelente.,2018-03-08 00:00:00,2018-03-10 22:39:22
db796f1bbfbc417cd410a6f68666c119,e9ad1ed9661164dc90b941c5389f67bd,5,,,2018-01-26 00:00:00,2018-01-28 00:18:41
17a8ef640c95b47eac4b990377b1e2fb,cb6788e2b64ab1ddde45555de93c809f,4,,Muito bom deveria ter outro tom de rosa mais escuro,2017-12-15 00:00:00,2017-12-16 14:53:07
4e6e4fdbc34f24b21f2b66025ee7af71,4dd4745f66dc08de8b825edf6155ce4b,4,SIM,satisfeita,2018-04-24 00:00:00,2018-04-27 11:18:07
63c761f149aefca945305229a59ba3fc,07440dff5293ea24c5fac25a473c2eef,1,Ruim,Sempre comprei nas lannister é essa foi a primeira vez q comprei e não recebi a mercadoria,2018-04-28 00:00:00,2018-04-28 13:04:56
a0b9aaeb26a59eccd4c5f626a7b057e5,20e001ef9eed26db199b0b95f59512f9,5,,,2017-10-11 00:00:00,2017-10-13 20:44:20
b2b6dbbcc6c161f48c679b24e3589a6c,c7cdb5ada4357751c31d84f94d1a14f7,5,,,2018-07-24 00:00:00,2018-07-27 13:43:46
186b702b3817fd5cc00b201b11764d63,88407c8c6e12493ff6e845df39540112,4,,muitro bom o produto chegou dentro do prazo.,2017-08-26 00:00:00,2017-08-28 20:10:38
7775d17dd35ceb9832b77c6d03e0900a,014872cb0c4fc7695c70484966baa65c,5,,,2018-03-17 00:00:00,2018-03-19 12:19:55
dbadb6a5ab8dc727bdda5bf0fc422913,51d714716b4df5d56ae92f97bf5a327d,5,,,2018-05-08 00:00:00,2018-05-10 15:31:36
cc0e65e5c7ae90bf004b356706d16171,77474f59024d12a846fb80577dd24ee4,5,,,2017-04-28 00:00:00,2017-04-30 07:39:01
23314b5c8e308c5567aa91fc6e501623,6c5df19e668b79ccf854d8fd72a105ae,1,,,2018-06-09 00:00:00,2018-06-09 10:43:39
406677b1aa6a123fc584694ecb187d05,3b8e6e47439c0aa25ddb6cbfc6dc8ddb,4,,,2018-07-22 00:00:00,2018-07-25 17:08:31
7b760f62a37998b2055ebb80bfae2290,253c8653b64a17c18b729399e14c42cb,4,,,2017-08-05 00:00:00,2017-08-17 14:02:19
6b9a600f1bb824da4ca38f65baf42526,736e1922ae60d0d6a89247b851902527,1,Entrega incompleta,"Comprei 04 unidades, e foram entregues apenas 02 pacotes com 01 unidade cada. Ainda não sei se serão entregues as outras 02 unidades faltantes.
De qualquer forma, a entrega deve ser de uma única vez.",2018-07-27 00:00:00,2018-07-28 02:36:10
7bb977a30c58ac862a3f7b42160d1133,0ea322b0cc5c5a359a4b83e2cae08390,5,,"Loja excelente, recomendo.",2017-04-28 00:00:00,2017-04-29 06:47:21
d7639d5b66a70dff05bedd9aafd85f34,d2dd22a82e41003562f87ca88e02b0b9,5,,,2017-06-25 00:00:00,2017-06-27 12:34:23
d955029fabd3469f8f6c684db712c702,8497feec743d70689576b2849a5ae95f,5,,,2018-01-27 00:00:00,2018-01-30 07:13:34
c437b6cb79213b855c7ea470268527b6,34e52c9f5c9ec68a599473a73c06a782,5,,,2018-03-09 00:00:00,2018-03-12 18:19:10
e8637e3d5fec0f06b3045e077f7dd07a,5600c1fabd9c27cf4dc4a3aaf57a8e29,4,,,2018-03-30 00:00:00,2018-03-31 01:49:47
6f0bd210eec56287b7939b049fab066d,339cfa1a6bf1f4f0c50db99c5255b714,3,,,2017-02-17 00:00:00,2017-02-21 11:28:55
c095c8f7ff4a125caf15e064cd8424e3,981222fe88bbeab39c6ca1fa7bceba4c,5,,,2017-12-05 00:00:00,2017-12-06 09:34:43
12cff24ef2b4f1916bbf63c2b0e5cd34,693c482b69198a2297a3b61befcd3890,5,,"Otimo produto. Porem recebi na cor rosa, no anuncio dizia q vinha preto",2018-04-11 00:00:00,2018-04-13 21:21:03
994a866f5b69e5539da228eee18a1f84,8d97d9eb429ce8f65870fff4d319699e,5,,,2017-09-29 00:00:00,2017-10-04 11:10:38
b07621aed6ca28a3c9e8e5f81b17eb5e,4983a642ae6d4ab0094e98bb201bd10b,4,,,2017-12-22 00:00:00,2017-12-22 23:10:45
0cc11f3df6a8b77a75f285a87b06fc25,611f544f53c61bfeee1a6923ea8555a9,4,,,2018-01-13 00:00:00,2018-01-14 11:39:06
414cc8ca39e40446a1a9642f07bb6a48,ceea3b56a13c40b2f0186e69472ac7cf,5,,Muito grata pelo cuidado e carinho para comigo gostaria de dizer que vcs são 🔝🔝🔝🔝em atendimento ao consumidor feliz 2018 a todos das lojas lannister 😘😘,2017-12-19 00:00:00,2017-12-20 11:42:15
64f182802413e2c578a5f531dee57139,42fd8129e4153758fd7bed28d50218f4,5,Bom produto!,O produto atende ao esperado. Bom custo x benefício,2018-05-07 00:00:00,2018-05-07 19:11:13
ee3a793a4d1cbe5ec9fde5103044bf3d,e2430bc2e4a68e6e61809fdbe4c15f0e,5,,,2018-01-30 00:00:00,2018-01-31 02:44:26
03c3b4002499bf92c6d5832643ad648a,87ca2f8dc91bf074b1b0e441341b2a53,4,,exatamente o que comprei,2017-07-01 00:00:00,2017-07-02 01:11:30
08440fd8828757e93d0acffbc9b9c837,8a8bd4a338e17ace44431e99a2add1d2,5,,,2018-05-30 00:00:00,2018-05-31 00:35:32
48f5a15eb9090137607c46664ceb0220,2db8bb66bd5b7b1777d5b5729843ff03,4,,"Otimo produto, pratico e fácil de usar. Porém poderia vir com uma lâmina junto acompanhada, fora isso uma beleza",2017-04-04 00:00:00,2017-04-04 21:07:01
ac8a77989bd67cd4b86c303560c07cbf,60902f64bb98d5d9911ee0c48ad5008b,4,,Ter algum apoio sobre a instalação do produto.,2018-04-12 00:00:00,2018-04-13 13:07:45
fa08b7f85ceab4fe772b885b721018f1,8493585c508f9c5e56d34538219d415d,5,,Bom,2018-01-30 00:00:00,2018-01-31 12:27:34
afd086780c6ac1ebec061d4e16429927,351126ee473c51592cb591efea295181,5,,,2018-07-06 00:00:00,2018-07-08 21:46:08
638c55d560d1269eac04cc36c32aa612,062fb51d4257a8a7ef0bb5df1becde54,5,,,2018-01-24 00:00:00,2018-01-24 19:24:54
5870cec90273a998c2e20ce783b319b1,2a2169e99fd0582e2322bce30ab5207b,3,,Estou satisfeita com a compra.,2018-04-26 00:00:00,2018-04-27 01:11:07
eb31c1cd7584495533c32a41b6e07961,6fa7108940c47458d4fb891b0b6a8a21,4,Bom produto.,"Chegou antes do prazo esperado .
Produto bom e muito bonito!",2018-06-14 00:00:00,2018-06-17 00:44:33
8e58f645b6fa56440a5134fcd66105ea,7287b2de6dc6c20b794e9a068815314b,5,,,2018-04-25 00:00:00,2018-04-27 09:28:45
7dd894ff9083d89c4be71013efe104a6,02875e2e1d01d7a1533215fb97510b06,5,,,2017-08-31 00:00:00,2017-08-31 21:29:01
37a41b043c9baee5c3198eac9b4487a3,1443dcd001241a655df59fc728c2c9ce,2,,,2017-09-01 00:00:00,2017-09-04 13:16:06
f635c06908bbc6d705901b612eafd6e3,60d33f204669abf0795294143b54d6b4,5,,,2017-04-18 00:00:00,2017-04-19 11:05:37
8a8252eec46dfa5d80666d04e7c09451,2066d97e219a2639a073fa775cf5664b,5,,,2018-02-15 00:00:00,2018-02-18 12:13:06
5f35b2c294f3259d48a799372665e7e2,daa4b4ce7bfba46a0325467bc139ee66,5,,,2018-05-08 00:00:00,2018-05-10 14:01:43
9ad9a94e45eab23372bd635109015beb,c908311ac45b5f0fa0a2a362fdf6b233,3,,,2018-04-24 00:00:00,2018-04-27 12:24:40
d6be05d20d16fbf40d7ca95538a68584,fb11e3f2905ee0f75ef24f40def76252,5,,,2017-03-23 00:00:00,2017-03-23 21:09:05
39dd415b1d623f684dcb00d8cd1ced84,6f2849e42b2d61384f499ab4bc2a5206,5,,chegou antes do prazo e ótimo produto.,2018-04-06 00:00:00,2018-04-06 11:12:20
0339c81f3c39a67da1a3531a5118298d,8f8a31db8b3bd96e4b989ce2afcdee9b,4,,Muito bonito ,2017-11-07 00:00:00,2017-11-07 20:55:36
4a5cf8b15f5770a40cc55bed7d17cae9,35b5262480e3a45052ad1b8070395e36,5,,,2018-05-19 00:00:00,2018-05-23 22:19:45
2b0c7e87f8508baf2554b303422281cf,4b1130720b31500948a942732f0befc1,5,,Recomendo,2017-10-25 00:00:00,2017-10-25 15:04:10
a41525afaa2ff34a9aa65c045da371c3,50cc103bda59bd29c59f33e00e19b4e7,1,,A espada veio quebrada. Tive que mandar arrumar ela,2017-12-29 00:00:00,2017-12-31 19:31:56
74d6bc672b004198865391a31521b75b,4f85d5b9b7d5cdc7e7f6ceb64aa47f5b,5,,,2017-08-26 00:00:00,2017-08-29 01:00:45
8ed7d7f54affd28604e20ea19d3318f8,bb102364b6a29f9f8683f21e5825595a,5,,Perfeito ,2018-01-24 00:00:00,2018-01-24 18:58:03
be9cb71020e244630740d4acfda1da7e,cb233c021d1912e8f7d4ccb5153e0174,5,Recomendo,Entregou muito rápido.,2018-07-31 00:00:00,2018-08-01 10:44:40
58636addc6d063170c6c594d777a01c6,bf76016e244b3edad48d42375a25e8e8,5,,,2017-09-27 00:00:00,2017-09-27 22:26:08
2bd75265617ceff1c8746f58784307ab,eef5a4bd5dd37ec132d383869df85eb1,4,,,2017-08-11 00:00:00,2017-08-12 06:33:34
90d44b00e32087cb9eb4b5badd90c912,37c8cbbb816470ceb8a3026653cf3d3c,5,,,2018-03-29 00:00:00,2018-04-04 11:18:45
68bb1b7ba043b8bb8b007ae9edac4127,ef8f0e3dd1d5294a7bbffc78a02a21b9,4,,"pelo valor do produto, achei que faltou recursos nos botões do relógio, O próprio mostrador do horário é pequeno para um relógio desse porte. Produto muito bonito, estiloso. Entrega rápida.",2018-04-29 00:00:00,2018-06-26 19:59:19
9dc50077272395ec4c7dcf0ff89be4fa,4fe2e8b329e56a00aba9b0136b46f00f,5,,Super Recomendo..Um encanto :-),2017-01-21 00:00:00,2017-01-23 09:57:30
d0014763f94fdab2bd14a0b09277da10,39735cad3fa0e9f2ea20c536b26ac87c,4,Baldinho bem delicado,"Adorei,ficou lindo no meu aparador bar!!",2018-08-07 00:00:00,2018-08-10 10:46:02
b9fe388b8883fcff4f70fc436a4bef5e,57db58fa887c4205f3bf01211de5cceb,5,Muito bem,excelente,2018-07-21 00:00:00,2018-07-23 20:52:28
5f858b753107dbe795ef3ee8c8b9b4f8,091dcb1d0729687de77f652e849db3f1,5,,gosyei muito,2018-05-17 00:00:00,2018-05-21 23:55:19
ec22261713cce1e1c68e0c3c24fc0481,34e28e181f142ed3b17dc370a9c22d70,4,,"Achei sincero o material pelo custo do produto. Minha esposa achou a mochila em si pequena. Seria legal ter mais fotos e referencial para compara o tamanho. No geral, estamos satisfeitos!",2017-07-08 00:00:00,2017-07-09 02:40:44
560ed6f56c40989ba9bdcc039ec78284,ca8371fd938708a12fe7ddb1d5d7d14f,5,,,2018-03-07 00:00:00,2018-03-08 02:39:25
1c2c90366e1cded0a3a2c9a9f6a7bbc3,3afb5554304bdc748e0b05b9b8fbb9ba,5,,,2018-02-17 00:00:00,2018-02-19 13:44:40
4ab1fc819818ce80666f214d780acd2e,b292a6edad2285c61d34667a9fdc7f23,1,,"Eu fiz o pedido de 2 bisnaga, é só chegou uma unidade. Gostaria de receber meu pedido por completo as duas unidade que solicitei e paguei. ",2017-12-15 00:00:00,2017-12-15 10:09:13
16422195e0679342e0ecb0a7363516f0,591ab3b2136169cbcc8f86900519151c,4,,,2018-08-30 00:00:00,2018-09-04 13:57:36
10a9d9865f91e5ac421f08d6054a873c,4911bfcdd33739f5324b35e82e0104de,4,,,2018-05-22 00:00:00,2018-05-24 01:14:28
5ad8102a42cdec3fe1833700aee79ef7,3d00fba40b3bbf3283c4f21e9129d855,4,,A entrega demorou demais.,2018-06-07 00:00:00,2018-06-07 23:02:05
83c1973edf0d7f69fe893a3d123eb2e5,c6bbde0cc0abfd5ffa9ab6da2d7391d5,2,,"um dos dois prudutos veio com defeito.
cancelei o produto
",2018-04-11 00:00:00,2018-04-16 18:18:43
e0a87616e7061599d5807873c93e068a,81756fe1903a10b2a5fbb3d843382cf0,4,,,2018-03-09 00:00:00,2018-03-09 22:16:52
b1fee23fdd40c3ffc6265bea4645d384,68e8ce771060f901302ac23924bd1400,5,,,2018-01-10 00:00:00,2018-01-13 08:11:37
b58bf4fc1258368a130689237b61b04e,f3444b42b17fcf5eb8f23ec2d69e21a7,3,,,2018-01-25 00:00:00,2018-01-25 18:09:29
aa7e11d7f7bb3bcfab161ab84dca6a8f,9711d975b961355b4b5d636857e48498,1,,"Mau atendimento, recebi o aviso da mercadoria no último dia do prazo dos correios. ",2018-07-01 00:00:00,2018-07-03 21:34:07
183694bcd82211baa33378e5c8404c51,4de51073bc1cd11e85fb03f29508b308,5,,"Parabéns pelo serviço, chegou no prazo e estou satisfeito com o produto.",2018-08-25 00:00:00,2018-08-25 20:48:47
1367ea678b9f18ce3cfac94bc31101ca,1ed0a0954b445954a0117c4aaf449e28,1,,"Estou tentando contato há mto tempo e sendo altamente ignorarada, pois assim que o produto chegou e percebi que não era o que eu queria solicitei imediatamente a troca por outro produto ou a devolução",2017-12-10 00:00:00,2018-01-17 13:46:01
1beb542e12be99601ae98b99b17bebcf,4ab2f2ac4c50d1a98dab6d9541a633ee,2,Regular.,Mercadoria demorou muito para chegar! E recebi com avarias.,2018-05-19 00:00:00,2018-05-20 23:19:00
732705c1a5dd7cd0646e568c140895db,bb26b9f1f2801c2bd60622b82bbb533b,3,,,2017-07-28 00:00:00,2017-08-02 00:38:48
149794195f297ef1b10e4325780fdcaa,29f95ab000e30a2a4dbeedb73c7357f2,1,,,2017-09-21 00:00:00,2017-09-22 02:14:17
15cd7b3f6cde59e26ad7f7ca25e66ce3,b4c45d4cc2a2e24e10d4e20bae928819,5,,,2018-03-17 00:00:00,2018-03-17 21:50:10
b359210a7edfa6fe5b8a71dc4b8aa614,e5454c2facaa42d8fcf1a1c5ab585666,4,,"adorei a capa, recomendo, muito bonita, so gostaria que a capa fosse toda revestida por dentro, para maior proteção do violão.",2018-04-07 00:00:00,2018-04-14 00:12:29
729cd3fc494e99426ea54aa181c4b011,c0364ee18a0b18e6da5e7754cf4f4e8a,5,,ok,2018-02-27 00:00:00,2018-02-28 16:05:49
64863429982808e5c0fb035216857e94,bd538b23115ef07a07199e3e2bdc2d4d,5,,,2018-07-25 00:00:00,2018-07-26 14:17:44
509d46601d4939c6b4e063d289c968a2,6a924969e49789ee7b332cdc7677c35f,5,,"Da compra ate a entrega, tudodebom ! ",2018-01-16 00:00:00,2018-01-19 02:11:59
a5e50067f0644a8dec40ef96c8eb7a81,9d57e7a9c3dae94772187f73e97d9854,5,,,2017-02-03 00:00:00,2017-02-04 23:32:17
78646f4271361b683f90dc861eee48ed,60b937da90f851b4fb55afb5d59d460b,5,,,2017-08-08 00:00:00,2017-08-08 19:40:42
6d177f1084456509f46fdbc9e5d014ee,40f27de71845c6aebc742107208b5c2b,4,,,2017-10-19 00:00:00,2017-12-21 22:19:00
1bb2ed2053331b349c6551c6277fa9d2,86200deb58eb0b29e666114e87e76302,3,,Pedido entregue no tempo certo ,2017-12-15 00:00:00,2017-12-18 20:37:41
090dce504275a753282264a99094632d,35b93dcd988cc9e90dd933769bb196c4,5,,,2018-05-04 00:00:00,2018-05-08 14:38:50
6ad941318a24d346b4c86b1926187a02,d183fc49f91a7ab7a5450ffc7057a6ff,5,,,2017-12-13 00:00:00,2017-12-16 00:48:53
f8cb8036c5d8c77dfad81f7f86431347,ab30f399d360ddf62897051d813f887d,1,,"Veio apenas 1 colcha, a azul, faltando a Rosa. De qualidade ruim, faltou informação que o produto era de encaixar igual lencol com elástico. ",2018-03-13 00:00:00,2018-03-14 12:22:49
c931a4fceda6009a7773b093e69316f5,7a2ea112b017a44fc1ba0eb88979f3f9,4,,,2017-12-05 00:00:00,2017-12-07 19:35:27
e9f2d994e3ccece1b52ee51c7e7e431d,c6404ad1d7ca9a20609c6a3179e06293,4,,,2018-04-03 00:00:00,2018-04-03 21:29:37
a67a9f5ae3775a0e848ed0b3b4241c60,72b34ae1ed3ddd65b13c86247dd37cea,4,,,2017-10-11 00:00:00,2017-10-14 19:45:13
82e124f68c09d3617ed0136837511c56,bb903af0ad020f23de12114a1c74a2aa,5,,,2017-05-23 00:00:00,2017-05-24 01:26:03
418221e83af613d71525282aa3c5073e,75681e645ebf121d79cde28849994e7c,1,,Não recomendo essa loja pra ninguém comprar porque não fiquei sartifeito com uma compra que fiz,2017-12-05 00:00:00,2017-12-08 00:07:39
3228ef2e2371339d59adcf9a3a817826,f0e14b83b8b12697246a18f91e0377e5,1,,,2018-05-11 00:00:00,2018-05-12 12:30:45
19ef9cbedeeaa92a1251bd30a4bd97d5,9ffb318d17153de8c18c817b99338e0a,5,,,2018-08-24 00:00:00,2018-08-25 16:43:07
8cbfa30d0c75a80485fabd82c59aedfc,fddbb434bce33723969c0d1950649dbd,5,EXCELENTE,"RECEBI MUITO RÁPIDO ANTES DO PRAZO, OTIMO QUALIDADE ADOREII",2018-04-27 00:00:00,2018-04-27 21:59:32
781dc788283c0508ddea46ac582845c8,fd4a2838bede5695c44824f56cd274f2,5,,,2018-08-01 00:00:00,2018-08-04 07:48:46
ef00c01556e69a80786308b35a36f2c6,1b2e84ddae3d008de5b1cc139a03c174,1,,"Recebi um violão no lugar da câmera e fiz uma reclamação no site.
Agora vocês ão tenho como ir ao correio, e preciso que a troca seja realizada o mais rápido possivel",2017-03-07 00:00:00,2017-03-08 18:00:53
09fda17c5ea0d225f9016a9bdae1a76c,c4cc03bca99df6978ffec2cf33fe0acd,5,,"Venho bem antes da data prevista adorei produto de qualidade recomendo.
",2018-02-20 00:00:00,2018-02-21 10:13:47
d3cd5c34490f96738253d23575a80323,c9ff04aa260f20f8b69d7a6dce2327c7,5,,Parabéns pelo desempenho ,2018-04-09 00:00:00,2018-04-09 23:07:42
443fb044ca5f287b04747fb17799dbc1,3ee6f1a94cd7b1aa622553fd94a3aaf3,4,,Excelente!,2017-09-01 00:00:00,2017-09-04 14:03:42
622371260848fe8e888b3c0bc395fcaa,bc14e28998f2436b7a9adbaad226703a,3,,,2017-06-01 00:00:00,2017-06-02 11:15:11
b6dafd4d99253851cfdd0794f78d08d1,dcc3610bd6745b8ec0d84354631fbd3d,5,,,2018-07-28 00:00:00,2018-07-29 01:14:22
634c147de470b482d8ac65c4c49b83a4,1bdc66f51db19484352427af89377129,5,,,2017-11-15 00:00:00,2017-11-15 21:30:51
1982a4812e447dc010bd19a701ee03ba,55bde651a2c412e983a9ace2f3e05c5d,4,,,2018-08-16 00:00:00,2018-08-16 23:12:04
14ee1990f37cc7df9c78618992d52cc2,cb740e05716c376f1e99f0509fad75c7,5,,,2018-06-26 00:00:00,2018-06-26 20:00:47
ca71d4f707c57dfdf7cd7937889d9628,a7068cfd6d38617e2a752a01e40230f5,4,,O.K!!! TUDO CERTO.,2017-09-20 00:00:00,2017-09-23 10:44:05
29aeeca2ed21aedc552cc21421eeb983,06b2c7035561ef12b16045ef4bf459e2,5,,,2017-07-13 00:00:00,2017-07-18 00:24:04
685dab4a7b9cd0ab69feb3f5ace78be9,52d5bd7c9cfb54cf72f3c9ac55bbb0dc,5,Excelente,"Estou satisfeito com o Produto, Chegou bem antes do Prazo e um produto perfeito.estao de parabéns.. recomendo o site e o vendedor 👊??👏👏👏👏👏👏👏👏👏👏👏👏👏👏👏👏👏👏👏👏👏👏👏👏👏👏👏👏👏👏👏👏👏",2018-06-27 00:00:00,2018-06-28 01:57:25
b192d16b9c49cb52d1bb00b267f9c989,17a0d6c98b2dc14bfc378f1ebe19b11b,5,,,2018-04-04 00:00:00,2018-04-12 14:52:10
319310ea9763b189597ccbc1fa941306,5c51684e9930d09a7f209a96c71064ef,4,Muito bom,,2018-05-05 00:00:00,2018-05-06 01:45:38
750743b06782306d6253173e046327f9,a6f6ef4007557b03f6b82beebc22150f,5,,,2017-09-05 00:00:00,2017-09-08 02:02:57
f552e7ae201891f34b7d7d1b489d8874,91ad6a8d591e94d9e1ca998185243e2d,5,,,2018-01-06 00:00:00,2018-01-07 11:31:09
0c93f39e2815a4b517cca4fcab882362,976fa354f6ecccd2abd6d95c676ab62d,5,,,2018-08-14 00:00:00,2018-08-14 19:14:09
e40d31071ee19ab9da13743560d0ac74,a5504f1984f84201ce8630f9b7df369d,3,Meu recebi o produto,,2018-06-09 00:00:00,2018-06-09 13:32:23
fe7590221145f4a174e3b23c8f514025,f31d5a3e33c2203f5ae326272b1b6b08,5,,,2018-03-30 00:00:00,2018-03-30 22:14:36
d5a1f946367b063bf8a2e0477255e0cd,5c02bbcf8ee00ff276723c431b064505,1,,,2018-08-15 00:00:00,2018-08-15 13:41:23
fd04bb1cd4c02ed6dda9e1fa633c0412,daa31883279538aaa2097f19342c2b90,5,,Entrega dentro do esperado,2017-10-20 00:00:00,2017-10-21 00:48:46
e8afdc4a3cf737e6b1f01951f946604a,859a1faf872d345b39b31e3c9e044325,5,,"PENDENTE LINDO! TA DE PARABÈNS AS lannister POR VENDER UM PRODUTO COM O PREÇO JUSTO E DE UMA BOA QUALIDADE , SIMPLESMENTE AMEI FICOU LINDO NA MINHA SALA.
",2017-08-04 00:00:00,2017-08-05 05:12:20
2f9045be3462168f6dcfbff27ec9606f,73314e79b29b8857a78a32853790a9d0,5,,,2017-09-09 00:00:00,2017-09-15 13:32:51
8423cd6688d8213a5388229f9231a845,4fb826a738895055159e95010e189c69,5,,,2017-09-20 00:00:00,2017-09-21 18:19:47
2dd68f48f345ada7d29aae0d1191388f,74d0cc035ccffc33de7a0ef8c429a931,5,,,2017-06-21 00:00:00,2017-06-22 18:31:43
9441401ebdc05b920011016ddd3e4fa3,f09ee33b5d977c908ce324417907f574,5,,Entrega rapida e produto de otima qualidade.,2018-02-23 00:00:00,2018-02-24 01:25:01
acaff599f2bbb6b8995368bab93b6a38,7e4d4a50dc999bcf59d2e055db0f4b37,5,,,2018-01-20 00:00:00,2018-01-22 15:55:42
d9c82975c2189f89fce971fa2b47826c,751df94e324fbe8de6a5a186568f128a,4,,Produto parece bom. Ainda não usei.,2017-12-11 00:00:00,2017-12-12 21:03:21
78b5632e82277e36fa8a76f9c92697f9,bff91283b9a8721d0491825a37e59d89,5,,,2018-03-25 00:00:00,2018-03-29 12:05:49
9681720b3b95514cb80250ec12158c61,e4dfcaf56a2c7a993710bbc5d10a3d06,5,,"Pendente muito bonito, como na foto e a entrega foi super rápida. Ainda não instalei, mas ficará lindo na minha cozinha.",2018-01-11 00:00:00,2018-01-12 00:11:30
8928004690de207823c49726ee9d53df,00921e4911895b93c7b4fc0d80c0815e,5,,,2018-06-21 00:00:00,2018-06-25 14:09:28
4d42cb3d8149bc3027eec26834c85ef7,43070b94b6d741a764e8e1ba4a2ea91d,3,Avaliando se recomendaria,"A cadeira é confortável, mas tem acabamento incompatível com o preço: peças tortas, rebarbas e manchas. Embalagem frágil: chegou se desfazendo a ponto de cair peças da portaria até o apto. Sem manual.",2018-06-05 00:00:00,2018-06-06 00:34:52
b830a7f562de37bea4b13bbc7ddc2623,f84f158d834dafae73fa8da8b11bea6d,1,,Ainda não recebi meu puf,2017-09-10 00:00:00,2017-09-10 13:02:29
1a274373ba56f308a9c45e3d2bce3697,f7198d6fd9c02f8d7f7646b213376ddf,1,,"Comprei há um mês atrás e nunca chegou, não existe canal de comunicação eficiente e até pra reclamar q não chegou tive q esperar quase uma semana",2018-03-22 00:00:00,2018-03-24 10:25:25
a89a2a822fa6d983128e5ca229633882,5ad066b6e468fcd60b0d871bfa99112a,5,,"Produto excelente.
Entregue antes da data prevista. 
Adorei. Obrigada. ",2018-02-06 00:00:00,2018-02-06 18:23:08
1a9542d9ce3b1d9771070bce3dd22716,ae30b3b7dd8b6106d53a9c4af07736f2,5,,"Entrega super rápida, Amei o produto, com certeza indico",2018-02-21 00:00:00,2018-02-21 20:24:23
7125b45f4ba2711b5d68a11883154602,80258201cda75aff559a9cc15eb0da49,2,,"Podia melhorar, por que eu tive que buscar nos correios e eu queria receber em casa",2017-09-16 00:00:00,2017-09-18 20:16:48
5740d386c837334caa339248b6d58bd8,882e8af23c36f8930312f88cacde187b,5,,,2017-09-15 00:00:00,2017-09-16 00:34:49
c6db60129f5aec7c29056321781e5e16,0fcb1b4cfdb2f127f9ae4d732352dfc7,5,,,2018-03-22 00:00:00,2018-03-22 23:28:47
b0f884a4752b38f8d5af5b50f8d9f8fd,d3220f2771d590e93736b9078ab008ce,5,,,2017-12-16 00:00:00,2017-12-18 19:52:01
34a4ed16d292cc88440047ee8ba1bac7,156164b0c009c68c766b1ce1213cee18,5,,,2017-08-22 00:00:00,2017-08-22 20:08:43
24e467c8784b125c2822e0f9e6bd877f,c5aea2f23df89cdf58e3c3721456f0b0,2,,O produto não chegou!,2018-04-25 00:00:00,2018-04-26 02:45:38
21f093e8633c9296286aca13f37a839d,034733b9cacb3d55bce1e49c422ae3e7,4,,,2017-04-01 00:00:00,2017-04-01 22:56:46
0c7932c55debb2f4063bcc6c533a87e0,2939b6d48c2488e276205bc547c56aac,5,,,2018-01-12 00:00:00,2018-01-13 10:13:10
243a83f3c6ff16829eb05142935f7a50,314639bc2e41647756681b0f2afdb306,5,,,2017-06-15 00:00:00,2017-06-16 23:57:47
f4977ca1d40e60932532e9c5e381348a,4fb59cc4950521f470473ef761b30d7e,5,,,2017-09-27 00:00:00,2017-09-27 23:26:06
a12aadb99d3803da11dddd1f4c2a93dd,c2cd5bc346758b7a8259cc0d1f974824,4,,,2018-05-18 00:00:00,2018-05-21 13:45:01
a3b2bb735bae4d08807789e03808e597,4f0a2c058df62bfe77f0e0e1e1ca66eb,3,,,2018-03-06 00:00:00,2018-03-09 01:38:38
e0ec3ee0c33d0cc21d4b333801bee4ba,3243b6004aa13062aab8b5d81b54fc98,5,,lannister otima,2017-11-07 00:00:00,2017-11-08 21:57:22
e761efc4c76b9aa6731c942cc7f46dfa,a6401d6c8f6d0df7821a17a628c1f36a,5,,Produto e entrega conforme anúncio,2017-06-14 00:00:00,2017-06-15 11:17:51
922fc561acc74b44673b99c8e44cb9c8,8280bddb9636fd420fecbd96c5b0c877,5,,Excelente produto e vendedor recomendo a todos.,2017-11-11 00:00:00,2017-11-14 10:47:29
6673f51d62a6a5219c2cdc09525be259,61762cc32c47f742be3e930cac5d681d,5,,,2018-06-12 00:00:00,2018-06-13 01:25:34
e6c8f2ab517ef19dd0a02a771fecc827,008a40c2b8b21893e04945ce58854b55,1,,Esperando o produto para avaliar ,2018-05-09 00:00:00,2018-05-09 21:20:32
603ddc65c5b8913a5916447af9bf358a,7f2c22c54cbae55091a09a9653fd2b8a,3,,"Recebi apenas 2 pendentes falta o restante com uma vendedora eu consegui falar e ela ja enviou os outros 4 pendentes, ja os amarelos ainda não recebi nenhum estou aguardando faltam os 5 amarelos...",2018-03-22 00:00:00,2018-03-23 00:22:21
451cba223bef44c794efd257c91527e7,5f77756df7ee84e204c730c024312542,5,,,2017-08-29 00:00:00,2017-08-29 21:15:04
8ab87c4e09b7c1f1f8ea576a84513604,57490284e3524fb4b1c4112fa966cbde,5,ok,,2018-07-11 00:00:00,2018-07-12 01:34:35
5f353312d83597f852ef91153aa01705,0256530d814cde05587fcd8e1b992bc8,5,,,2017-10-17 00:00:00,2017-10-18 02:50:19
63c4b179c0f64e4c6b1d708d914f80c5,b76cebb0a09007c35a19e98b178acd63,5,,Gostei do produto e da loja ..,2017-12-28 00:00:00,2017-12-29 01:25:51
fe7dad50bf223c68e417987aaca396c0,e546da8f5a68e30c67e5cdbb75a3447f,4,,,2017-08-16 00:00:00,2017-08-17 03:34:01
eaf604fe09097d4bf853ffd8a08d3062,b3424a1c4c3af064d3472b285180bed0,4,,,2017-09-26 00:00:00,2017-10-02 17:05:48
a5901ae35a2bda66326ed8345d111c2c,99221769ebf04d97afe0f08894b75586,4,,,2018-03-25 00:00:00,2018-03-27 21:32:19
d10337f51846119d9392183674e8e800,fcfe2d5e04958fe97ad8a49d23e12441,4,,,2017-06-14 00:00:00,2017-06-15 00:02:10
981bbdffc26bca6360e20fbabd31d369,3ebcfe0e628a860eb240b63084495439,5,,,2018-07-21 00:00:00,2018-07-24 15:24:51
5f3e9c42fa03c034ba2d5345ffab59e7,0b8f73a9816cb775a1bf1492c3bca4e7,1,,"O produto é totalmente de má qualidade, as ""bolinhas"" são na verdade adesivos de papel, e as latas vem completamente preta por dentro, podiam ser limpas pelo menos.",2017-12-01 00:00:00,2017-12-01 22:33:16
3442f5cadfa8e9079d6d41002293ea53,3305840d006ff4ecbf347e2c1a38d698,1,,"Ainda não tive retorna da loja targaryen, só tive retorno da equipe das lojas lannister que esta acompanhando o produto. Ainda aguardo! ",2018-01-18 00:00:00,2018-01-18 03:42:04
be81a52a15486ba7f00d21d21f9b105c,95f9d289eb0d1034066dbe1638e696f7,4,,,2017-06-24 00:00:00,2017-06-26 10:15:36
d064c2d08b9c84bf45ba917282412ab3,7cbb15d12a1bb13fde596f305857b22e,5,,,2018-04-06 00:00:00,2018-04-08 15:32:02
ce9216938c0d5f706b0dabfb875fbd63,7477cb986eef32aa23035fdd22ed27d8,4,,Produto entregue sem problemas.,2017-07-05 00:00:00,2017-07-08 21:01:44
54654a46355a6ab1c5e79d71a6cb3cad,7a2c8013c9c8e38f617beace0522b596,1,,não gostei do produto. muito fraco. não valeu a pena. você tira o produto da embalagem e no outro dia não tem mais o cheiro,2018-01-24 00:00:00,2018-01-25 11:26:59
6028c5b557d83ae5012c64908383ff9f,67b50899f52995848c427e361e10dde3,1,,,2018-06-28 00:00:00,2018-06-28 17:00:58
904e9af903a877e2492e349a9f78d4fe,f4371828f48e2b5080d079e60138f149,4,,,2018-03-13 00:00:00,2018-03-13 22:48:32
04aeff351d909f2699e9b9ec6d6b5abc,18914d929964317dc0a002fcbbd70d06,4,,,2018-04-15 00:00:00,2018-04-17 18:43:26
23069688b535e676934c6b3d17a524ef,e494c29003c61332fdf1340bba650cd3,1,,"Bom recebi um suporte, mas foi com uma ventosa pra colocar no vidro, e o que eu comprei foi pro encosto do banco. Porém não tenho interesse na troca. Ja comprei outro. Obrigada. ",2017-11-24 00:00:00,2017-11-27 14:03:09
2de5305133a19a4398d903b2d4201077,ecc72b676b14179b5bd30e446043c1d2,5,,,2017-11-18 00:00:00,2017-11-20 09:11:36
c651d38f334735fa5eb0d1a18cd4147e,cdcc6a10b38eb298efc7496c36329752,5,Ótimo...ameii...nota 10,"Entrega antes do prazo, produto de primeira excelente...cores perfeitas iguais comprei.. enfim me tornei cliente. Comprarei mais vezes. Obs. O frete poderia ser grátis..fica a dica",2018-08-12 00:00:00,2018-08-12 20:49:34
120922615bfde7161988f64c1f6e8065,37394e732421fbc2891f359531eae716,4,,,2017-12-13 00:00:00,2017-12-13 09:13:37
fb9b8a53980e186bdd188807c5494984,5e41372dfed214a973d082c2ba36e9a1,4,,,2018-06-01 00:00:00,2018-06-04 12:58:13
8df3a6f5edfd7a3495e0a7f4774fa842,98e54035aaf4e7a4b0464f9e6066febf,4,,,2018-07-06 00:00:00,2018-07-09 11:47:23
2837b557a010319613a8295e28d5c235,d67ab4b4a971f5584ab838fa8ed37d34,5,,Produto em perfeito estado e entrega rapida.,2017-10-05 00:00:00,2017-10-06 17:52:44
c36489e3bd5558dfcf7f3f70e2940813,cf08f889cfc7f4e20d52cf7c6828eeee,3,Produto diferente do anun,"Efetuei a compra de um relógio Cássio, de acordo com a descrição do produto e a foto, porem o relógio que chegou é completamente diferente do que eu efetuei a compra. Achei falta de respeito comigo.",2018-07-31 00:00:00,2018-07-31 18:37:39
2aa56f5d069392f26cd224bad6e94e34,d41ebe858c1aa2cef4e728fee0b07230,5,recomendo !!!!!,lannister nota 10 !!!!,2018-06-28 00:00:00,2018-06-28 21:04:48
940b1bc4f57e68e9a264066bbe867e5e,fe47e32d0b287864d6165d74e35dbb24,5,,"Entrega super rapida ,amei o tapete!",2017-09-21 00:00:00,2017-09-21 21:24:36
91879d6169b59b21a0a67d0ab4341d95,bfc9b6d89dbb2d9a7dc7fde5843e0ba2,5,,"Adorei comprar com vcs, produto excelente, chegou 10 dias antes do prazo estabelecido",2018-04-04 00:00:00,2018-04-06 23:03:56
e7fe983abe23c4a31196a9f48576e1da,9c957591bcb898e6250cde437b938d95,4,,,2018-07-28 00:00:00,2018-07-29 17:19:06
5ddb0f1fd615c6b88b64fac1a8493821,f6fb987bc7494802dc112987999e04fe,5,,Satisfeita. Produto conforme anunciado.,2017-08-12 00:00:00,2017-08-14 13:23:19
3db2be53e8d7fe316c963e432ea778ab,f0fbc60d51bb40c156688d9ce008237f,5,,"So houve problemas na entrega, mas foi por causa dos Correios. Ainda sim foi entregue no prazo",2018-02-02 00:00:00,2018-02-03 11:02:06
946fdceecfbb436cd39e777856f094a2,706296e2ab240216ffef853d1095d04f,4,,,2017-09-05 00:00:00,2017-09-06 17:07:28
bc1f663de38d64253cc21d083d4c9932,da1d283bca74140785d392cda010a77e,3,,,2018-03-18 00:00:00,2018-03-20 02:17:11
40e402e0ddd86420d528d0e1573d0730,4682ccc1cc6188dda05e841ad72bc5e8,5,,,2017-12-22 00:00:00,2017-12-23 00:00:16
823b36bd7fc55197a41a23dcb2b84b53,7f6945b2c635db3bce1cfb585ba82d33,5,,,2018-08-03 00:00:00,2018-08-06 14:48:06
7968fb23803c69d0dbb64ddc0e6637ea,6fd39a1adde54d0a5e6fe5ddc6c8784a,5,,"Chegou antes do prazo,igual o da foto adorei.",2018-04-20 00:00:00,2018-04-23 03:38:43
bb077fdc7191a25eeac3c7f43bc8f66f,5446ddcc7951680ce606991e1d953e6d,4,,,2017-08-04 00:00:00,2017-08-05 14:06:34
cf3442bbcd88e577157f31f9009eb34f,6e1199a328a9d52a7f04542ee9092ff1,5,Original novo,Perfeito ,2018-06-09 00:00:00,2018-06-11 21:07:06
87596e3728c23d84fa75ffe5d692d234,a9eec1b45478f7ed063439b8f7506807,5,,Resolveu pra mim,2018-04-11 00:00:00,2018-04-11 10:31:49
8eb907971f4ea133d160f129a87351d4,4ecd4654955a39a165e7cde49b3ec0fb,1,,"Minha mesa veio com o tampo todo danificado parecendo usada. 
Estou tentando a troca na por enquanto está difícil. ",2017-07-20 00:00:00,2017-07-24 03:11:21
25bee9c195ffebbf23996b86857c86e1,055cfc7366f3dfdbca102536d95381bb,5,Ótimo e prazo rapido,Preços ótimos ,2018-06-12 00:00:00,2018-06-13 00:44:03
174c8bf60fc5bb9b7a3bd179caeec173,e4b6df3eb118302bd304c9d02ca19afd,5,,,2017-10-21 00:00:00,2017-10-24 13:23:06
bcc00de59a65f4c1df58604968c20c1a,961e74f5989501c3f4e58b175753ff4b,5,,,2017-03-24 00:00:00,2017-04-03 13:33:37
8d652c40dddb2f5bdf08c784e99c55ed,e6bed0846d5d268bf1ebcf66eab19a42,1,,É a primeira vez que há atraso nos meus pedidos. ,2018-04-07 00:00:00,2018-04-07 16:13:59
7d4c8a423e2c9b9a064d4b24f104b188,c96bb2323dfac3672b0a52e5add6b1f8,5,,,2018-03-27 00:00:00,2018-03-29 20:58:01
5cbbadc7a498b4c9dcfe49b1b2a5b63c,ec83ca33654b7762ca475188a2152211,5,,,2018-02-21 00:00:00,2018-02-22 01:19:49
e25e19dab6515f1a759e9a5c3b19e1ce,cd616a07efbf375e0b1fba8b5ff969da,5,,,2018-02-17 00:00:00,2018-02-19 21:03:38
84e0ee13fefff14226ddbc60e872eb03,498021c6811da6622f31f7817f7a7af7,5,,,2018-05-18 00:00:00,2018-05-20 15:46:55
c899c8813995b5e0620eda0120294e91,259b2f71f29e6e67c6c737bb11e9b0a3,5,,Produtos de qualidade... recomendadíssimo ,2017-09-29 00:00:00,2017-10-03 01:07:09
99eadc591a8891e0ec5b79ac8a476f93,366446679f4ddbffb2d8934f1abef1f8,5,,recebi no prazo e recomendo muito bom ,2018-05-01 00:00:00,2018-05-06 20:02:33
ba6e4e2b6a543d1c4912158244448375,3d4bfa3de7e617f61d1ee3c87e95b204,5,,,2018-06-14 00:00:00,2018-06-17 14:10:24
329e25b21f481e37944d51ece2d3ddef,51c064ec2d79d398b30db3f8e1de8ec8,5,,,2017-05-11 00:00:00,2017-05-16 22:06:19
1be4c75dc4424d5a5d2c049c9da74cc7,1f720d7cfaf86011d6a8cf13b397394c,5,,,2018-01-11 00:00:00,2018-01-15 10:31:36
800c34623a5ebde9e05050e94f5669da,07e5349fe32847b4bc266836cda0705c,5,,,2017-12-05 00:00:00,2017-12-06 01:22:49
adf57733706b05385adb7e2da217019c,bfdd46c3c7701671b938ca9505b6d188,3,,"Houve um pequeno problema na entrega, mas foi resolvido e logo em seguida chegou.",2018-04-08 00:00:00,2018-04-08 16:32:41
dbcd48d3ff3e8bc81c542ba3e20049cf,f6089c47bab18faae3d90c64cfb08481,5,,,2017-02-10 00:00:00,2017-02-14 15:03:41
c3764b809d0bab66d91b1709c3bf3f4e,f1a82d00303b9e9a5863f0eb32ed07ac,3,,Veio com defeito desfiada ,2017-06-27 00:00:00,2017-06-28 01:18:14
ad41656664888758b1c9c92c142130a5,22a1a580ac153c5e2f469d27ad6a4e3d,1,,"O produto não veio na cor Escolhida fiquei desepisionado,não sei o que fazer.
",2018-04-24 00:00:00,2018-04-25 01:13:47
fe2b57c56eb4d1d5062c6c066bfc14f3,f6806cb575dffe2dd24873502bc0b413,1,,Os cartuchos não funcionaram na minha impressora HP3050.,2018-07-06 00:00:00,2018-07-09 00:39:24
a7d0d2c8377d53a0c239ec7d3943d21d,a9ad04772c6cf0d63efb9444ea80bbaa,1,,"A caixa do relógio que comprei se desintegrou na minha mão ao abri-la.
Enviei por correio hoje para a loja fazer a troca.",2017-11-09 00:00:00,2017-11-10 02:03:21
03330bfbb4b7de2bbcfe55e0603f9efd,7df4045bb089bf92e7eaf3b506b6423b,5,,,2018-08-04 00:00:00,2018-08-04 23:52:39
06601f008499836fa272eddf1a8ca538,b48959225675859f01913fbd8cb4abe6,5,,,2018-08-16 00:00:00,2018-08-17 12:43:10
04b729c333cc468a7ad047795fef5847,a63140ab0b3a71576d5a31bb94f448c5,5,,,2017-03-10 00:00:00,2017-03-12 01:45:27
0c9995f8b01029a7d562712a54c0976d,0f2fc60f7acb6782b5490389a5a89c08,5,Ótimo produto,Recebi antes do prazo. E funciona direitinho.,2018-08-10 00:00:00,2018-08-10 19:15:36
6853217151251a79c09aa41d8e551ba8,bd726a1bcd046edd7019cee8a66245f7,5,,"O produto foi entregue rápido do jeito que eu escolhi muito bom o site
",2016-10-21 00:00:00,2016-10-23 23:35:51
39e78ea170eb0702249c8d41db072d50,4e2684a10a34219d0106d1623609652c,5,,,2017-05-23 00:00:00,2017-05-26 22:14:49
82326ce52c9ce63243866db3603f88d1,e72ba1ec61415d0cfa8ddfce38a35887,4,,,2017-11-18 00:00:00,2017-11-19 00:14:31
f72cb5a49cf65547bcf2889d2285270d,0124e0c5bfae1979838a91e47df53f14,4,,,2018-02-16 00:00:00,2018-02-16 22:30:23
da4037a7011895ceb562bbae9a31be3f,69c49491c1300f416d32e8bedc9f8907,1,,,2017-11-10 00:00:00,2017-11-10 10:24:34
db9f44cc10b49820e16aa3941bf8f8ad,e204c9b2f4c4eda05420bea7f4b7ac03,4,,,2017-07-12 00:00:00,2017-07-14 19:25:12
43e516325ff1fb1cfe991e1c7a48e1a3,aa2a0609fab50d659ead956ec8f69de1,5,,,2018-01-24 00:00:00,2018-01-25 00:41:05
dcf4d914cbfe7ecb98ca430cf59f7022,2ebb1fd53e7b4bd81b7b1e9242b91262,1,Falta de item,"A entrega foi feita no prazo, porem foi entregue somente um moedor de café e nao dois cono feito no pedido, aguardo retorno",2018-05-15 00:00:00,2018-05-15 15:52:34
d54724ab5b9665127785f8883a2169ab,84d1f58195cae334b50f9088b38b3495,5,,,2017-05-12 00:00:00,2017-05-15 10:51:54
6e74e5f2a1e45e98ea8f8a876b146576,a260362d840e55aa9895f1012776a329,3,,Recebi e o produto dentro do esperado ,2018-01-19 00:00:00,2018-01-20 10:30:57
5cade2790de96ec02e4f8a9b1bbf95f1,0ec21892fbe1319a9e0363cab0066fb0,4,,,2018-03-21 00:00:00,2018-03-22 11:10:56
2d3485ecac0ad3c53a2d67d2cbec757a,9a3f1cdf5909e7ed3b0566e9ee3f1618,5,,,2017-11-17 00:00:00,2017-11-17 20:06:45
d446963b93e5283d0035376a38c1630a,73a1b2c642b36dc0c5930e4b654ce46f,3,,,2017-08-30 00:00:00,2017-08-31 13:55:41
f19a67f2e44ecb90c8f7a36efbae78d3,dddf3072374a44f4645fcfd6367ee77d,5,,"Chegou no tempo certo, produto bem embalado, super recomendo ",2017-10-21 00:00:00,2017-10-23 15:02:15
95d9b32ceb14e27ec00467d1792b457e,c23296e1255abac91cb3a637f4f084e3,1,,O produto veio com dimensões erradas e avariado.,2017-05-17 00:00:00,2017-05-20 17:57:24
e972c3a87ad714fabcc435709531f05d,95d1a834e8bb4b9a9d0135c658fa9fd9,4,,,2018-04-06 00:00:00,2018-04-07 11:48:11
f9f3684248f9d0e8353ec77dbb60ced1,33c1911ef3652a03c6cb098b9399b1d3,5,,,2018-07-10 00:00:00,2018-07-13 00:05:47
3bdf54aab6fde663450c39b2cac03c69,af85e6e8c9f67f653b51429df7839001,1,,Empresa sem credibilidade.,2018-04-08 00:00:00,2018-04-08 14:40:40
644926b134945775fcc996aec98f3680,010ff1cfe12f3094577e72b7bcecdf98,3,,Comprei um produto e veio faltando na entrega... ,2017-10-20 00:00:00,2017-10-23 23:17:06
36d9a708859425cf2ede9d3e3e587540,59e965eb9a8f7f341a003466fbe14229,5,,,2018-01-12 00:00:00,2018-01-15 10:13:15
8d697839be8221452e9d4f96347d0612,0148d3df00cebda592d4e5f966e300cc,1,,PRODUTO NÃO RECEBIDO,2017-09-13 00:00:00,2017-09-13 16:23:19
4bd9e4744bded7a2390fabf2eab110ac,4cf6bc9c5e6ff30151bfb6f92f791b28,4,,,2017-07-13 00:00:00,2017-07-13 23:25:43
7abc10a0439b693f09219701b177d109,37d24e9a88068283d102aebd4f765133,5,,,2017-01-27 00:00:00,2017-01-28 13:47:11
0b0f44daa70755caf4883dc0a300b19e,a54a12a470f9a5a89f1a1f19607959ca,5,super recomendo,"produto muito bom...
ótimo atendimento, entrega no prazo.
 estou muito satisfeito.....",2018-06-30 00:00:00,2018-08-04 18:33:28
7f0a8cc1d2aa250b94c9bee424a69463,1ac9d38dde347ffac03bdb653003682b,4,,Bom produto,2017-11-25 00:00:00,2017-11-25 10:13:20
f7a9b9f0a244643ac81801b252839411,ebac8364f6f97c06df19ad674a12b359,5,,,2018-08-30 00:00:00,2018-08-31 06:34:14
a33a10e6e0327f88f2211985e96f1b76,639144fceedec20fa804e47bd91dcf31,4,,"Achei o acabamento do ilhós muito tuim e só é cromado em uma das faces.
",2017-10-11 00:00:00,2017-10-11 22:23:14
3cdbfeef6d4013a2570916f8675fd6dc,977eb5dc580cec4f90911b1ccac0ff3e,1,,Recebi o produto usado. ,2018-02-16 00:00:00,2018-02-19 02:01:12
4e6d288b187a4afb79b1da6cce1f7c9f,753ee7a9d729f6973ec8d4ceda33b77c,4,,,2018-05-16 00:00:00,2018-05-17 12:38:35
bfa28857048da94aed5c4a4364220577,a6a07a5ae4af92b749d3265d6f459dd3,5,,excelente,2017-08-12 00:00:00,2017-08-15 12:40:36
fa8036621e96223d03b9fb0e1f3df59f,6ba0e32fd89cab6e014baa58ddb82a6b,1,,COMPREI DOIS SUPORTE E RECEBI APENAS 1.,2017-06-13 00:00:00,2017-06-19 11:29:54
9952924c656ad15a6ebaa2f65ecdbac2,4912772a793d70a274417e23f3baa184,5,Muito rápido ,Chegou bem antes do esperado.,2018-05-05 00:00:00,2018-05-06 00:12:05
abea776e9318ae035b3ae794fabd882a,c150d0cdd6a3320d8b475792bc422069,5,Maravilha!,Adorei! Obrigada!,2018-06-07 00:00:00,2018-06-29 23:34:19
37c69db2292ec8667c5283eb7f5cd076,657034554884ec6fdf6ed37c8c6788ff,5,,,2017-09-24 00:00:00,2017-09-25 18:15:17
2f0d5321c003e445d17639cb5afef1cc,e72a5280a46ca876b0fd05c1a1ee605c,3,,,2017-09-22 00:00:00,2017-09-23 14:26:46
37a3db57c38a89888e816054444d60be,099b01b8cc6b861aa593247b2f7e0b7b,5,,,2017-06-09 00:00:00,2017-06-12 12:21:38
f27c683db0502bbfa6420eaba45db6af,b0e0bf79d71fa84a382583eb2a57b978,5,,,2017-09-28 00:00:00,2017-10-02 17:49:13
5f9413026839a6678763d2b75cba120e,1330176f6500125ff6e8e10922fb714c,1,,"A película de vidro veio riscada e sem o plástico 2 de proteção e a capa do J7 muito larga.
A película do A6 levanta as bordas não dá para usar junto com a capa protetora.",2017-10-22 00:00:00,2017-10-27 14:41:10
13faaf465a7d9f882672d87b735f9b2f,2fc0b908e1bad9c0182c663a45cad564,5,,,2017-11-09 00:00:00,2017-11-11 12:42:32
baec09a1cd3009be59b26eb23e33867c,b8f4980c2ec178504101b730e4e49918,5,,Recebi o produto muito antes do programado,2018-07-14 00:00:00,2018-07-16 15:52:30
7b1b4d478834b89df3f892849a9d0f0c,a012081ae7cc2159673399ef664ed7fe,5,,,2018-05-04 00:00:00,2018-05-05 15:06:14
993eb376abe01bea52e3739576a91f5d,4cf60bd5860098be664ba92156f05393,5,,,2017-12-13 00:00:00,2017-12-23 11:41:09
5beae26124dcdf84e1f8e21fff105dcf,41f22b2d038d74435fc732746de406d3,5,,Recomendo a todos,2017-06-30 00:00:00,2017-06-30 23:31:40
b1311ded9a365b87ecef3b95511db5bf,2009bc59edeb703f6656ed6103650c3a,1,,O material da mochila ficou a desejar.,2017-11-02 00:00:00,2017-11-03 08:58:37
5cc5bc8bd07f30ac9c4e0902ab8e1f3b,9270e213f22a5c0c65322feea6979af1,4,,,2018-08-24 00:00:00,2018-08-27 11:56:04
0b85533916886ec08bc515ba160ce0c4,00f1bb0af030935db1745ee28367ea26,1,,,2018-08-19 00:00:00,2018-08-21 17:47:23
451fa10b85477480a95049a73d15abe9,2c62dbd00c329b2e3310383124183d37,3,,"São bonitas, o único problema que são muito finas. Deveria ser melhor ",2017-12-29 00:00:00,2017-12-29 20:14:24
8f036fc586e78d021d9261d335ea58b6,03572de4ee0598b00c48f6de965fcf78,5,Muito bom,,2018-08-05 00:00:00,2018-08-05 22:03:33
97972b9bdd527c98f925678c0cff1490,64a1e97cc0f745594490ea6b38f6a7fd,5,,,2017-07-04 00:00:00,2017-07-07 15:01:33
dec34e85d1cc8f63e132f6bfe7734114,a9b40a5190a294e3d8f733c1caf32934,5,,,2018-03-06 00:00:00,2018-03-07 13:30:06
747e7f2f6732e12bd91e06bd47bc608c,f08e2cd4d2598a1628420f499688039d,5,,,2018-04-12 00:00:00,2018-04-15 13:31:20
677202f6511e3f180ad8d7ab1f06f76c,b64b31be08d0151c4115537cbef3dc06,5,,,2017-03-23 00:00:00,2017-07-21 20:27:43
55287bd68df56239e1d78a54cfc11405,a0b1ffd30c671f95ed8065ce07d10470,5,,Ótimo produto. Veio tudo certinho antes do prazo de entrega. A bolsa tem ótimo acabamento. Superou minhas expectativas.,2018-04-25 00:00:00,2018-04-26 03:43:28
033b4eb6fb55e89244eb05fcd25a4411,60e710a56647c46017e6ae93b6389822,5,,,2017-04-20 00:00:00,2017-04-23 19:36:59
9282f8481d3fff93b5fc444eb5c934e2,c0800c1006480bed22d5ec0b593c2cd0,4,,"Produto top pra quem que apaixonado por fazer drinks, recomendo o produto e a loja tbm que entregou no até antes do prazo.",2017-03-16 00:00:00,2017-03-20 17:38:20
989b3bb8eda22c1a26ff318e0ed0e853,351c9272da4d3af9d74d3b30ee84cdde,1,,"Comprei um quite de tesouras fio navalha, mas não recebi o modelo que foi escolhido pelo site",2018-03-01 00:00:00,2018-03-02 22:33:10
b92508bf100eb29b1dfef338d8908243,c1dd50c37114a20341bbf901157d726d,3,,,2017-06-27 00:00:00,2017-06-30 20:07:58
a0994c6df725cc013eac024e53ccbbd8,7af014956ed06246005b5e0740fd891c,5,,,2017-11-10 00:00:00,2017-11-12 10:25:05
6514f3f18f90c2749f88fd0b24d25e20,f8b96fd393ba501c08394f9f84e8f077,5,,"Muito satisfeita, o produto é lindo. Recomendo!",2018-03-03 00:00:00,2018-03-06 11:41:34
ba3ce7e100524d266588fd5d91e3a996,73d609151d68d82b9e930d9e14458b61,5,,,2017-04-20 00:00:00,2017-09-04 20:18:45
79bdf2511dc13b6224f7cdb8ba92916e,3f6670995954b34c0398e06391f7494d,5,,,2018-06-03 00:00:00,2018-06-05 11:41:53
0f514e75e16e937fda3c5076f28b0e34,37f6cceb272b1ae10ed4bd8cc0d4a98a,5,,,2018-08-11 00:00:00,2018-08-14 14:09:32
b02e3d09c45d296380a721fef404e9e9,42fa07019d8252444a920c348dc8b011,5,,,2017-07-22 00:00:00,2017-07-24 19:27:20
4dcde4b93dab1bcae46adc07b9b5d2c7,3fbba2a364f0072dbf76ad244e734258,4,,O produto não é tão portátil quanto anunciado.,2018-01-25 00:00:00,2018-01-26 01:55:21
f2ad919561f63f38ecd0823629d9cce6,af5d413777456d2f4998309c81c2f387,5,,Ótimo vendedor! Recomendo a todos!,2017-11-25 00:00:00,2017-11-26 01:02:58
61a597b070ac07d623109c987e117db7,0733aab1e972ab531705cf45a1e77281,5,Recomendo,Tudo ocorreu conforme programado.,2018-05-04 00:00:00,2018-05-04 21:26:13
00def432f479f1e6f18304bfc1ff8f97,24663bb9d145c6d58d207d297edafa3f,4,,,2017-08-22 00:00:00,2017-08-25 02:28:35
7652a9854c1534f516bdc17387cb4503,5e5fed142a552be6d6f1e04a800446d6,1,,,2018-03-15 00:00:00,2018-03-16 03:08:59
280d0c736953fbf9a027c7de7fd5565c,c21f62eab437a5529f7dd3076e7da0e4,3,,,2018-03-06 00:00:00,2018-03-09 12:27:20
631bb94bb44a200580496e24df0e4b1f,c1f1899f5b553547785b16b311b96867,5,,,2017-05-30 00:00:00,2017-06-06 02:06:26
62b3cc90ae0451be4eae5d7760ccf89c,e85a7df9469c9d0c194f92a5dece760a,1,,pedi três cactineas e chegou tres canela de velh,2018-03-18 00:00:00,2018-03-19 19:28:48
5cd5891cb99db28537507ab1d3b29117,0eeaf3619d35e90b2430da57d351dd01,4,Bom,Sempre compre nunca tive problema vou comprar sempre que tiver algo que eu goste,2018-06-16 00:00:00,2018-06-17 20:36:33
8ebaaf7c29a4ede69b956558aa65af75,3f7aea4e3cecef996bd62713fbf8712b,5,,,2018-02-15 00:00:00,2018-02-16 15:28:57
fc7a21f34879e2297314afe7fdfee954,a9850cfaa6a85bd626e548413454f108,2,,,2017-12-28 00:00:00,2017-12-28 10:22:49
8cc3c42fc9ccef9c27f0c5cadcc11fe4,5e2c1da37a5a687a068bce41d8b56904,4,,Bom,2017-08-23 00:00:00,2017-08-23 23:35:40
e3203ad4c2a809979ac6c650bb8d7c4a,e588678a890ca4670d41a53647394505,1,,,2017-03-21 00:00:00,2017-03-22 02:36:52
8b424645905cc609366a1efab5feab8b,4759dc5cd30f8e283de04872dd5446cd,4,,,2018-06-21 00:00:00,2018-06-21 16:36:20
93884793680c0c7bebe41d2085f8433c,441bda02c27a285cfa9ebeaeb9954e4a,5,,,2018-04-22 00:00:00,2018-04-22 20:17:48
d901fb5462f929424c57cdbfcf0d30d6,732b59a6f2d05d4b23beade8d0a16a0d,4,,,2017-11-10 00:00:00,2017-11-13 11:02:16
a072203a5df2e2392c074c1a3e579b5e,c756513ece003700723bfa5e6f8abc65,5,,,2018-03-20 00:00:00,2018-03-21 11:46:02
91771029ef1e20041fc2dfc2859c8b07,f51cb113ad5e21bc6d8082bc824fb25e,5,,,2017-02-14 00:00:00,2017-02-15 16:51:26
c7dce52ea0e2b966e8911feef6c3c8d2,6ea09ab8953f7fda1f69d387c9d252eb,1,,"o produto chegou incompleto! 
Não consigo contato nem com a lojas lannister nem com o telefone que veio na nota.
Gostaria de resolver isso o mais rápido possível!",2018-08-16 00:00:00,2018-08-16 11:31:16
e6d1402e19473c7b0602326547968b9e,c2ca2bb17ed706c909f7011c18b1ba98,3,,,2017-10-31 00:00:00,2017-10-31 16:00:33
22277122c09f2e23005262efb912dd40,b1e3487949a5a179250f5e81214578e6,5,,Excedeu as minhas expectativas!!!,2017-12-29 00:00:00,2017-12-29 21:47:07
cd25657520069786f4085c0f12813cdc,e02d1acde68fc554aee0e2913c3179d0,4,,Satisfatório todo o processo de compras e entrega do produto.,2017-12-01 00:00:00,2017-12-02 00:40:24
a625383e2211596fc9a5df5bd14ed56f,d67bc62fb98a4a57ebf154cfbbaefca0,5,,,2018-01-23 00:00:00,2018-01-25 10:21:32
043d55342ae3b35378293898b0674c39,6b4fe75bdf8d4a467678bc8f2132c06a,5,,,2017-12-13 00:00:00,2017-12-14 00:17:50
ab86a7e8a6fb7940c190d06f5e3cbf8c,70c211135ce0c4f9d2eb19d0e95fb667,5,,,2018-03-23 00:00:00,2018-03-23 23:31:23
f5e58f641f22f422a0f0abf47321e722,5a2346612cba6473e86fcab758bc0964,1,Produto Avariado!,"Produto veio avariado/quebrado, nao me deram bola, pois nao reclamei em 7 dias...",2018-06-16 00:00:00,2018-07-05 15:26:24
432bfbe2e02ea1fd74db89abbc308593,ea37b313540105af4a2ad79718d80d97,5,,,2018-01-14 00:00:00,2018-01-15 19:22:24
7bf1f5ffc604eebac16cb1535f9ca847,c60a44d6c46309c86882ffce00a0b412,1,,Não recebi,2017-03-16 00:00:00,2017-03-16 13:37:26
a36fdb86d1644f855bb435d79c290e65,c74781be12a00f1e31f7160673c27190,4,,"atrasou a entrega 1 dia, porem acho que os correios não ajudam, e poderiam contratar uma empresa privada.",2017-04-21 00:00:00,2017-04-25 20:23:38
e8f59219bb9a231e6deb6e99bcf63754,2d9ea2efa410b1efd6bbd47d126819b6,5,,,2018-03-01 00:00:00,2018-03-08 17:10:19
77d8093cee2d61eda791a9ccdaf7cb19,457432689bcc0d3db0742e0e8cf87aa2,5,10,Otimo,2018-06-20 00:00:00,2018-06-21 00:47:22
e97fdef7e58f375eb165568a750cbc4b,1b0ca0c3b2421d7ffde52594b571c020,5,,,2017-12-30 00:00:00,2018-01-02 15:22:47
d90a9ebd56530fb5b83b1a9d0ca07399,7be4cf9e577bd6353f88c21ffdf87931,3,,,2018-08-30 00:00:00,2018-09-02 18:28:12
4bb0e308d88cef4e4c7bc1f9e84da7df,49ecc452cab118ed8cea1ef76a3b3f95,5,,,2017-04-04 00:00:00,2017-04-05 17:51:20
6ec22a4400d0cbe2e4f681dfd0b6234c,31a5a662fe535944e960fec047746e95,5,,"Postagem e geração de código de rastreio rápido, produto atendeu as expectativas. ",2018-04-18 00:00:00,2018-04-25 21:29:45
abf19a4a580492f45c5a65741c565e57,503d1a98081c7307e6e875ba8af189e6,1,em dúvida,"Aguardo o desfecho do caso, para avaliações",2018-05-30 00:00:00,2018-06-01 03:53:06
21a557d5c3031f18c1875cc69d1a17b3,86ba74562effd10bf32402978095963c,5,,"Produtos entregues em tempo hábil e conforme o anunciado.
Obrigada",2017-09-16 00:00:00,2017-09-18 17:51:00
01243644905a86c7745be7926e32b72c,79cf912a5400bc81afe059c04cb42e29,4,,,2017-09-30 00:00:00,2017-09-30 23:12:05
70d6fe72d525e7ba2861946078496c1f,7a3f4365d7cce4ab7886cbcfc452e83e,5,,ecelente,2018-01-27 00:00:00,2018-01-29 11:21:06
5f60c2fa01f9b1b196d28fc3b830f885,0f1297fc73dfe8ec236409616c39eba7,5,,Chegou antes do prazo e é muito lindo,2018-02-07 00:00:00,2018-02-08 09:53:43
ef0351ca715812159f7f5dc8528d9027,2bf01051ff9e5195111fd7ffaf865240,5,Tudo certo ,Tudo certo ,2018-07-29 00:00:00,2018-08-01 01:10:24
5cf866fceb1461e72e336f8f355e977e,89fda551a6bc59c3a9d868a580cc6ca6,5,,,2018-03-07 00:00:00,2018-03-07 12:24:46
4f839821d4c0cde5957c40081f4f7f2c,66030147ffa4f133089e5b7578977ac7,5,,Lindo!gostei muito,2017-11-15 00:00:00,2017-11-18 10:24:59
5763c4c80bb958960d2d9091dd3dd86e,1efcc6ba75b519535a510c53153a9256,5,Bebedouro,Gostei muito! Logo vou adquir o de maiorr volume! Parabéns!,2018-06-27 00:00:00,2018-06-30 17:14:07
dc890f3ee0a48cfbd74e531808d70dc5,e0e83bdc2be394626d0f9177dcde0889,1,,Anunciam um produto de uma marca entregam de outra inclusive não me deram uma resposta sobre o outro produto que comprei trata-se de uma fonte para Xbox 360 no anúncio original chegou um similar e ai?,2018-04-12 00:00:00,2018-04-13 00:13:38
d6bdcf45e23775ab2a216424fba98c32,1e9a53e194e98b64434abc52aeedae1e,5,,.,2017-02-21 00:00:00,2017-02-21 17:16:35
0958c4f37968fdb5eaa59a896bfce175,7e3819fed570609ef642c2e18f198d10,5,Otimo,Estão de parabéns,2018-04-25 00:00:00,2018-04-26 19:54:27
e2a2179e0a69b6c2c5c5540cc5821b44,c6f52d94c1f44ee12e0fecf4b347bdc6,3,,,2017-11-29 00:00:00,2017-11-29 10:31:22
674b0d76b360431bf6186ea1b725c900,698c71e1afa1b5c7913ee16466a54cf0,4,,,2017-05-03 00:00:00,2017-05-04 12:02:09
55b13c4edbb2e60f6109229db63574d6,f608221528bad521bf876430ca3a830a,4,,,2018-04-10 00:00:00,2018-05-08 21:49:27
16814e4d2e1cb7da90f927f41cb1bb77,99f10393ec3328b3b416a154afd5d714,5,,,2017-08-05 00:00:00,2017-08-07 19:26:10
dcf547d04c55285a70d16979e07a40e4,eddaccd03acbce06c3db36e1b9f8cd4b,5,,,2018-04-05 00:00:00,2018-04-08 02:29:31
b56ec94fe1015ee71f6924dcba0d3b33,33a26356ae145bf4a27c25447e5d1f01,5,Perfeito!,"Se contar ninguém acredita! A capa chegou ANTES do smartphone, ambos foram comprados no mesmo dia, mas a lannister nem emitiu a nota fiscal ainda.",2018-06-07 00:00:00,2018-06-07 22:25:10
8f30e2ed887e3e934713937f37e3d9e9,6f8ef1903034bc19ff5a5c51dbcec604,5,,Recebi antes da data prevista.produto tudo em ordem,2018-03-30 00:00:00,2018-03-30 22:05:21
2d6b427fcb20cad43b113779a955866a,694bcde1f9a49ffeba5da89982f7b9ae,5,"Como sempre, muito bom.",,2018-08-28 00:00:00,2018-08-29 15:32:31
22f2dc08ae8dae6f84dcf5b4afa1788e,6a78b3062a561085f98b76a5a0eea516,5,,,2018-08-03 00:00:00,2018-08-03 21:49:08
092cdec99cff69fcdc97cba1f600ee28,2d7c53f72873bc693d040a48c3f2b5e1,4,,,2017-10-27 00:00:00,2017-10-31 00:45:40
55f5a66b3fd18350269182e93808fbec,1eb97a2872622c806ced6cd018ac6b39,5,,,2018-06-03 00:00:00,2018-06-03 19:01:55
b93dbea6228408d85e04f4a3f5406bc1,e351155ff64b9c7d91161289dc6e69c2,3,,"Incompatível 2 cartuchos, Black e azul.",2018-02-01 00:00:00,2018-02-22 22:52:53
454c5df26b6b29497e58daa386be0567,d0d830a8144f1cb10439b520ea3327cb,5,,"SEMPRE COMPRO E RECOMENDO ESTA LOJA, POIS SEMPRE RECEBI MINHAS COMPRAS ATÉ MESMO ANTES DO PRAZO.",2017-12-12 00:00:00,2017-12-13 13:12:19
b0c6af585a16552e3ac5b441271c907c,009e11afa25aa95ae78e60a793995c9b,5,,,2017-11-01 00:00:00,2017-11-02 12:42:33
f34af5838cd71416f126d6cdc0334fac,d0a945f85ba1074b60aac97ade7e240e,5,Otimo,Recomendo a parceira ,2018-05-12 00:00:00,2018-05-12 22:01:48
1b046fe377ecb3ebe4269fc6489c7e4c,0cdea1c34ce2e9ca670b2e6df1d6c207,1,,,2018-04-05 00:00:00,2018-04-07 11:25:44
ac0df1817021dbe1d6467618ec83374c,52fe09ed9b59f3ee4be7b74b990d13bd,3,,,2018-08-26 00:00:00,2018-08-26 16:26:02
9a55e25487ed36136b7f5b5c4058ef3a,0bcb914e60bb0de6160699483722bc0d,4,,,2018-05-22 00:00:00,2018-05-23 08:30:08
6872ce72df50a117ba2fbdf0a1eb9310,55bd3d21d10786b863b8537b32bc3899,5,,,2018-08-08 00:00:00,2018-08-09 00:05:48
878290d717e21a4fe393f6594551e170,ef2d13d781a97ea071e0ad0236e35f49,5,,,2017-04-06 00:00:00,2017-04-07 00:56:18
b2c05b9173341236351c57a7bc459ea4,5bbb9f480d85449ab94a389f7cdae20b,5,,,2018-01-16 00:00:00,2018-01-16 22:31:07
a9c4371e5a7a938f944f39f68620358f,7deb5565bced95f67ceac6f5dc57d4f4,5,,,2018-01-30 00:00:00,2018-01-30 21:09:08
97d73030eb57403db1f1708d072647b9,8382255ca7fdc3ec278ab4c83aef9122,3,,Foi entregue com atraso mas do correio não dá loja,2018-01-19 00:00:00,2018-01-19 23:00:50
ee20837670407a721cd5a44bae853efc,183cecca240ae6ddec6d9271f3522ef1,5,,"Produto dentro das expectativas, boa qualidade e bonito. Recomendo! ",2018-02-23 00:00:00,2018-02-24 17:12:16
00ac318012171fd4531b64991ab3a4bb,e70405e60d48ff7771de55e6b39a09da,5,,,2017-11-04 00:00:00,2017-11-08 11:41:30
7a01b0e95c55bd8d5c7795c309843965,df0f3ed133d2ab8e8d0a5eaa55d13337,3,,,2018-03-11 00:00:00,2018-03-14 00:37:22
06e25886649e6cd2e9fa5209ff61d659,d09d5f730802cf15c3cd323641cfb880,5,,,2017-12-23 00:00:00,2017-12-24 02:05:43
74d7e5cf768291de181c44b6731f2426,0f6ce0bef7443fbfd5076ab3abfceaa2,4,,,2018-07-08 00:00:00,2018-07-08 22:54:34
6861b81c2c6969d4b6eb4bb3094c8dab,da9409a419597e4d2a671193c8dd6095,5,,,2017-08-24 00:00:00,2017-08-26 16:40:13
6cb2910ae5cc3282484f45fd531a35c5,0a2f3c7b4abf07c314a043c7044b0522,4,,,2018-06-06 00:00:00,2018-06-07 03:46:41
688cbd12d6c521ab52a6439f25f6ce67,08202fbf5047a2f85a0983ac291a69fb,5,,,2017-04-12 00:00:00,2017-04-18 14:02:43
0a2157168b60711364eae5c42873ab89,72c81a6a9dcf354f87393c361caa13ce,5,Produto de boa qualidade,"E muito bom poder confiar em uma loja virtual produto de boa qualidade e muito rápido a entrega ,ótimo trabalho!",2018-07-25 00:00:00,2018-07-27 22:26:50
bb4dd4d6ab24778dcc344d50acdf5507,d7ebe26f7b9c7600c40edd2b0edc7afc,4,,Foi entregue antes do prazo. Só não gostei da qualidade da capinha do celular. ,2017-06-07 00:00:00,2017-06-08 11:01:13
f01aaa0150e499f0c268f8efc9d2182f,3d34e2eec4245acada65a41a949f2568,1,Recebi apenas 1,Comprei 2 e recebi apenas 1 unidade do produto. Não veio nenhum comunicado ou justificativa. Aguardo regularização da situação.,2018-06-20 00:00:00,2018-06-21 15:37:26
b3789fe02b1fb9271999069ffbc80c8c,88821a1158691d3d5f4e35004aeb2aee,3,Jeane Jesus da Silva ,"Eu gostei muito do produto e estou satisfeita,muito obrigado.
",2018-07-12 00:00:00,2018-08-23 19:53:02
bc6712bf3fbdc7f389144759fe001360,c9e3d29ede6d60999c59c8626757ec6c,5,,,2018-07-10 00:00:00,2018-07-13 18:16:45
85ba26b241ceabce47b25bf50159128b,9d293efd4c6752aacbe03668f1d197e8,5,,,2017-11-29 00:00:00,2017-12-02 16:16:51
4461cca0ba4e345a1d505f198e1fd8dc,b4d6bee8b34f0daf1309fc764051cce5,4,,"Mercadoria entregue no prazo. Há uma pequena diferença na cor.Lojista esclareceu dúvidas pelo whatszap. Ponto negativo: mais de um item do mesmo pedido entregue separadamente, onerando custos de frete",2018-04-21 00:00:00,2018-04-24 11:41:07
6fdf777988932c6ef12a4c8cdeb3e710,b27e6ded1257b2ab223eeec083d9874b,5,,Otimo,2018-02-21 00:00:00,2018-02-27 12:19:32
991eca04dd1e3d46d565231f0a008df1,64abededdf5e85a774c72bf6a4ea4a10,3,,,2018-01-24 00:00:00,2018-01-24 19:52:07
fefe3ba69fc8ca90e758ad40de6d66dc,8b5917133029017d184c54baee564632,4,,,2018-03-24 00:00:00,2018-03-25 11:58:11
00b375f51451c720388d13a6c0c70d2a,cde7e4455fa7083f7ab8c2d5eb0c8d12,5,,Boa,2018-01-14 00:00:00,2018-01-14 18:15:08
a5d26739c7b9657d742dbc8972674bbc,453d23c01dc7a572130a7bd307202429,5,,mercadoria boa,2017-08-09 00:00:00,2017-08-10 01:25:41
c189449ea1f4f229861f542c3fa38714,b4ef4b05fef13db5a94b0ccd497c521c,1,Péssimo ,"Revoltada 
Falta de compromisso, comprei dia 12/07 e só hoje fui avisada que não tem o produto. Mais o cartão vou ter que pagar pra depois esperar o reembolso ",2018-08-03 00:00:00,2018-08-06 17:41:41
4e63a5d919585d5238d98a6e9411ab32,24385282a9d0bd77f93f0dd5accbb592,5,,,2017-11-17 00:00:00,2017-11-18 17:09:28
85329e9629c489e81c94915b065569f3,5e8be2c680e92f7eb40b087641cc6315,5,,,2017-12-20 00:00:00,2017-12-21 00:02:18
dd91a7d0eeaada08927f2e0d894cd8fc,3671c63de5b229f79f8ada4644a3d995,5,,,2018-02-25 00:00:00,2018-02-25 22:24:12
708257f90c1aacb06d2a8dd49560f5f3,4abf80e2c1c93771ac91d806e4e51c91,5,,"Compra muito segura e foi entregue antes do prazo de entrega!
Parabéns a todos!",2018-05-05 00:00:00,2018-05-05 21:21:41
6ef9fe271a4d510a342d32ea8a5492a3,85f2d1d18951198c1beca750c4df59b1,4,,Muito bom ,2017-12-17 00:00:00,2017-12-18 09:29:57
cb804e64a838d3de2e7221e655564dd6,b9f5ca0dd8ac07db0b02705dc2be4d21,1,Péssimo,Fui enganado. ficou faltando um produto e me entregaram como se tivesse o pedido completo. Compro na lannister..com há muitos anos e nunca tive este tipo de problema antes,2018-05-05 00:00:00,2018-05-08 15:14:57
6d568f613c457759bc00c82c74f69d1f,c389bed1741c8f36cfc6908c1677288b,5,,,2018-03-27 00:00:00,2018-03-27 21:35:18
6e81ea700eb9917f922a03ad6e2538e1,4a7bd485a7782360556161a38c725e5b,5,,,2018-06-16 00:00:00,2018-06-18 20:35:04
19758ffebdb563f21d67fd85a300610c,7b1628af9aa95c57c63665fb81cced3b,5,,obrigado pela entrega antes da data prevista ,2018-02-15 00:00:00,2018-02-16 14:19:16
5e5cff3f2b8de14497a61df5966422e0,9cef7eef349dd605b870fce05c57765f,1,,,2018-04-15 00:00:00,2018-04-17 03:38:22
39dbf0879c36fcf4578aac195d4f5582,901884e93a6e353950d63cf7a16621ef,3,,"'produto bom, só chegou com atraso.",2018-01-07 00:00:00,2018-01-08 13:16:59
74818bfe63efcf28bf371f9e26162bb5,26543fb8b34f4547bcbbd431f998ee76,1,,"Não posso opinar ,pois não recebi.",2017-11-30 00:00:00,2017-11-30 19:35:21
4795244d1f5ce48a127037c883008809,02680f764ca402aabbb86572ed2731ef,3,,acredito que poderia servir como uma tampa que levanta na frente e fica fixa no fundo.,2017-06-01 00:00:00,2017-06-04 00:04:05
73eac9e006ee826216eaaab8c7d419b7,a6f9a160004ed7b4b20bb24c1eeb5871,5,,,2018-06-23 00:00:00,2018-06-24 00:52:53
39af6cd86893a00910bfc7cbf781e3d4,223b21af0c2d24db54dfa4ee559fbe28,5,,,2017-08-15 00:00:00,2017-08-18 12:53:29
4ebc2a805f936d2e6451207d574692e7,087c44ddc65697d4a3a2af9234c5a22b,5,,,2018-04-20 00:00:00,2018-04-22 17:14:52
d94f7e17cc93599f56797c7508971116,6dae4c54052a2dbf519b0ea3d1afefb2,5,,,2017-08-01 00:00:00,2017-08-02 03:05:47
bdbc978b58e158ed7e48d1b233ad91fa,d60af32e2107bccc3efe66e3faad59c6,3,,,2018-03-27 00:00:00,2018-04-01 21:58:59
dd1b9e98f2d497551c413e02972d6355,7ff76bc285fc3b21099d0ed9007fd489,5,,,2018-01-18 00:00:00,2018-01-21 12:36:49
380a639261ae4d69b9fc89243ed56b45,b7a3ee4c9793186db0906974936a0cab,5,,,2018-04-10 00:00:00,2018-04-13 09:53:03
e84e257b0071a6463a605826c0f8d3f0,e44411a5a41caaf23d52f1600d31d888,5,,,2018-04-10 00:00:00,2018-04-12 18:52:44
63bc958a29ce4306d4ccb83c7377dc40,8fad1f3654133d30218cd4b6fae827ee,4,,,2017-06-23 00:00:00,2017-06-24 12:39:00
4f98f802250f4eea97b8d7965b04e6a9,2f63fa144638f7ade6cb643585538161,5,,,2018-07-27 00:00:00,2018-07-28 01:23:27
dba5197f90198999eebfa0aef3112681,caf0f5c4a7ef81f3056cdc400f45ef2c,1,,"meu pedido veio faltando um produto, preciso resolver",2018-04-19 00:00:00,2018-04-21 22:58:54
1d6abf94d2391da28924340a04196687,f6679e9eb75edd0750101c5172d662a9,3,,,2018-01-23 00:00:00,2018-01-24 09:41:33
425247fdb1b3927c047f55beb440224d,a6ea59851ffee8cb73761179fc7bcb6c,5,,Tudo conforme o combinado ,2017-12-16 00:00:00,2017-12-19 01:06:20
45612d691b5e145a5217ccdc2868490a,de2c49d97356fa0fdc461064e86fe8f4,5,,sem comentarios,2017-12-01 00:00:00,2017-12-02 11:42:46
40af1e088290f3a67df1e0bb865a0fb8,101cabeec1a36f2968ceaa2690b80807,4,,,2017-12-30 00:00:00,2017-12-30 22:04:22
99b2f2e6766fa0fa4054d1ce143be0e1,0260b4ed1d24feacffa9d9783016a467,3,,meu produto veio com a lampada quebrada estou esperando o retorno do baratheon,2017-04-10 00:00:00,2017-04-10 11:48:27
1ae15cde19871f4c2dde850ec686a494,1227f9af3b2ddb0b95060aab8e5b3dc7,5,Recomendo,"foi encachado perfeito, e já estou usando ele! ",2018-05-19 00:00:00,2018-05-23 20:56:16
d6171cf239b99ae50f1d73ad54fa68cc,b08e6e87102def921faf1a611d09031e,5,,Muito bom,2018-03-30 00:00:00,2018-03-31 02:27:39
a8b288904c26a36ecd837ac5b7ceb92b,06b8cdbbc86d64ea69af76036c523827,5,Quase perfeito,"No site da lannister a informação do tipo de saco descartável é NANO. No site não diz o número, por isso recebi o NANO 11 que é maior que o saco do aspirador, vou ver se funciona corretamente. ",2018-07-21 00:00:00,2018-07-25 06:25:42
f803f9a978c8eb47c196cff020eff52c,95de62498e177002f6ef1949e2e788ea,4,,,2018-02-17 00:00:00,2018-02-19 14:26:30
9ca115b548f8247894218b2a5d5bba31,63a7cdcbeb840292008964a3654b9745,5,,,2018-01-19 00:00:00,2018-01-25 01:22:05
443c82ea0b12bdc4457a22f859e0ea24,ad2a607cb972296b63c687849e21dd34,2,,,2018-04-21 00:00:00,2018-04-21 03:50:29
4154570a6d20eccbbd753b1d605917ed,b00853fe8ddc3b34dd00f0054914241f,5,,,2018-02-11 00:00:00,2018-02-19 11:03:18
1629d21ef9e4f2d15c7d7f88b6d9bfe5,410ca45d84f47d06fba1e4476a10b392,5,,"Gostei do produto, a entrega foi rápida, ótimo!!",2017-04-06 00:00:00,2017-04-07 11:40:03
ce6da23d6dfef4a30e14c7b1f2adf74f,3da9b6dcdc5ef9a54af76280c750bb11,5,,,2017-08-03 00:00:00,2017-08-08 18:28:15
c48c71a629b1cc4ca4683a95374dd371,1f38d4b0b64e26e3aa96c3e8a4afe95e,1,,"Boa promoçao,compra feita.
Mais na hora de receber a mercadoria,so veio uma parte! Agora o que faço?
Quem vai resolver esse problema? Olha que eu confiava na targaryen.",2018-02-22 00:00:00,2018-02-23 15:39:30
fa6e84f863f3e1d6716b6280a90c1ce9,4660e507473035f4db5f153b9cfd0c96,5,,,2017-12-14 00:00:00,2017-12-16 22:48:03
94616f474f0cb32ea4bdbfc6fb0b0705,d00c0296f63ccdcf9062c425887095e6,5,Moedor de café ,Tudo normal. De acordo com o contratado. ,2018-08-08 00:00:00,2018-08-08 20:09:11
f6a94f5549dd4215f37e286a9435a91d,3aeb86934d8159af279e9e6b17c929ab,4,,,2017-05-20 00:00:00,2017-05-22 14:22:19
41488275b8fd909b109668932ab9f347,f6089c47bab18faae3d90c64cfb08481,5,,,2017-02-12 00:00:00,2017-02-14 15:04:36
cb0f80877ecbba8c8e880b762814784b,e2c9f858f7f4d4291add68fd7fcf8090,5,,,2017-11-10 00:00:00,2017-11-16 14:05:40
dcb122bede144c1805977e4ab7da785a,b38ee0ac5659615e52925c28caea5aec,5,,"Bom produto, entregue conforme especificações e dentro do prazo.",2017-06-25 00:00:00,2017-06-27 15:08:32
53e01ec64ab0e751da71418bf1c5656a,7bba6be8b33b014bb9523db5f992d070,5,,,2017-07-13 00:00:00,2017-07-14 01:29:55
937d7e17bb9f14d32e3f1b086c07289d,936979ce0687947765e88fe5fe1b741e,5,,,2018-07-05 00:00:00,2018-07-05 21:08:22
305eb85a3e229b476360f8e7915bfe91,6f6926816d7f45e2ce64ae33c9faf58e,4,,,2017-05-27 00:00:00,2017-05-29 10:56:01
12bf03d253a3253bc3e62b8eeb3c79e7,86430d523480a84b621ef0c347f56ff2,4,Muito bom,A entrega até foi antes do previsto..gostei muito,2018-08-09 00:00:00,2018-08-10 15:01:21
6cc7e2920cda258af91a3d5fb19d2a6f,b70947b76f548d986539b3a43ae9674b,5,,Adorei é lindo!,2018-05-09 00:00:00,2018-05-16 12:37:41
392a8f41e2cf7b72a90820aa9126fb6b,ecfb623451269ac76a1469faf66dad27,5,,,2017-12-01 00:00:00,2017-12-01 15:23:21
d8d62df160ece7f811c2fc6742b5948d,5cfc8b5d0db5dc5bc500d0fb6c986a53,5,,muito bom,2018-04-18 00:00:00,2018-04-20 18:32:32
6acd967bdc0907ee0d1905678bf87254,b29b045636b2047829feea3fa73a0f10,1,,,2017-06-29 00:00:00,2017-06-29 22:08:49
9ecba2bd2fb12d3ed1792c13b63eafce,b08e0b030ec3af9bc4ca51134a0bfced,5,,,2017-07-06 00:00:00,2017-07-10 11:42:34
ac67906010be5e19d0ec8a9feb7a844f,5d2360b577af310633223b53506dcfaa,3,,"O produto é muito inferior do q demonstra na foto. Esse tipo de produto ""depõe "" contra a americana. Com ",2018-06-30 00:00:00,2018-06-30 22:41:10
87a5fbac534a4bc51d8c3b63582ae517,e21ac3b366d8ae9dce431413dbc2ccc0,5,,,2018-06-07 00:00:00,2018-06-08 12:21:46
5ab976767e13ffb1b500e5f7a5c16b85,c8a943770fb49db56e8f9621794fcf23,4,,,2018-03-10 00:00:00,2018-03-10 23:15:19
855402d5ca124dd03b78c3f5fbe48f11,49ed07bff8d01accb7ead0923ee6d91d,5,,,2018-06-14 00:00:00,2018-06-15 11:16:38
fa7a0ed047a16560e8ae9b9f06d28fe7,52b1ffde0cd06a4b61dc1229bcf87827,5,,,2018-07-28 00:00:00,2018-07-30 22:38:22
b273435c4b748c9e94c58dccfcd93988,7905d74aefff427d164bf8a4b274fc9c,5,,Estou satisfeita e peço desculpa pelo transtorno pois o pedido foi entregue em dias diferente ,2017-06-07 00:00:00,2017-06-09 21:08:44
4b5a1282e5c037dd0591ac900d01e446,2d856083b0b7c9f8a7bd4f59986eafec,5,,,2018-08-21 00:00:00,2018-08-22 00:36:28
942197d1c84410c7970b68f3c5a608c5,9f0663bf008ccdbfbd96ac9a31ba7442,1,,Empresa não cumpriu com a data de entrega. Quero meu dinheiro dos tapetes de volta Péssima... nunca mais comprarei com essa empresa e vou reclamar no site ReclameAqui e outros de defesa ao consumidor.,2017-12-20 00:00:00,2017-12-29 11:06:17
37480e71f7b8730c0cb7a4a3c0512d8c,5b30af3b150295616c6564e91b8ec214,5,,,2017-08-05 00:00:00,2017-08-07 00:29:08
dae9b1cfcbfdf869fa725b8f70fcdc99,d40934bd791cef9f61becafd56317f6f,5,,,2018-03-17 00:00:00,2018-03-19 17:06:25
e864fa9665b2abab7fd5da6d20dbab5f,b86c4834a1f80bb5f808842b4624a2cc,1,,Pessiama loja e entrega que nao ocorreu ate hoje. Ja ultraoassado o prazo requerido.,2017-12-28 00:00:00,2017-12-28 16:34:43
94993f2eb60769cc47cc5e587edf1837,aa2ae4efd578f1c304128a899e4d1a17,5,,Ótima a sim que presizar compra vou comprar ,2017-06-23 00:00:00,2017-06-24 00:11:22
34869475882b0744a95d4e899b36b47a,67d760ec323d2c9f0292ec4cdafc676e,4,,,2017-11-10 00:00:00,2017-11-11 21:39:49
6ad8c76d396bbab2d478f92e0754df65,5c63934e8c852eed7a35438847d210c0,4,,"Bom produto e preço justo.

",2018-05-04 00:00:00,2018-05-04 23:55:37
4d8a7f089c562214b9ee9b155592689b,53644a8a66249361bd171848c8df4f83,5,,,2018-08-10 00:00:00,2018-08-10 18:47:58
e00caaef817a961391f0cd917606d60e,c77338848d4979e1c775831208262849,5,,O produto foi entregue antes da expectativa.,2018-02-10 00:00:00,2018-02-14 00:23:01
ec3405bc3869522ebf98a62ddbe2bb05,fe8568b0167c1e87d6f1dab1033c9278,5,,"Tudo trancscorreu tranquilamente.
Excelente serviço.",2018-04-11 00:00:00,2018-04-12 07:02:38
91e8678a39caede9a935f51483e1c78b,83924e024872f99a5ff6ba31d7161b91,5,,Amei exatamente como eu queria ,2018-06-23 00:00:00,2018-06-24 20:16:15
0c16080193a563918ba9957c1b676830,ae443cb420061bab1f2c5e3ad279fde8,1,,produto nao veio nem nota foi emitida,2018-03-30 00:00:00,2018-03-30 08:12:41
65e73d3aa6e7a80d70b886bc45f0952c,a85429530fd3281381e34d128b357d91,5,,Meu neto adorou!,2017-04-06 00:00:00,2017-04-06 20:25:18
0283b62c5f5a6958d7be2f88b8c9ef6d,b26727a63ae58f7a0f901dd4f2653cd0,4,,,2017-05-28 00:00:00,2017-05-31 14:21:35
80f5ca701f2f6ab359dedf27c58f1a24,1bbda6dbb533293df7320c4f62b6e897,4,Bom,,2018-05-16 00:00:00,2018-05-20 11:32:04
3f3ac4ddea8d9ae38fc3c127b53eecad,6d669b4dec428bc8362a8b39ed61aaae,1,Produto quebrado,"Recebi o produto quebrado, e até o momento não recebi nenhuma posição dos fornecedores.
Uma semana sem nenhum atendimento de qualidade.",2018-06-06 00:00:00,2018-06-11 13:52:56
6ac63cc5bd4f1c93880bb060fea131f1,bbc3a95177ff0c8a012e117f4dcb06c8,2,,Compramos um kit com 2 produtos - tinta colorida e tinta preta para impressora. Recebemos apenas a tinta preta até o momento. ,2018-02-01 00:00:00,2018-02-02 11:00:38
9a12d390f69489abc436bc116bb6ed91,517edfde8ef25f2a7f7da80e82c77c27,3,,"O PRODUTO CHEGOU NO PRAZO, PORÉM, NO ÚLTIMO DIA DO PRAZO. DEMOROU MUITO, PODERIA SER MAIS RÁPIDO.",2018-01-24 00:00:00,2018-01-24 19:15:59
6063f7365eb911377d18f111a3c65d74,138922735946aa65c66ca7e7bd4e5980,5,super recomendo ,fis uma execenti conpra muito bem atendido valeu ,2018-07-01 00:00:00,2018-07-04 15:49:54
a52b12d92894edd59dd24177246c3c51,4fe684f6261471c275d37f5b56bd60d5,5,,,2018-02-16 00:00:00,2018-02-16 19:11:20
0e6b614dc355bb40a6aa18fc45c0c8d8,ce361366b38e58d923fe2e3cc60521f9,5,,,2017-09-10 00:00:00,2017-09-12 17:36:11
cddecba94af6120bb6ee518ac8904ece,2a33fbcf408a5e7ff0383d4b0daa7f77,5,,,2017-10-14 00:00:00,2017-10-16 09:30:25
8ff869fed1670a66435bfef270d4addc,f2664c7a8066f3a82b36c7c8f916eab4,5,,,2017-08-24 00:00:00,2017-08-28 12:00:59
032ae743fa8038cb298c8c6090a51f19,efc7c29e1816bb3d30c1e8c207bf87ca,1,,HAVIA COMPRADO ESTE RELOGIO PARA PRESENTEAR MEU FILHO E SEU ANIVERSARIO ESPERO RECEBER UM VALE COMPRAS PARA ESCOLHER OUTRO RELÓGIO POIS FUI INFORMADO QUE O PARCEIRO NÃO TEM O PRODUTO OFERECIDO.,2017-07-19 00:00:00,2017-07-20 01:08:26
d7a035500f9af8e57e8d6887e31b7bab,fbcb9c1c272d20d294b3d5cc25ccc417,4,Gostei,"O produto chegou no prazo e veio conforme anúncio, mas tem uma pequena parte que veio com um pouco de ferrugem. Como não é nada que fica visível e o produto é bonito, gostei.",2018-04-18 00:00:00,2018-05-05 23:29:36
85fe45521626f5d81f48ec2cc20fc086,25b5682781766b4b351cc1475a5caf30,5,,,2018-06-30 00:00:00,2018-06-30 18:34:27
6559b6cf36baa035d587f8f016ac5ea4,aa78679c9f61a2896e5fe26761b6a8bf,1,,Comprei dois produtos e só recebi um. Paguei por dois e só recebi ate agora um ja com a npta fiacal na embalagem! Ja escrevi para o baratheon e ninguem me responde! Swndo assim ja estou passando o caso,2018-02-27 00:00:00,2018-02-28 15:38:56
92e49e5d5ea4a8aa76c10fcf0fd90350,7d0a7957897551b77224fc297e8f6046,1,,O produto não chegou,2017-04-05 00:00:00,2017-04-05 23:19:23
f0b439695e4b5d8e7bf13f33a2579913,db0c4d3804fd0676152a2ac39cf5cc27,5,Otimo,,2018-07-25 00:00:00,2018-07-25 19:10:57
8b904d7a7dd42544fc4adc1a1acc6711,3deae78fe543fe7c561f18a237ad309e,5,,Produto OK e entrega super rápida,2017-11-26 00:00:00,2017-11-26 20:40:21
cb4557d5c9eb09cd5dd94b44f46df01a,90b3ad8bf9574cb0d847fca8a31bdb75,5,,,2018-07-02 00:00:00,2018-07-04 20:00:44
19d10de0023f41d020bb52ee52ade6b6,62f872bdf7d50fa3d2366c245f92d002,5,,,2018-01-27 00:00:00,2018-01-29 19:51:22
3322460564fc8f370b077b7e49d733ad,b75ec2d4ba9e40634c65c4b6be946b6c,4,,Veio super rapido excelente,2018-08-30 00:00:00,2018-08-30 23:16:48
c0a6f4e0007e1a3e8124656e0af33516,5ed946893f9d36c172fc9bbbf31fcf0d,2,,,2018-08-19 00:00:00,2018-08-19 04:54:01
9199827f59a0158b7c0cf89ad7239b28,b2a5b4b96f199f352ee45d82ac6dfd24,5,,,2018-03-16 00:00:00,2018-03-17 03:10:21
6230bf623a6f34cfc2af7ad3de0e73cf,dd6871ac691db075bd6f8e6c70576648,1,,"Comprei um tapete de avião azul e entregaram um tapete de urso marrom.

Descrição do tapete comprado: Tapete Infantil Avião 98cm X 68cm Para Quarto De Pelúcia Azul Royal.

",2017-12-13 00:00:00,2017-12-14 11:05:10
08a1b9ab2c8ef32b5771b6f3f0ce3678,0ac372f92fbec55ca27ef4fa99a6a13a,5,,Farei novos pedidos;,2018-01-25 00:00:00,2018-01-25 21:44:46
19c9edab01c28aa7d60507c17da6d4df,5e764e58bf508a75846821d328714583,5,,,2018-04-10 00:00:00,2018-04-13 07:50:42
dadb368f1fdc539ad6381846141298f8,0eb7aec5fc39bddda0c24ee5cf824415,4,,,2018-04-18 00:00:00,2018-04-19 16:20:29
adde9fdfe5b4d90ff6f5e6a7430173d2,41b7994f6fdd38dc855f6f6a5c61b459,4,,,2017-09-19 00:00:00,2017-09-20 21:31:03
30e118a7ad533ccbb4ea57433f95dfa3,e0eaf809859a6844fa893ae9c9af2ddc,4,,recebi só no correio,2017-10-26 00:00:00,2017-10-26 21:11:45
b6e92837a785c546fdd68aefed24016a,8bca89b4311c48e6e6a22acd5cebd242,5,,Entrega antes do prazo.Super satisfeita.,2017-04-06 00:00:00,2017-04-10 16:40:54
ebf3b50cb389856e76d475cd63538606,790174a33341ef5cb1534732bfcbce28,5,,,2018-01-25 00:00:00,2018-01-26 10:10:57
d999efbe30333f72b2fcf3a37df5a41b,b08f7ce910570d89714767d4610943b0,1,,"Bom dia, este produto já passou da data prevista de entrega, não recomendo está loja, aguardo retorno",2018-03-30 00:00:00,2018-04-02 11:10:37
38e7ab914245e2f84080e349f5e6810d,5c7ffa6a8321eb05f96b3f941cf874e5,1,Produto diferente do que ,Comprei um modelo de relógio e acabei de receber outro produto ,2018-04-26 00:00:00,2018-04-28 21:16:01
9c5a6d4e25c5c677c6091dec19e8770d,09a38776c4e31230864f867821174daa,5,,,2018-02-17 00:00:00,2018-02-18 21:08:15
5fb3a53607a01036c7e1bcc8927e5579,6e0a631dd4ced6d6f1bb087e0f9a648b,4,,,2018-05-11 00:00:00,2018-05-12 02:54:21
f9db3fad8649b47d4de61f5dd0ecfae1,d8b5d1ea87d75046c7b453b1b128fcc3,4,,,2017-09-22 00:00:00,2017-09-23 13:56:52
70c20196c9c00a250fbc9239eebd88d0,d0a2ee9c1866926b3d773366fd916e37,5,,,2018-07-29 00:00:00,2018-07-29 20:36:43
2553e7a7c2962eb06cae26643d8f682d,65a9d3006386a380f4b594577a01cef0,5,,,2018-02-20 00:00:00,2018-02-23 13:08:33
0c8bc7442f893de7f8afcdc294df9d77,29e2ad0dc7d3e40270b43dae7133c30b,5,,"Recebir o produto perfeito e antes do prazo, super recomendo o produto e a loja.",2018-04-09 00:00:00,2018-04-09 21:46:01
c41821b2d986062292a0cb4d95ef5d80,2f4545bda1b1c794a9a35a3fbe4257ba,5,,,2018-06-06 00:00:00,2018-06-06 18:58:14
72912f4807c953e4f2571393928ec3ab,7cb4dff15cb0bfae18db9857cf0455f4,1,Compra cancelada e reembo,"Tentativa de compra: 3x
Cancelada por n motivos. Já reembolsada. Por favor, esqueça que eu existo? Não quero mais receber e-mails ou ligações a respeito!",2018-04-29 00:00:00,2018-05-02 22:19:35
c78458b071eb2047bb76688409afbf5f,6eb9f3d505ab7a74d384c6b0acf7d57e,5,,,2017-05-24 00:00:00,2017-05-25 12:17:34
9c1ed18d2f71fd30052b8c7a184c9029,7944a40f993592120589ebe482ba7b1d,5,,tudo ok,2017-04-20 00:00:00,2017-04-20 22:13:26
8acc4eeee68e30b8f9f79ee2761a32c1,241368f4774e5c6f4a5a15a612970316,5,,,2018-04-10 00:00:00,2018-04-11 00:01:27
a12b9283f0e0ac1583fabbb210c356e0,a539050b5ced5a45fbb22fa7a99f2043,5,,,2018-08-23 00:00:00,2018-08-23 17:52:20
d5c5e1e70f31a5a321ab3acc92306f80,5f2aaf089bdf0d14f2357066f139c2a4,1,NÃO RECOMENDADO,DESCUMPRIMENTO DE PRAZO PROMETIDO QUE VENCEU HÁ UMA SEMANA. PRODUTO NÃO ENTREGUE.,2018-08-09 00:00:00,2018-08-16 01:47:12
246aade87d29678c2cc759400d0dce74,43e16679b4c9df0ae3d5fefa59a34ff4,5,,"negociação rápida e honesta, recomendo a todos",2018-01-05 00:00:00,2018-01-09 08:25:20
10d344b9b666fae23809e61096668f53,a7423cff9cc4cf6f1d6b749fd95d2aa1,5,,,2018-03-09 00:00:00,2018-03-10 01:04:01
affb02a49a1c7531f415cce2fa914ead,a1abe44712c1781003be14dfbafdc284,5,,Excelente produto,2017-07-28 00:00:00,2017-07-31 12:34:22
d7138d969166e211f6028746a408eb6d,f34349c1787f5a47ace7555af961a47b,5,,,2018-01-25 00:00:00,2018-01-29 20:24:31
248ffdbce5c6e3b613a7e0be0fd9435a,dcc0ebfe0fa59c24fd859aacb8e1f2e9,5,,Eu recomendo lojas lannister,2018-03-27 00:00:00,2018-03-28 00:01:54
940c8f01d6c6b46a353b74bf9f7da8a4,3578f604ba267d1491f68d8f929dbf28,5,,,2017-02-22 00:00:00,2017-02-23 18:59:50
677c63e71887a0eb03f3a3e9572293d8,6251ed6cc506e51952af1d0c230630e4,5,,,2018-05-24 00:00:00,2018-05-24 22:17:05
5e57f6649639c5fd96d0476d671bbf59,742d862c30615984a57a26626cd1b40f,3,Cortina corta luz,"Produto entregue antes do prazo, porém encomendei uma estampa e foi enviada outra.",2018-06-08 00:00:00,2018-06-12 15:31:08
182f3e9affa45fa21c1e02e1bd813e8c,dfc1b4e359ebb9f33946b6301b1d8ba1,4,,,2018-03-19 00:00:00,2018-03-19 22:44:20
d2f938892a8fb04658f08d01fb402526,480295bd3b66aeb4f624e16dc17a7412,5,Excelente atendimento.,,2018-06-08 00:00:00,2018-06-08 19:35:53
a5f81f02e8940a6c6a69432896e44f54,59da0d6767ec282e26ad95f315276dbc,5,,,2018-05-30 00:00:00,2018-05-30 21:09:31
3ada324ba54c6fb1dafa711225f86440,73f48f63d3e4f1a7e909c2261194aad2,5,,Entrega rápida e produto excelente. Continuarei comprando e recomendando.,2017-02-24 00:00:00,2017-02-25 16:01:53
43dc285f9ce66d3f419b0330e81d22a3,4fab84dd561f10bb9c98293f34d749fa,5,,muito bom,2018-07-12 00:00:00,2018-08-01 20:08:38
a0a6281a30b593cd96f6b1017fcd869f,f5f810c2e855e43855a29906c1cfcfde,5,,,2018-06-14 00:00:00,2018-06-15 19:41:03
268b5da29f19dc7d79ea8f4c33d4772b,e938a90514cd29b81f7e88eb8c918d12,5,,Produto chegou antes e de excelente qualidade. Recomendo😍,2017-12-15 00:00:00,2017-12-16 02:59:00
c92d011a07956f0563a0ce2677100b29,a3a0cfe6661449e2d725b5b1ff658d84,5,,,2018-07-21 00:00:00,2018-07-25 19:23:40
013dd58e8ed6eab89c99c58e4e2ac0d5,70c50ba283cdd637ec95a4c0b0821a7b,3,,,2018-03-01 00:00:00,2018-03-02 07:46:22
5f0111829b047538ac5ecb8bf5a98844,3db52c1df4d52ab19d7e7365d647f6fc,5,,,2018-06-05 00:00:00,2018-06-06 00:29:26
7f5706d2874d2d64525f966524b90785,1ac605c3c8e2ee53279c7b0bd52c6aec,1,,,2018-03-30 00:00:00,2018-03-31 20:58:33
fd08dddfb9370841fef93f86da18a3d1,0707e2f91c707859b79e711d852150c8,2,,"Não recomendo a loja Vitrine dos importados, não tinha o produto que comprei, entraram em contato avisando pra mandar outro similar. Fiz outra compra direto no site da loja e aconteceu a mesma coisa.",2017-04-15 00:00:00,2017-04-17 14:50:10
b0dc5dfd553899ba0bf09f6ffc1f4c58,ba6e041bd3e8e33cf1c2f2db99db6673,5,,,2017-09-30 00:00:00,2017-10-02 13:04:17
96aed235a791b12edba9daadb3152e8e,1e48c52ecdb582b211ad22ae74ad2247,5,,,2017-09-05 00:00:00,2017-09-06 11:55:45
375288acfad43f1bdd54a92275875aa8,64cfbc6d10f3a5091889f0fab6233167,4,,"O produto foi entregue antes do esperado e a qualidade me surpreendeu. Só não avaliei como ótimo, pois a película de vidro veio com um pequeno defeito. ",2018-02-28 00:00:00,2018-02-28 13:05:19
b3d636d7fc8cbbc48a762ee1defa60a9,17697f8b42c55a20565782a3b9c1a595,4,,,2017-11-28 00:00:00,2017-11-28 18:18:16
4f91f8c136df80f3890b4b39f7f95cf7,76fa5b8de9baa31b68062dbb6e708dc8,5,,,2018-01-04 00:00:00,2018-01-08 14:41:02
fc9c2dcac6dcf8060a25f81d73cc7f08,f1c81a653dc5314b7aa62e06239f12c8,3,,,2017-05-11 00:00:00,2017-05-12 00:48:39
058bf7235b99d44cefc0359d3a2b325f,09fd9b0402ed675bbd1ee1e81171ac7c,5,Produto certo e rápido,Produto correto e entrega entregue em tempo ótimo,2018-08-30 00:00:00,2018-09-08 12:26:31
9c091ee5d51ce56add4515d8e05b5c0e,0b40648d6c533ac73822cb32caf5cfa3,5,,,2017-09-15 00:00:00,2017-09-18 18:45:37
2cf53d5c5c7d27d7138e227b1d45251c,1d28f6017289eba334290b00546ea432,3,,Sem opinião,2017-03-28 00:00:00,2017-03-29 10:53:39
00148610066c357531807daea5888a22,8f705decc6b7168523d676183f61b950,5,ENTREGA DENTRO DO PRAZO,ENTREGA DENTRO DO PRAZO..RECOMENDO!,2018-05-16 00:00:00,2018-05-25 17:57:16
aa8d5da51353846d11e9484ace76d093,cd41a5bf3ffd542864ab33b17144968f,5,,Bom!,2017-12-07 00:00:00,2017-12-08 15:30:27
b1463c62ff9debf627075584d4a5c11d,a9d8070e7b21efa5414c183c918eb4d3,4,,"Gostei do produto, é bonito e recebi antes do prazo, recomendo a loja.",2018-01-27 00:00:00,2018-01-27 23:02:52
da56285615c27552dc3018b97f62cef7,7e68991a1a850b61d2a20fd75f462397,5,,,2018-08-30 00:00:00,2018-08-31 03:01:22
34729adda5b471d137834cd4e9b605c8,4c5277b8c416e92df5b5b5b3882b4d58,5,,Entregou antes do prazo.,2017-05-17 00:00:00,2017-05-18 10:45:26
cde036a90869a75423e24a887f47c7e3,8661a555bc977c9f38488801be332bb4,4,,,2018-08-23 00:00:00,2018-08-25 20:52:58
fc4c454b9bcb7fc54aab4f5c66383c0b,d34b91927899aaba97d258d038884053,5,,,2018-03-22 00:00:00,2018-03-22 22:58:49
2deac296a2c2efa80fede1537545aed0,ad66f64c10df4649e7b50b942f5f4bd8,5,,Muito bom,2017-07-20 00:00:00,2017-07-22 21:27:16
daf5683ba626432f809d05c4373dfb60,6f518b2ff981751788c8e7dfe7dfbf90,4,,"Pincéis de ótima qualidade, ótimo design... sem falar que chagou antes do prazo. Liiidos :D",2017-09-30 00:00:00,2017-10-03 11:15:06
bcf7377d813b494b755b004b8db24afc,be844f368fa6d0d3ea9f81f72d668b67,5,,,2017-07-22 00:00:00,2017-07-23 00:53:46
11ff059e1b0176b0630f65b813fff34a,d2cebfc5f806510626e7c16ef6413ae8,5,Perfeito ,Adorei e veio antes do prazo estipulado,2018-05-22 00:00:00,2018-05-23 01:54:25
ebd50f59a95371292a542ea79444e38d,60787bfeaae0862411713fa2071d87db,4,,,2018-04-11 00:00:00,2018-04-11 17:36:25
b7c856fb4c20805a17aeb85e79b9e623,9c1b3da77c4477dc54252547b9f93312,4,,,2017-03-21 00:00:00,2017-03-25 03:09:32
c3fcd31f4c7eb9c0da328dbae2828fb5,1dfdbd592873be9e467a641589b7595e,5,,O produto chegou corretamente e dentro do prazo,2018-03-16 00:00:00,2018-03-17 17:23:24
26c525c99266ecaa86e6b8530baeb32a,93cdd227e63b8b0bb8bcd95f462ef565,5,,,2017-11-28 00:00:00,2017-11-28 19:39:19
adcb464f6fe9a1b6c0c2f952518fee3f,d6aac305add81d76183a41fa21e7a3e1,1,,"O anúncio mostrava um cartucho original HP 670 XL e recebi um cartucho genérico, num saco plástico. Nem marca tem. Liguei p/ as lannister que terceirizaram pro fornecedor. Estou indignado!",2017-06-29 00:00:00,2017-06-30 00:08:25
76e025728461df638fd0047be9044b35,2f53a7c846aa70472520bd18b081ebbb,3,,"O produto apresentado na foto não condiz com o produto entregue. O arco não é tão grande e o babado só fica virado para cima, não tem caimento e não tem acabamento em renda.",2017-09-21 00:00:00,2017-09-22 21:53:58
5dd2fa3d77b51e9892a24fe0f2a631e6,4db4d9eaf5fb240987ed4148caf900b9,5,,,2017-12-07 00:00:00,2017-12-08 12:39:25
598cbb9ac3d8ee506744943466a15cae,553ba7f2b59345ea057f5a8062784dfd,4,Entrega super rápida,"Ainda não testei o produto, a entrega foi acima da expectativa.",2018-07-07 00:00:00,2018-07-08 13:03:48
54adf644a7653709815f23f0e610456f,f55dda7072d923a3191dbca61f40d8e3,5,,"ótimo vendedor, entrega no prazo.",2017-11-10 00:00:00,2017-11-10 14:36:59
05ca1babda6d602bf6ca2e0870c12da2,43ada20efaad1c2c55197dd39050267f,5,,Produto chegou perfeito.,2018-01-04 00:00:00,2018-01-12 09:45:09
52d3f373c6757800cac6387a15dc2449,eb96e626e9e03230dd582597da1a68ff,5,Recomendo,Muito bom a entrega. Site de confiança !!!,2018-05-19 00:00:00,2018-05-26 00:54:33
9798a3304d46a7d46d625de36b2dff7e,668a8c6658202dfcedaffee43fdd4523,5,,,2017-11-24 00:00:00,2017-11-24 16:57:31
9a433d59da3cc7baf3f9c40f5fcc73bb,6d2d513c85c6b40a59a24c477959acdc,3,,,2017-10-17 00:00:00,2017-10-25 18:48:40
f914da6bd4845ce20198b6bf807a5575,93f1a4071d3c96b7aa72f3fa4d5be36b,5,Nota 1000,,2018-08-17 00:00:00,2018-08-17 19:41:26
eeb33ca623ebccf09b35d8ef2f9bf201,5c79fa2db9227db840a45f20c3ce4833,3,,,2017-09-09 00:00:00,2017-09-12 09:29:25
339c40326533d187e149c26f25e656e0,789efe01c5431a828ed0f537a7057016,5,,,2018-08-30 00:00:00,2018-08-31 03:12:53
9b128df07a15b6daaf0870eff3ae267c,e247a0570d308da27cd7f349902e66f8,3,,Cancelei o pedido 30 vezes mas a lannister continua mandando mensagens.,2018-04-04 00:00:00,2018-04-04 11:40:00
33dd60a4eab572eaab8cc5471ac412de,a1e393fb70c2916de4f93974682521a0,5,,Produto ótimo chegou super rápido amei,2017-04-07 00:00:00,2017-04-08 08:34:59
190ad94f027b894503d97e17e1705df5,46aecd246f390bf2157edfeed11b5433,5,,,2017-10-04 00:00:00,2017-10-05 11:55:53
6cdfefe70cede79465f99d29f729a32c,486bce96008cea9cb14d0593189961da,4,,,2018-01-30 00:00:00,2018-02-14 00:36:55
9159979e0579bea0d3a24e0a0dc1dc05,55ff54e053fea20c279fe3c8b698bcca,5,,,2018-01-21 00:00:00,2018-01-21 21:34:28
51962867e91b52724f73c8e445a69074,b13ea375fe9c728832688264638f84cf,1,,,2018-08-21 00:00:00,2018-08-22 00:07:01
f1f9860e77fbdbd7cfcfd9a94e0cf2ef,e9e64a17afa9653aacf2616d94c005b8,1,,"Atendimento horrível, fiquei esperando o produto por mais de um mês, não recomendo pra ninguém ",2018-02-10 00:00:00,2018-02-10 03:17:25
ce626a61143d9de44041c1ecb6a53f62,1e05735291d8969fddb706f4fabe8725,5,,,2018-01-18 00:00:00,2018-01-18 21:05:18
22294b49d79cf2c6a0229874133bc249,132761d24f94ef259bcbde9dacecb2e2,3,,,2018-01-12 00:00:00,2018-01-14 20:29:52
9b8a5c2bdc6269cd74bf5e5f441f42fa,bb4617e746ecc5f06f704eaafaecb955,4,,,2018-05-17 00:00:00,2018-05-20 17:52:47
214727c7112e82a4e70d9e883ad00de3,07dedb9d22cef1af1540ab753c537c4c,5,,,2017-09-24 00:00:00,2017-09-24 23:07:15
0fb840cb14a4f4706265ecc90a3b1fed,1166ac5af4262300b61e079c496223c6,4,,,2018-08-23 00:00:00,2018-08-26 10:55:33
f092c9c1838dc277654e2cb24136ef0b,b1c87cf3c9ac90d18dbf33b6a5c32d83,5,,,2018-05-09 00:00:00,2018-05-16 11:52:40
72af72bc8943068bac9c1be93da9e75a,96087ef44ca9abdbc4c372a3dd3c859f,3,,,2017-11-22 00:00:00,2017-11-26 00:04:36
c9c689a7d261a2f200cb928acc048d97,3eabaa998b43c58b0d27b9afa79060ad,5,,,2018-06-28 00:00:00,2018-06-29 00:02:32
6259c4c59dff3e2f40ea6221154f6cd4,67ba689f4426cad886c40eaf487258b1,5,,"Estou muito satisfeito com o meu produto que comprei pra minha filha , chegou antes do prazo previsto muito bom msm esse loja.",2017-12-21 00:00:00,2017-12-22 08:39:31
8df0b0b9eaec251f8feab20cd6362a29,35c59a35853cb88d8209641947d505d7,4,,,2018-04-25 00:00:00,2018-04-26 03:45:38
146414b06d9564755545de241ab1a3fe,0ce94e50ed7d28e7856f3d127990d17c,5,super recomendado,"A cadeira chegou bem embalada e antes do prazo. Recomendo as outros compradores
Vera",2018-08-10 00:00:00,2018-08-10 18:04:13
c3ed80d849e4473a17b5f3b694cd7995,e8f9288c671277ab525571871aef27cd,3,,,2017-12-30 00:00:00,2018-01-02 10:09:32
2704161b38a509b47a1c07067735a584,2ef02afb7f805f2864894d1477e29443,3,,,2017-11-27 00:00:00,2017-11-28 11:20:13
455d6db7f7a662b3f49cd0b02cc99bbb,70c9e0c247d9f1e785e3a31d2a333ec6,5,,,2018-06-02 00:00:00,2018-06-05 11:09:31
f7a60d171637fd27ba534c5b6acc6eec,922162cabb84e44a2efa143dd96ef464,4,,Ainda considero no prazo devido ao feriadão.,2017-09-10 00:00:00,2017-09-11 20:33:05
2fa1c1c8cef8e0a265667f2f05c10b83,9ac146c59c6dae84516a85362fdbbebf,5,,,2018-08-01 00:00:00,2018-08-02 14:01:07
9d09a171bbdec8627fcc77c24419d3ef,51a6c901712ba9639464fa07a52b4fa2,5,Super recomendo,"Recebi meu produto bastante rápido, comprei em um dia e recebi no dia seguinte. Maravilha!!!!!!!",2018-07-28 00:00:00,2018-07-29 16:45:01
e68299160909f0ad28e82afb1c68b0e9,9418ab9676b7f5d9539c74b557c59284,1,,não recebi o produto !! pode ser problema do correio?,2018-04-20 00:00:00,2018-04-23 15:17:34
601c2b7c67a47df0dfb5f7a65d3c9c8c,6ace7c2a595a57867f443b5d3d1a7607,4,,,2018-05-18 00:00:00,2018-05-20 17:22:54
1b2c67a89670267c3389759d15414336,82e77a081a87b4df3966d2fce4962e3c,3,,O canudo do borrifador do perfume Individuel da Mont Blanc não alcança o final do frasco. Os dois que comprei vieram com este defeito. ,2018-01-24 00:00:00,2018-01-26 22:26:00
269fd22c4154f7760c9a22a9df8912f1,1d699c4fd2ee485c965116e9c3fae0b3,4,,,2017-08-29 00:00:00,2017-08-30 01:21:06
bc2da986c8242d9ea04b84ed246c9835,f85a3babb8f57542a4493f9c45523501,5,,,2018-07-12 00:00:00,2018-07-12 22:44:47
d78e06ac8c5c0abe9f0d0ec9e49bc772,e1cbc1e8c3204aaecc891d1392f7b4d7,5,,,2018-02-16 00:00:00,2018-02-19 11:33:06
5bb1b76de6b52930ca68babe90a89935,7cc23d880ead6eb7ebecb6292435b6d6,4,,Chegou no prazo !,2018-02-10 00:00:00,2018-02-12 19:41:47
c32237e96be7612468424c62cc0038da,de3205739b43c0284c856d5bd725dc55,4,,,2018-02-08 00:00:00,2018-02-11 17:57:14
d9936355aee6f0c1cdf7ea52f100fa86,0f1c3e42f560452d091c6906f9accb48,5,,,2018-04-14 00:00:00,2018-04-16 19:56:44
ccae1b45be8cb6bd793e921819875a4b,ee05ea68d27584f43ac19ad104738fea,5,,"Produto chegou antes do prazo, super recomendo",2018-08-09 00:00:00,2018-08-09 23:54:27
f5d0e661704c989507febee6f115b389,cf3c1e2bc533171445481ee9622691be,4,,,2018-05-22 00:00:00,2018-05-24 23:43:42
24e3fbbb51b2f161d9d4ff2686164557,6c6035b5c538935be5381cff46351355,4,,,2017-08-18 00:00:00,2017-09-03 12:59:22
dedac33d2d2e765867a905d572597649,c82a982cd837462e87708e2544e09ca8,5,,,2017-06-22 00:00:00,2017-06-25 13:05:59
abab2f19906fa487ca220cdfec6a4d0e,b9e3810153620449fc947aeb350f4d53,5,,,2018-06-19 00:00:00,2018-06-20 15:34:57
0ba9b45b0f41a09876e7726d03743846,8783894e49c4c084d21c71b16a5aa83c,2,,"Comprei uma luminária metálica, de mesa e recebi um abajur.
Estou aguardando instruções para efetuar a troca.",2017-05-20 00:00:00,2017-05-21 21:10:17
80211056f49f7d5c598c6882391ffe40,cd49d0987575fc21d96fb52e37b16191,5,,,2017-09-20 00:00:00,2017-09-20 23:16:48
78b9efb8261b5e02ccf0006b685c9afc,23fb5e6768dd0cf8df7aaa74d80f8ec6,3,,,2017-12-27 00:00:00,2017-12-30 00:28:25
713bab4669a2517973176149449ee8ab,d76473e476b8f58cf984cd8208c9a987,5,,,2017-09-19 00:00:00,2017-09-20 12:34:23
fafb73c3ebf26412c0f6c4780ebcc9e4,2cacbc4da6d979f44adb568674fe8763,1,Devolução ,"Solicitei a devolução e recebi um prazo para obter a reposta do cliente. 
O cliente simplesmente não respondeu. Fiz o pedido de devolução dentro do prazo de 7 dias conforme o codigo do consumidor.",2018-05-15 00:00:00,2018-05-20 12:27:12
dc45227195dac10cd61fc8120854efa0,b4e2eb7f4325b44130052476646043c6,5,,,2017-06-23 00:00:00,2017-06-26 18:37:49
0192fd0440f0ba2d289d2157b0f8dabf,7e28a3542ea8306e42298ea3718222ee,5,,,2017-12-27 00:00:00,2017-12-27 18:38:42
df30669c392c69af125902688c2b6b64,1955e6384cd6fc6cb02799b1e458b2d7,5,Ótima compra,Ótima compra relógio mto lindo. ,2018-08-08 00:00:00,2018-08-22 01:40:10
0c2915e69ee09c18b9c15b8035bdc5ff,a4b276bd4a9eba543ec90cdf29a67308,4,,"Manta bonita e grande, exatamente como estava no site. Gostei!!!
",2017-06-20 00:00:00,2017-06-21 00:14:13
d4a561fb663f23de0c10d25df539a32e,3b0dd90f0d2dbe97dec7df09db37ca94,4,,,2018-04-03 00:00:00,2018-04-04 01:47:57
e996b5cad31a4c70d9b7df51b037f135,9c64b3536fb98572dd79bdaaab529f2f,4,,,2018-08-22 00:00:00,2018-08-24 18:16:52
2034e00af9f8e593165ee512ddb8dc6b,db98938fd988c1be7290b8fda2801afa,5,,,2018-05-17 00:00:00,2018-05-20 13:18:06
e3b17fe99a5aaaf98b8bb1cc7b45a32b,b5d3a4b81af25c152a2b6938ed054942,5,,,2018-05-03 00:00:00,2018-05-04 16:45:58
6559e05bd757ea1cecd207e35321ee73,60c293e54649a6dae7403487d4c21b2c,5,,,2018-04-10 00:00:00,2018-04-11 02:00:02
f28333526642856567ebb8504b060803,1853610c46a77ba436f5e06e16ec8302,4,,"Recebi o produto correto, porem veio quebrado na ponta.
Gostaria de ver como posso proceder?

",2017-12-09 00:00:00,2017-12-12 11:42:02
8299a3659a83638e851e14a2c359c468,6076a8694fc911c2ed0a2bac1c30a9c5,4,,Não sei 5 estrelas pq não testei ainda. Mas me parece tudo certo,2018-04-03 00:00:00,2018-04-06 05:00:18
d59b5743413889b242a4fcb85aca3ca9,61598b90b927811b3b38013ec10b8e5d,5,,,2018-03-18 00:00:00,2018-03-24 13:45:55
441876a44104a427c0ade59b0f17955c,64ea4c51ad1203229ba011693f35da54,3,,,2018-03-03 00:00:00,2018-03-04 13:34:18
f0929a53fa913931c91d9ed93b9b3b42,0756f4ba0fd88d3e50c7ae0d66edfb4c,1,,Estou esperando o meu produto já tem mais de 10 dias e ainda não chegou na distruidora de Juiz de Fora. ,2018-03-25 00:00:00,2018-03-25 16:46:46
5b965b71e23e4830ae47e7561b0774f2,8709d432916bb32dfc76488bde2bd31b,5,,,2018-08-08 00:00:00,2018-08-13 02:43:30
b4752a5d10ab291465a3df1e96a3356b,c9fc76586dbd1939395d3ddd999833bf,5,,,2018-04-18 00:00:00,2018-04-27 14:58:51
baf28d820b60cdf226db46d297f9aeb4,e154274f8d5b5bcef8bb9f51a54b218a,5,,,2018-02-20 00:00:00,2018-02-22 14:28:03
75f91e575b47d638333669c942454309,4148591d51d8741aef65abefd186887b,4,,,2018-05-09 00:00:00,2018-05-09 23:26:50
6a9ab42d0a8a0e095a14b56bdcb45bae,cdc25bb2425136a5dd3858f8563a7f4a,5,,,2017-08-23 00:00:00,2017-08-26 03:09:54
78f97e5e30b6ddf3bfeae5d21ed2494f,44259226d73d340f929777553ecf199b,5,,,2018-04-18 00:00:00,2018-04-24 13:19:54
30028cb266d6336c52b2a7495c1f857f,a5049397ce179d0a0b31a46211fad358,5,,,2018-01-17 00:00:00,2018-01-19 23:31:35
05712de0b9574fbb34c6ebb8c9189831,de57d3e5ce7ac9d723a9572aac2b7fc3,4,,,2018-08-08 00:00:00,2018-08-08 23:41:40
afe3b198e91ea2e74cbb14bf0ae1ff8d,347610961383f5990e1d0ce3fd0afa5a,5,,Adorei recomendo ,2018-08-19 00:00:00,2018-08-20 12:18:01
2b23250c1943ea54f67b44ce18d8368e,d71d788e16267fd619e7cbaaa86e966a,4,,,2018-01-07 00:00:00,2018-01-09 19:39:17
9c836f539ede00c758b086c14dc0d5d0,fd6eda1ff5aedbd14847c99543d9162f,5,,,2017-11-11 00:00:00,2017-11-13 00:45:09
ea13f408f9f91e78274f1caa2c9663d2,a5be0f3a1b2874d7a949d0234acd688f,1,,"Produto chegou quebrado, ficaram de trocar",2017-08-16 00:00:00,2017-08-18 23:40:15
1f9c54230c68e99a4e281887fb6ff927,7a6ff0df4e3355199375d34e7bb165c7,5,,,2018-05-10 00:00:00,2018-05-14 11:19:46
cab77355bbb04d55276d35a2bbcf2d27,05728fca024954ba1ce915ad5c94991f,4,muito bom,"rever o prazo de entrega,",2018-06-16 00:00:00,2018-06-20 17:54:11
abb93006043ed53e6d7f0b863040a193,b36055b266e36286316fa70c35de581a,4,,,2017-11-11 00:00:00,2017-11-14 10:59:31
6eec3917009ac4500d80b0557ee92574,72dae7e56901083df5f2cb3dd2d4841f,5,,chegou rápido,2017-06-23 00:00:00,2017-06-23 19:22:46
05dad1a1157fbb3d160559720871c42b,17f7971d77f3b781ed3a2846c5d41946,4,,bom produto conforme mostrado no site,2018-05-05 00:00:00,2018-05-15 14:54:53
1d0602fefedd4085a6d7ac7f18fe5791,ad65e95a693ee0523cd2eafe78406feb,5,,,2017-11-08 00:00:00,2017-11-08 22:39:34
61488f8dda835bf9e867fc68c587ef42,19ff76df4c7c512642f1b4793fda7ed6,3,,,2017-07-04 00:00:00,2017-07-06 23:09:39
0e02f50c6cdb0b8380fdb152ed57d94b,c92a9fd680f588dcff7ff22fce0abbcc,5,,,2017-03-19 00:00:00,2017-03-21 12:59:13
e7686893d1e40186e442c51bd77f2d6d,e776adc60e8c76f0cd807332525d8cd1,5,Muito bom,Entrega rápida,2018-06-16 00:00:00,2018-06-18 22:15:40
f555e112c09ed12e3ed67fabc21b7840,4cea4082bde3d6f0846e8a5537f3eeb4,5,,,2017-12-14 00:00:00,2017-12-15 00:33:41
ead86726933a494ae8205ff82faf8d58,1cc72bc4fd5f884840d38a69a4c857c6,4,,,2018-06-26 00:00:00,2018-06-26 19:40:32
c6330ba4b1840ec01ad72c2202c2f145,6be09fd2c367b8fad5b25b1315c335bb,1,,"Um dia antes do prazo final para a entrega mandaram um e-mail avisando q o produto não iria ser entregue na data combinada, fora q deram um mês para entregar, outras lojas 7 dias após pgto já entregam",2017-12-22 00:00:00,2017-12-22 14:06:19
10e6b23d40ef1b4312de86337f6dd109,e21fd08d7e36f975120cb6392ee71ad7,5,,,2017-07-12 00:00:00,2017-07-12 23:23:01
05809c068ac8f403afb680d5dfe5867c,67a41e5f40c8ee15e8d00b64b363dfd0,1,Produto não entregue,"Realizei a compra e o pagamento, o prazo venceu e nada do produto ser entregue, na verdade não foi nem enviado ainda. Péssimo!",2018-08-01 00:00:00,2018-08-01 12:11:22
461995f032f9fde9656729a391c22269,bf65b4dfd8ce84479e31f38c67b18312,4,,,2018-08-23 00:00:00,2018-08-24 10:09:26
c5773a41467ef212d40b3950fe3adea7,e32a6fa7755b372afb5f1bdd5f65b6b8,5,Super recomendo,"Prazo de entrega, produto especificado, com qualidade",2018-06-20 00:00:00,2018-06-23 15:52:55
964cd28a5cae7d4a97b196137f05812e,cb8e4e4edadcee29ddbe43c4d2396db7,5,Super recomendo,"Excelente produto e otima entrega, uma semana antes do prazo terminar, parabéns.",2018-08-07 00:00:00,2018-08-07 19:43:02
5e1239246178944986b563b4dd76a9e8,ff410c670cb5018a763d815c1368f405,1,,Meu produto nao foi entregue,2018-03-04 00:00:00,2018-03-05 13:54:36
1d7390931501ae7d6715f75aa1e2cc6d,265b23c0727e5d7a2a3e36f5aac03d67,5,,,2018-03-14 00:00:00,2018-03-14 07:26:55
df24d11bd338663dc488562c2b41af65,916c2499702d55aec9cbad34aedd29ec,3,,Gostaria de trocar o relógio,2018-03-09 00:00:00,2018-03-10 01:08:49
99abdce1cf23d45762bd90872fcefdb5,7e460703dd3adb450213b20170a237f6,5,,,2018-03-09 00:00:00,2018-03-10 15:41:09
9da613c4e10c8c41fce3a808c1e24ac0,4d890e83adf9bc9532d53b2227e92c7b,4,,"Correu tudo bem, contudo o produto veio danificado. Vamos ver como a loja se saí agora. ",2018-02-28 00:00:00,2018-03-01 10:10:59
f36417fa8dba0747ae9d439e599f5b47,e912fe377f77944ec68b3650ead100bf,3,,"Ainda não consegui montar a cadeira, estou aguardando conseguir alguém para montar. Fora isso, está tudo certo, o produto chegou no prazo. ",2017-03-18 00:00:00,2017-03-20 00:11:05
6ee76a4f3dfa7c16f5b2e4c9a66134bc,c8426a2c3cc5c11e8aa0789c3238d4d9,5,,,2017-10-25 00:00:00,2017-10-25 20:20:59
6e055f7bdfedd98c233edb5798449916,9c044ffd93c708557b82ad51947070b6,5,Super recomendo ,"Amei o produto, chegou antes da data prevista para entrega, super amei, super recomendo ",2018-08-21 00:00:00,2018-08-21 14:21:53
47362ecf1f01733c13b5710b17eb4252,d33a24a5ea67f8f5a06b0a32e53f3acf,4,,"Produto chegou antes do prazo, mas na foto parece ser maior do que realmente é, mas gostei muito",2017-05-24 00:00:00,2017-05-25 13:53:35
cfdf4985d57615143f120e83431f493f,8747a928f786c8b31e0afb1b815886bc,4,,"o produto é otimo, lindo do jeito que esta na foto ,a unica questao que deve foi q o produto deu com entregue no site e, só chegou depois de 5 dias ..",2017-12-06 00:00:00,2017-12-12 18:46:29
921c65b97f1f69ddfe2a5cfac5a0a27e,7920e7d2f91a12543837febe80d5503a,4,,,2018-05-13 00:00:00,2018-05-13 14:31:26
a15ef3824b59cb62e2bb9be237533977,3f80947ce4ab2d28cede3db5c92e44d7,5,,,2018-05-10 00:00:00,2018-05-11 23:08:20
1b3b4e9bc4d5d50658773667e97977b7,75132ec71e262337d5239bf757ce228f,5,,,2017-12-13 00:00:00,2017-12-14 10:23:32
937f24345d608e72283e7b9461f53ab6,64cb5db87de3dcce6f274e1e690c32ab,5,,,2018-06-22 00:00:00,2018-06-22 23:01:26
7db67bbcec9659e7f0388540250d9e52,64e64a4dd77d71d6bc307f24af1e55ac,5,otimo,,2018-06-07 00:00:00,2018-06-08 14:21:54
e876e56612fa66ef20ce738e58b3c63f,574a92fb05e01159e32c2a4cba131e3e,5,RECOMENDO,"perfeito,tudo ok",2018-06-07 00:00:00,2018-06-07 23:58:28
5ec3b89b62529b12fd860db1d70e7fb1,e6cc2e902e9f3b9a8c3fd2f60447bfd0,3,,,2018-08-28 00:00:00,2018-08-28 22:12:05
91f1bd15566ed8690e19600723cac209,dc1b86dca769213b0db63c4922bd6a73,5,,,2017-07-25 00:00:00,2017-07-26 20:50:36
afd1279405fd9535d3e6197318ed16fd,90e5ad6118ea4ea07eb9de3aa9c698d2,3,,,2017-10-12 00:00:00,2017-10-12 21:05:11
22f807dc7304c2cb8ca8643f170ec2a4,c75eebf08446545f765d7cfc1ab89342,5,Lucileudo Firmino sousa ,,2018-07-05 00:00:00,2018-07-05 17:45:47
29aaf763d139f325574aa24b37713c42,b75a6018e7dd4580ea41116341ec362f,2,,"O produto foi entregue sim, inclusive antes do prazo. Veio exatamente o que escolhi, mas o produto veio com falha, parecendo até que já tinha sido usado. Deveriam ter mais cuidado e embalar melhor. ",2018-02-28 00:00:00,2018-03-01 16:30:29
b72cc1e57cf129b660c80e0c7b5563d7,8d47ca771c5f1f48f545ecf4a7c85f82,4,,Perfeito ,2017-08-23 00:00:00,2017-08-26 22:44:27
39f59fcdcf501a404fea753997eb1a50,c1e8ab8d063eba72d530b57e5b05f919,1,,Chegou só a base do bebe conforto ,2018-03-24 00:00:00,2018-03-26 13:48:05
048eff7f562e1d70b62810ce9cac517c,534c32e4a4a598bf5fb7d99a2cfd0f62,1,,"Na descrição do produto, ele informa que é faixa adesiva para parede, porém quando chegou ele não é adesivo pedindo para procurar quem instale! ",2017-12-27 00:00:00,2017-12-27 18:17:45
ac6777197d46dae5bccc6dadbadaab7b,675bc8cd15e6b9225582b9161288670f,1,Produto de baixa qualidad,"Produto de baixa qualidade, na foto engana bem, bota esquerdo não tem função, o digital somente funciona se vc aperta um dos dois botões da direita e logo apaga, instrução em inglês e chinês. ",2018-08-29 00:00:00,2018-08-31 00:57:34
268281f57f71e5a18c8d14626d75c815,3164a0591e7349349b8f57437a76133a,1,,"Recebi o pedido faltando 1 intem Colar Lol Kindred Os Caçadores Eternos League Of Legends Azu, gostaria que o problema fosse resolvido.",2017-12-02 00:00:00,2017-12-04 23:30:42
183506bc3ab5fbaf7ecc0373c587c32f,0d13e311818a800d01cd46fb35dd3c27,5,,,2017-04-19 00:00:00,2017-04-19 22:00:13
4703ecf73c607a516c1c27c6f3e96264,cf5a5b72cc9714b2afbbb79d472baaf1,5,,"Não esperava que viesse tão rápido apenas os correios não cumpriram corretamente pois tive que buscá-la na agência.
Agradeço
Sem mais 
Ivo Pitta",2017-12-16 00:00:00,2017-12-17 12:08:17
1833f1d732826f87376588249f293151,b044b08867cd3b1d69a4b3c372321557,5,,,2018-06-10 00:00:00,2018-06-10 21:05:18
a7b9a629b25433a88876d336a31ff119,a61122f2a4bb6c7479310694e0657167,3,,,2017-03-15 00:00:00,2017-03-15 20:49:40
c98724c0c73bce13f258d72b41f30bfe,f12ff3c8b8e4945b4d0331a56df6ef85,4,,,2018-04-20 00:00:00,2018-04-24 12:24:48
4d3fe38b645651ce5af82d9cf17b4a76,2bfd14409ba8ba1153ce42b2abc44bb8,5,,foi entregue antes do prazo adorei,2018-01-06 00:00:00,2018-01-15 18:14:55
50c3ed575d98e790fe50ed0f0e2742df,32f0db75abd9599736ef815f021c684f,1,,Ainda estou aguardando a terceira unidade. Só vieram duas unidades amarradas por um barbante em embalagens individuais. Eu acho que deveriam entregar todos os produtos em uma única entrega.,2017-11-23 00:00:00,2017-11-24 01:39:38
e9d7a16fff554785db72649b9acd0f15,c3a3138b83444e2e6c24b0bdd327bd30,5,,,2017-12-20 00:00:00,2017-12-20 23:05:22
04c900db29776b7d2cea7662a78209a3,0bdb173bda4bf7e4109fe707c309252a,5,,,2017-12-10 00:00:00,2017-12-11 14:52:31
29e472dfbf845751f85275d42c22aae7,b001d1893d61b0d3b035e0a05253eb43,4,,,2018-04-12 00:00:00,2018-04-13 09:53:24
ee04cbcbbc327f0a7755a92c279594ed,77ff5083402e50189ad3477e7dfcbaad,4,,,2017-11-01 00:00:00,2017-11-02 23:41:11
bdce049a7322419600b8618b94a9744d,9409061640fce9127ff7a2ee181a54dd,5,,,2017-08-17 00:00:00,2017-08-20 00:03:23
3af0782ba60eca6ea604763c679570f7,a574693e67b5acd2879ac5d182122fee,5,,,2018-03-22 00:00:00,2018-03-25 09:49:39
2782f48d644ebac730eaf9b5bdcf3a19,2f4f4e713ba94c2880bd26d5adb142e1,5,,parabens,2017-06-17 00:00:00,2017-06-19 13:21:45
19c649a8170dec6cbf9d8eab384bcd8d,f0af25b55365e27fbd6a93df45d9253f,5,,,2018-08-23 00:00:00,2018-08-27 01:25:30
c362e48afa6ce36ab9a5feee41a11bd6,e1a052031a62fc3bc7f2bf2d15241785,4,,,2018-01-20 00:00:00,2018-01-20 22:57:10
996221576fabd8d2915c2bb697970b33,cf5d7dcf1c4473152f3cf16bb9e6584f,4,Satisfeita!,"Recomendo este parceiro. Entregue bem embalado e antes do prazo previsto. Só estranhei não vir com um ""panfleto ou manual"" ilustrativo com especificações/descrições do produto.",2018-07-01 00:00:00,2018-07-02 08:46:44
7bf33248d5b2bc70dadc16fe9fef08cb,8c0af913eb525b355c4997a2a4166696,4,,Entrega no prazo e o produto exatamente o que havia visualizado e comprado. Tudo cem por cento. Todas as caracteristicas divulgada do produto corresponderam. Muito bem embalado e fiquei 100% satisfeit,2018-01-24 00:00:00,2018-01-27 10:51:57
999386acc24d240032595e82ae947b97,976eb687b0b3abd85328670ccd88e06b,5,,,2017-09-26 00:00:00,2017-09-27 11:12:42
e035e5ea418bf576fc9ddf540d7a0c57,e147052b9ecc00bf938f9e8581944207,4,,,2017-05-31 00:00:00,2017-06-01 00:14:48
2a59beba7976c0a7b37915ea31d870dd,f369bf4e7c4a7d5fe6d4efb3d7ea24da,5,,Tudo certo e chegou rapidinho,2017-05-11 00:00:00,2017-05-12 23:12:34
d7666e862add7756e5e92a4bd124e007,fd2b355e216e132b6c0f3f1b18828c95,5,,,2018-07-13 00:00:00,2018-07-13 20:56:25
c7572a6f6cb0c188c7c8a56349752521,6550f76a630f229b798ea19ef27694d9,5,,,2018-08-25 00:00:00,2018-08-28 10:50:56
91559a9c610b44fbc2680b8109bc3a91,a25b9ed9a3a53f53489c105482625129,1,Problema,"Infelizmente tive um problema com o aparelho,e o mesmo terá que ser feito troca.",2018-06-26 00:00:00,2018-06-26 19:31:00
865c1b4c584b5c88662251665f3a6fd6,c68cb1496648de6d9c8ee2e4475f8fc3,4,,,2018-05-03 00:00:00,2018-05-04 00:15:51
01c4d7f6164c2e4bb5a14d9ff58d24e2,4d87e2e794792a3e2fcd7f7a5b4500b1,5,,Foi entregue ante do prazo,2017-02-21 00:00:00,2017-02-21 11:12:38
ea74232b6e4313fd4f88421fc529a21f,04f9ef79f6d6439da363d065445c2325,5,Óculos feminino,,2018-05-22 00:00:00,2018-05-23 03:03:24
54da200ef88ac1a6145d3f3302065f67,b97ba3fb5b212d01ef75f4f4131c1207,5,,,2018-06-20 00:00:00,2018-06-21 01:23:50
afdb61488af1ab799f9a6a9287027a77,a96effa6b0ae730c1b6bbfb81a6164b4,5,,,2018-01-24 00:00:00,2018-02-01 18:26:25
f88f4fe96a5db7c80695ea79f552389a,9db0b5f3481614484592866ec7c902f3,5,,,2017-06-01 00:00:00,2017-06-02 02:55:54
b4d8714967194ff94480fe6647469847,45881bf836d74c8e321eb6467c8eef47,5,,,2018-03-01 00:00:00,2018-03-02 12:28:43
d2b6eccdcc30d5bc8bb205cd198166a8,ceed776cef69730e986a45c5051fad62,4,,A entrega foi mais rápida do que eu esperava. Super aprovada!,2017-05-16 00:00:00,2017-05-17 13:54:01
8a33c1213d0cc5a81c5308498a184932,4667b0530b09d78c08bbbc0f8b6f899e,4,,,2017-07-01 00:00:00,2017-07-04 15:01:28
4127bec155e1e25383df7eca05813f18,2e61fdb90c06ee4a04c2ed31a1092574,5,,,2018-04-12 00:00:00,2018-04-12 19:15:40
6b9a0d8e8e32eab1ff96420b615c360e,de5a3a2e05f3b46629d00ae9b9422973,4,,,2018-02-02 00:00:00,2018-02-06 21:04:36
d1eff4216d0b33abaaef38b0308547ae,d8378bb103de9b68884b9e4cd2a8dbca,5,,,2017-07-02 00:00:00,2017-07-03 01:21:43
bc24e75d928351f9a2506bdf6d928a41,037e725440b59939735ae0aff888a015,5,,,2017-12-11 00:00:00,2017-12-11 21:18:12
918a3d8390d77cd59fd1fd68e4977948,dea87e82c0c86203867522c013b7743b,3,,gostei do produto.,2017-05-27 00:00:00,2017-05-28 14:29:25
9ec1024fe2521af490b6c8ecce5637c5,3f03a16ea2034e425f930d42cd315637,4,,,2018-04-26 00:00:00,2018-04-26 21:45:25
7553bab8633bce24398c75f9411661f5,07bebe0626c8053ad425381fe0882655,5,,"Não estalei ainda aparentemente é muito bonito, só vou poder dizer da qualidade quando for instalar,, por enquanto satisfeita .",2017-10-06 00:00:00,2017-10-09 00:54:20
bb1df468303ad63ae7107e45ab3971bf,54c1bfb14817ae525a9e49f44e83544d,5,,,2018-08-21 00:00:00,2018-08-21 22:11:15
48692aa4c38b1b7391036fdf9a8c8136,3d5c1837eaa26ca8ccb6eb3eb6a6ee6b,2,,,2017-12-15 00:00:00,2017-12-15 12:36:49
d9351c5ce44f874144fbf26dcd0b968a,31f49b876b40d899bdb6c403b4d2b20b,5,,,2017-05-16 00:00:00,2017-12-19 14:02:57
724abe4b5fcc7a4b93dd6513705432b3,04fecddbcf23f16238f35a21291ab7d0,5,,,2018-02-16 00:00:00,2018-02-17 00:54:13
c114bfa82e588911edb24b5e633e6a9c,40c85c3c87215ae5945521e74ef0cfca,5,,"Panos lindos e de boa qualidade, super recomendado.",2018-02-16 00:00:00,2018-02-16 19:40:41
657c6f1285562297918b9106b7627836,31eab59cdc8b996f70446d918f2f782e,4,,,2017-12-08 00:00:00,2017-12-11 10:15:33
4ac4c7a3e60f445e0fc2cce1f2ce69d3,65272dc3f6aee70b17f962df52f16f73,2,Recebi produto diferente ,"Comprei cartucho colorido e recebi preto, o site não funciona para solicitar troca, apenas para cancelamento, então cancelei. ",2018-08-22 00:00:00,2018-08-22 10:19:58
dda461b8b39b721c226cd05c0cacfcd4,b3ea3f6381d1b6d2683698960134fe13,5,,,2017-08-08 00:00:00,2017-08-09 13:17:21
88db97908de5634e588458b37a10a308,94111a59e0311e2720ce96b0b8327eee,5,,Entrega pontual,2017-10-14 00:00:00,2017-10-19 12:22:33
e87d60236b3e42212652015527747503,44b4829b58167b697a69c8aa8eb64733,2,,Produto não chegou no prazo ,2017-03-23 00:00:00,2017-03-23 10:18:06
e0dedd9d3e5f46a1b4d4269b73687c6f,fbd4a1492a44a989b0e5a863581e5284,5,,"Muito bom produto .excelente qualidade recomendo a tpdo ??
",2018-04-06 00:00:00,2018-04-06 23:56:54
a73f2ed18a458f8a299ccb534dfc8815,1f1ee480dfe62c3f7ab8829405e075c1,5,,,2018-05-24 00:00:00,2018-05-25 12:31:29
7030ebd12401ee1876a726c4a16d0e47,c1cb3668980881dd301d51bad5aa106a,1,,"Além da entrega ser demorado, o frete é caro",2017-03-07 00:00:00,2017-03-09 00:14:19
1cfd2bb3296abc6d5a9de60b3817a230,ec11881853e796528bad66eedd44c7b3,5,,,2017-05-30 00:00:00,2017-05-30 23:12:11
dec0b99187b9165d7d0b805085598c73,9892a9783f6e0c59081ffd81ba011353,4,Gostei ,"Gostei do produto 
Boa aparência",2018-07-04 00:00:00,2018-07-04 21:55:54
7a95fdb2d00caf7715f7692b2939a076,8f31b05b300b9648b988906d899b97e1,5,,,2018-08-08 00:00:00,2018-08-09 13:24:13
fde800abf9ddde488ac572fc11ae04e1,3c4eb32cdaf179f4dcd0afa93bb88783,5,,serviço de ótima qualidade,2017-04-12 00:00:00,2017-04-13 12:09:57
0f8177d7d9fcec218b32193cc9ac38e4,0611e51b65ca1c2274c5a2463141dcb6,5,,,2017-10-21 00:00:00,2017-10-21 16:40:38
96be6cf5c718a0f6e3b0ed8988531566,07cbd6088d2dc5108e16680fa00b7045,5,,,2017-10-18 00:00:00,2017-10-18 19:49:07
7aa4bba0269f715619c519443e61994a,3e50ccb3e4c2558e4235db553f8dc2b1,5,Top Show,Top Show,2018-06-15 00:00:00,2018-06-15 22:35:52
528c748e450d21aa04a8b39383074f8e,1550ad5373660bdeb5c52239b456396e,5,,,2017-07-21 00:00:00,2017-07-21 23:29:07
c7c843a11b6a2590f949b58350beef6a,34b426d7bae7fa280beff9a3cda190da,5,,,2018-06-30 00:00:00,2018-06-30 22:29:15
6096a6b17fa6f9bcfc6b4d0f669185c5,d80b473a1e39c2640618ae7d6e181f4d,5,,,2018-06-28 00:00:00,2018-07-03 12:41:05
905347c6576087439c5ef9e8d421915c,93f571da6f10487d3dd56d59982d7b72,5,,bom. recomendo,2018-03-28 00:00:00,2018-03-28 20:24:35
f193f808d43a72723314183f91a8aeba,a1471d3940933cabdf3944ff1c792e10,5,,,2017-08-23 00:00:00,2017-08-24 09:45:03
a2e8caa48a548a3092bd6da08dde08db,00d15ff0236872686e4899ed1ce680ad,5,"ótima, recomendo",,2018-08-22 00:00:00,2018-08-23 16:30:47
70562beacfe9f1dabfaeb70d901ff348,957109fd6a6321b74f0d9cf8969aff76,5,,,2018-07-21 00:00:00,2018-07-23 22:44:10
6ed5fd9c2bbd81b1b7aad2443e2e0d8e,3e5851bac5137487999e438e2986af8e,5,,,2018-08-23 00:00:00,2018-08-26 07:15:11
aef55e3ea3de1357a396ae74c7b5c005,8b75cb6fd9531cacf7f2cb7dadf7467b,5,,,2018-03-08 00:00:00,2018-03-08 11:13:04
0249e083542be0c7999fed3441dbae0c,6b654c2dc2e7c610cb22c325fb723057,1,,,2018-07-15 00:00:00,2018-07-15 17:59:57
c17780536585cf32ec904e3ec3af0cab,b91a17f9c1968b21a333460f687fe2a9,3,,Bom,2017-08-31 00:00:00,2017-09-02 21:48:55
dd422198cb9b3c5ae341402221e55500,45ab99a963685fce8c888625858abc02,3,,,2018-01-23 00:00:00,2018-01-24 09:31:32
ef1954d1c4a81bb37a27316022587dcc,6f3e13f4ef62b348e815f6375cbdd675,5,,,2018-06-06 00:00:00,2018-06-06 23:15:20
db5983c4a35c2ba7e8cd16de004d9900,9d12e7d13379e3e2a600bfccb801604b,5,,,2017-09-23 00:00:00,2017-09-26 12:21:59
39223515caf5c5acf6f156add383b6bd,c209842083e6d90a0ae00af4749c6f4b,4,,,2017-12-08 00:00:00,2017-12-12 16:36:08
e3b8adb434aed4676a502c189b1111cf,6d07ebee9c7fa9c4749c7265c987bf0a,5,,,2017-06-03 00:00:00,2017-07-04 20:23:25
db7642a77d14a7a502ca0c6a7cbf7d00,69eda667e556fbf004a1c26468e91d35,5,,"entrega na data prevista,somente a qualidade do material não é o mesmo que eu pensava mas pelo preço ta valido",2017-12-27 00:00:00,2018-01-04 21:43:59
87c9ea22c50996a93b28a92d3669cceb,83b0d41b8098a854e66c33ac7d1e8dcf,1,,,2017-07-01 00:00:00,2017-07-02 15:39:21
ff9a7efa1fe2a84033b5c097e828ce2f,2dde1ee3144f40fc9a80df16bb989f4a,5,Vou devolver,"Devido incompatibilidade vou devolver, ótimo produto! ",2018-08-17 00:00:00,2018-08-21 00:04:49
b3539e9fda876833bcc585e148ca65d2,abfacef50a27d7cea3f2c7aa60c08245,1,,,2017-10-28 00:00:00,2017-10-30 12:07:00
08907d175590c27ece390d50f19b321c,b6776d519223f71fa9fdb62a7b79e5b8,4,,,2018-05-19 00:00:00,2018-05-21 01:10:17
7d6331a81d20e33708b33fb2efea7af1,6730796e2413628c3e327fbc24177a44,2,,eu so recebi 01 kit cobre leito queen Vitoria-floral tabaco/palha 7peças.Os correios so me entregou este.Falta a entrega da colcha cobre leito Requinte Super king percal 180 fios bege.ESTOU NO AGUARDO,2017-08-29 00:00:00,2017-09-01 01:41:31
71c3d3e07f636e04cb57bc14eab88437,9eaec2635ebf99416ead21c62ef53f67,4,,,2018-01-04 00:00:00,2018-01-06 01:36:51
5fac46fea381eeba09ffb6ccdf3ea219,330ef0a4fda3b673b429290366ce32ca,5,,,2018-07-26 00:00:00,2018-07-30 16:30:51
ad14cfdcd44fded9b674b3e442ecaaa4,3431dbb0c64629bd76dc81b736c46e4d,4,,,2018-03-23 00:00:00,2018-03-26 14:41:23
6429d643c915c92d79e7cc6ac0997a0d,38ac62af1b354671501c9bbfc55bf187,1,,"Boa noie o produto foi entregue na cor errada , eu pedi na cor preto e veio branco . Lamentavel .",2018-03-07 00:00:00,2018-03-13 01:32:06
cf153c7e722bdcb2aadd0893590f0410,995694d9386dba87a71f0229d6b13661,4,otimo,,2018-05-22 00:00:00,2018-05-25 12:39:18
c261e4f5582ab216a23b5ea4c681131f,855a13de235eda92e5acdf19d0157b67,5,,OK,2017-07-18 00:00:00,2017-08-15 17:51:35
1540d7db75cb5a34a7533513401cef69,e6d1b2275402fa4946ee8a3d37712c93,4,,,2017-09-17 00:00:00,2017-09-18 20:12:04
a479b72fb99ae8674c3030a3734a60bb,5f9023a84ef9e64c87bc7c1970da5680,5,,Recebi as mercados conforme exposto no site e chegou bem antes do prazo estipulado. Recomendo! ,2017-09-26 00:00:00,2017-09-27 00:20:34
1c8affb96d74dbd7eaca4bc44a6abe52,f86b24a45dc34d1b7fcdeb817bf503da,5,,,2017-03-29 00:00:00,2017-03-30 00:17:27
3e60d18a239551de48ca8a2ff9382db5,aa21334313579b3bf1d6e8a10de215af,4,,,2018-08-05 00:00:00,2018-08-05 22:53:28
6d9c4b7fe8d391570a0df3ca5bd1a1ac,4b33e7ab86ba5f28513f84e4d75c79fe,5,Recomendo,Recomendo!,2018-06-28 00:00:00,2018-06-28 17:02:45
01be0a30ff6e06bfde5e1acc5c5f4a7d,21fab12baaa93481ad76d02fa22255eb,5,,O produto é ótimo e a entrega foi antes do previsto. Parabéns a empresa,2017-09-20 00:00:00,2017-09-22 09:54:23
11d9a387c371b595db81b81128c452e5,374d4811c6f3657ec62ffec582801ccd,5,Recomendo,Excelente compra e excelente produto,2018-08-15 00:00:00,2018-08-15 20:34:18
1d4265f4d6bce1553da5e8cb3557d5f9,deee3dcdb24a546fe11dbf20968395c8,5,,,2017-12-17 00:00:00,2017-12-20 01:12:37
b5c3e7a36a2df92679bb97db14be7f17,3b618bc550d4cdea4c9737ee75b61287,4,,,2017-03-30 00:00:00,2017-03-31 21:15:25
6e844501046630ced8e655aede70cd7b,8628004441d1bfed0eba2925c11f0a9f,1,,Comprei duas unidades e recebi apenas uma.,2018-06-09 00:00:00,2018-06-16 08:01:37
06612663a9f70fe8fac1d6575cc02df6,73a12daa7a024fd6a3895ffcb1fc99cb,5,Tudo ok,A unica coisa que achei negativa é que o visor não tem iluminação.,2018-05-10 00:00:00,2018-05-11 01:07:44
8c58602f38be61fbf7d94640b4d044dc,8b90d2eeff994cb8c7f281e9888c340d,5,Recomendo sempre,Chegou rápido e o material muito bom de exelente qualidade,2018-05-22 00:00:00,2018-05-22 19:42:46
7834d53a22d0a4cca31ce9af275afdd7,8a3c2c90a94d0d385e338f5765a86292,2,,,2017-12-19 00:00:00,2017-12-19 14:35:56
47f9abdf9bff2e35b757a67e46569ddb,3ee6f1a94cd7b1aa622553fd94a3aaf3,1,,"Recebi somente o Toner da cor Ciano
- Toner HP 311A CE311A Cyan Original Serie 126a

O amarelo não recebi",2017-08-24 00:00:00,2017-08-25 13:24:05
f84ba718a2359172d8521331dba8568d,3cc8411a4e4c202d794d444154b17835,2,,,2017-07-13 00:00:00,2017-07-13 19:53:31
e904bebca50d57089a37a843f2b30a33,bb5ed7e3c00498a15ceff9bbca9ba556,5,,,2017-11-22 00:00:00,2017-11-22 14:27:00
f0e07992f10c33e5c675dddb11365db3,0ba555009a855c3f87f818f23b4ccdbd,4,,,2018-05-17 00:00:00,2018-05-20 12:11:38
f1a3fd4548ad344f7577f144d979a4ad,a5f8c36187658cd37c05515c06cdd941,4,,,2018-08-09 00:00:00,2018-08-09 23:48:03
e51e193265ef5c02711037320fc15c7a,037578a0b32fa190a1fe9f1de5fd3f30,4,,,2018-05-15 00:00:00,2018-05-20 16:16:23
8213d8e0dbcbc9edb8ca725575e6bf8f,d776b075b96169ae9e7c789eeb991435,1,,,2018-04-25 00:00:00,2018-04-25 19:26:32
63e9a9707ba3f2941705ca6e2c4092b5,e1a9073ab42d6cbd16dcf2aa7d695f6d,5,Recomendado,,2018-04-26 00:00:00,2018-05-02 17:46:04
908ab01cfa6daacf85c771beaae2ba66,c6d26341bec0769b3ccfa232c63b3675,1,,"BOA TARDE, FALTA ENTREGAR UMA CADEIRA DO MEU PEDIDO, O QUE ACONTECEU?",2018-04-24 00:00:00,2018-04-25 18:58:19
9b17e39fcadd3432739e4423dd777c91,6b71838c4be9dce33810de87c333e365,3,,,2018-01-19 00:00:00,2018-01-20 00:51:51
d38c2458335ad219ac242af5c53a41b7,d95ca1fcb72812383e41e2eb7ca65dc2,2,,Eu comprei 4 rádios e so recebi 3. Estou esperando o restante.,2017-04-19 00:00:00,2017-04-22 09:51:23
c9aaeea201b5f1797c3d247225e68082,096b267153128e0d7f9e593bba803956,5,,,2017-06-30 00:00:00,2017-07-02 14:33:47
84d7ae0916a62ba0ece6c859d0db4040,6cdb9b31878fbe99cbad7cde30306101,5,,Acredito q seja bom . gosto muito de genacol . já tomava os comprimidos ,2017-04-19 00:00:00,2017-04-19 22:08:39
89371f741951263540925710d6a4b81c,c1559efbfbb38d83f6280b505bd3e0df,3,,,2018-07-14 00:00:00,2018-07-15 07:32:10
d6c25339c2eb246c83d50a71fd10db27,9f226854839600f3e70c4faeb94e8790,3,,,2017-12-01 00:00:00,2017-12-04 11:29:45
ee23f96c6ae0babfe97073e0d3e0251f,0c5c8063a673f3c44b6499053e534ccb,5,,"Entrega antes do prazo, continuarei a comprar.",2018-01-18 00:00:00,2018-01-18 21:48:43
8f8f3e2d703c1546320f3c59fd797f8e,f5d76afa9187f43bf70b16cea5c97c1a,3,,Gostaria de receber o meu produto pois já estar passando do período de entrega.,2018-04-12 00:00:00,2018-04-17 17:18:36
de4803a4bcf15fee42a62009bbe0107d,8242b086009bdffe2eb081b77d4ca7de,5,,produto atende minhas espectativas,2017-11-24 00:00:00,2017-11-27 16:05:07
870ba63d5ee10cc6e0b41d2aadb93ee0,dcdf7dd18209c50593d1b6cdf2392e18,5,Recomendo,Excelente pasta. Superou minhas expectativas.,2018-08-16 00:00:00,2018-08-17 11:12:53
ebcf5079fc43ee506d0700a4167f975e,47e2f2848f677f90f495f3884d9fe2e7,5,,,2018-08-03 00:00:00,2018-08-06 11:41:52
1a1a196fc83ebd14174d17095a5f7daa,7b8adf17d100cd7c851eff1f6496083a,4,,,2017-11-17 00:00:00,2017-11-20 11:03:22
76863ff12f6000e6217024f21bd0060e,5635c4d926a70f077059cfbc66700181,5,,,2017-05-24 00:00:00,2017-05-25 14:32:49
d3848f9253b9688cbd7796e4aca6be2a,4afb1fa9cc394c9f295d203fc7b9bf19,5,,,2018-05-23 00:00:00,2018-05-26 13:58:06
bf53bb21e176cca53c78b81a86c9588f,b8fbd8a0c07410289ec91234a8ad69c9,3,,,2018-04-08 00:00:00,2018-04-11 06:49:00
e631f5856db7948e06b7953e642be029,6c42561edb555b388b19e7bd2abb27b5,1,,não recebi a mercadoria...,2018-03-21 00:00:00,2018-03-21 12:16:33
c1d465db3978c75e2a638422518a1432,6597a54aa04a81a38f7e13b5f7fe7aa6,3,,,2018-02-20 00:00:00,2018-02-21 02:59:14
96e4a22436bf8610f829e512f1fc263f,278ffae8d541775ba53338a54ee391a3,5,,,2017-10-31 00:00:00,2017-11-05 12:00:57
8d8016349ba18813d7f993e6ad923482,b4db538b7e17b5575cfdc4566a7f36d6,5,,,2017-07-27 00:00:00,2017-07-27 21:14:50
8b4387b40f26448821a99737d0fbe8c0,2383264270baee6b2965205ced9a1386,5,,,2017-12-27 00:00:00,2017-12-27 21:18:38
e88c18871aa13fcf42a75950a764b68f,52a39a74e61ffa3d8ce5db4e780ee364,1,,,2018-03-21 00:00:00,2018-03-27 20:06:29
6c13278131dd3d88f1c445bb831e61b1,f26acc71de5cd391e3a2fc13a5820895,4,,,2018-02-01 00:00:00,2018-02-04 19:35:50
319a00108e04fc59298abd67b599b264,553a1f1b74cf15fe6cb4a01a627ab41f,1,,"Pedi 3 cadeiras e só enviaram 2. E para piorar, deram como entregue segundo o site. Abri reclamação há dois dias e até hoje nada, nenhuma respostas. Quero os 100 reais de volta logo e urgente!",2018-02-09 00:00:00,2018-02-11 07:22:22
45850bf9f71ac7e30dcb424bf96f85fb,1cdbaaa0377025fdc1847dd3619f88db,3,,,2018-03-23 00:00:00,2018-03-23 04:03:54
71635d4d99ce3847d1b2d5b48592fe48,8f9b22316e1f46393055fe217699461a,4,,,2017-08-08 00:00:00,2017-08-09 00:20:35
3c836743694d6000f0468d33b5946bfc,199c544290f4c34265e9b01c137baecd,5,,,2018-07-28 00:00:00,2018-07-29 01:25:27
aa06519a57b802f420fd54410ad60613,8258256a5491a4e80cbc6e6d15362318,1,Entrega Danificada,"Produto chegou danificado, com rachadura no corpo da fonte, entretanto funcional.
Mas o fato do produto chegar dessa forma, demonstra que o vendedor nao tomou os devidos cuidados no envio.",2018-08-24 00:00:00,2018-08-27 18:35:03
757bf893f3f15458de11786cdc0a6588,8f6d8ee78537f5977e5b70a12761403b,4,,"A atendente do baratheon, por telefone, nos informou durante a compra que o kit seria com 5 refis. ",2017-06-20 00:00:00,2017-06-22 16:05:36
351647072a5199fffef73221325e938d,e811880120e802367a37c73fdbc0a7a2,5,,,2017-12-14 00:00:00,2017-12-16 20:42:13
3e98ace8dffc5b09d93c38006e49d1fe,628ccc2ae8281f79434840fcfa0988c5,5,,,2017-08-03 00:00:00,2017-08-04 06:04:59
e78bd8417898695a7587c35422c08ffd,0e31f844aae10fe7dc2369bc0340bf21,5,,,2017-10-24 00:00:00,2017-10-25 20:01:50
c04fd11d96ca96f3fda80b3d330f12de,32fef9bb0f0402350b640eb6f13dbe09,1,,Tem mais de um mês que comprei o produto e ainda não recebi. A gente paga na hora mas ninguém da nem satisfação quanto a entrega. Muita falta de respeito. ,2018-04-04 00:00:00,2018-04-06 00:40:18
04d4429c239b0e49c244d81ced18540f,f6ea3aa314ff40e6c72815ead97e2195,3,,,2018-01-17 00:00:00,2018-01-19 21:15:55
c5965e2e08b9f7f3530671b899157c8d,7d37719edab33266657f56d6739b837e,5,,,2018-08-04 00:00:00,2018-08-05 10:52:49
353eeb66fdc7dc9a9ca9fa38a705aa53,e670e635e13b902d8de6bdb5026d9a88,5,,Excelente.,2017-09-07 00:00:00,2017-09-08 12:11:21
b52c751c12d5c640bcf9fe43e86da969,d4e413e096efb5d9b209b28ac79c62b7,5,,,2018-07-15 00:00:00,2018-07-18 14:05:21
39a2d04f61b3905b4113b9f6ba538100,2721cdbb603d7ab34553d2e44a6f9ae0,2,,Porém produto de difícil instalação ,2017-07-25 00:00:00,2017-07-26 10:12:26
57aa6253e4b12d17cce2ed65795fc34f,5baeaa8bec54f12f0aa0ee4b4d285cf9,3,,Recebi antes do prazo previsto !!!!super recomendo ,2018-01-13 00:00:00,2018-01-16 20:07:39
62f4a1f0ed144d2cb182a4924a360264,377627ea55b004e8d55a2af17ba3c0e1,5,Entrega rapida,Entrega rápida como sempre,2018-05-23 00:00:00,2018-05-24 01:31:39
333c8710548ff5bf8a01be5cce1b25cd,2e4d78cc067d04eaaf791ecbfb2bc3ce,5,,,2018-04-18 00:00:00,2018-04-19 08:53:44
007f155f02008dd28da584c210767024,2f5112688e80d5d79344cac900d6bd0b,1,Produto divergente,"Recebi um produto divergente, como efeito a troca?",2018-07-28 00:00:00,2018-07-29 02:02:02
15c41d2fc03a051df0c2b6e47579360b,5a8f325f70adcaee7b80d649a1f28876,5,,,2018-03-29 00:00:00,2018-03-29 11:49:29
f43672285e45de76d4355a6847b980bc,aeb5c78d2d8968b2a53ac5d6a554cdb4,2,,A embalagem chegou toda danificada. Tanto embrulho quanto a caixa do produto.,2018-01-28 00:00:00,2018-01-28 18:19:45
71f692f468623dd0739b9ca3324cb7b2,09ca36d55d4afbcc785cf9def43c9078,4,,,2018-08-02 00:00:00,2018-08-03 13:06:30
ce50fe817db66b6b6d9de227ef067ae9,def90fc6c7d21d34a14af3d6e4d866b6,4,,,2018-04-19 00:00:00,2018-04-21 14:44:19
f72dae211b9d718b69f64005aee95ed7,e910cff0c2911f3ca876a47602557c45,4,,,2018-04-18 00:00:00,2018-04-18 15:50:09
4363cee687136f020d245abc1de660f3,d963d0963eba99c7aeab1e3c03daa7e9,5,,Produto entregue antes da data prevista.,2018-04-05 00:00:00,2018-04-05 22:03:04
d8225dd92868afc5a973a1e091c3acd9,954aedc4f98a5c752b4097b126a60832,5,,,2017-06-08 00:00:00,2017-06-09 11:42:54
92098dcfab4897f10739d0cd8e841705,79a7213058b523bb31b7c6c53add8159,3,,,2017-04-18 00:00:00,2017-04-23 13:28:14
cccba75094774cb11c191b76c3ba5923,96c3480bcfc103e174ee23d12043188b,5,,,2017-12-06 00:00:00,2017-12-07 01:06:54
ba699a2d05c7ab2c9eec7e3536a23631,0f9d568730bf125dbbfed4fc655ff91a,5,,Chegou muito rápido e tudo direitinho,2017-04-01 00:00:00,2017-04-03 12:11:29
3c36592f0bb6d1a784e481711bbbf275,bc877ab9e18f1ce0fda75eab87a0ca8a,5,,,2017-10-19 00:00:00,2017-10-21 19:39:38
7614d045d89db26bc4bee2b78b0ff498,5e741be1ef0b879586c4c85a9967b5f9,5,,,2017-09-14 00:00:00,2017-09-15 09:16:37
0a04b93d0bf35683eccc174afea817b8,ac64f79a33bfa575fc5a17e7926df3d5,3,,,2018-04-05 00:00:00,2018-04-06 12:50:14
99c54f8e8529296c167f940958386551,255cc1a34da986dba8ba04bc67dc4d03,4,,"adoro comprar nessa loja, só tem um problema, frete muito alto por esse motivo as vezes deixo de comprar pq o produto ficar muitooo carooooo.",2018-01-26 00:00:00,2018-02-14 16:26:46
dcdae360f91b279e9872ed20c392f716,4fece39f33bf2496da17ef4392c6288d,5,,,2017-06-03 00:00:00,2017-06-26 17:31:59
cf51346899433cdd784faa769b712350,65b7f928b236039112ed2441d2237a11,5,,Tudo OK!,2017-06-23 00:00:00,2017-06-24 16:28:36
bd73724c46a994f746575027cb481726,e9376e0fd65f7e856a08d32426f523ef,5,,super super,2017-02-18 00:00:00,2017-02-19 12:27:54
7e7b97a6b35356fff6395c6f29fa5310,1057bf6391c17f9b6960dd996029e1dc,1,,"Comprei o produto no site, porém depois de uns 15 dias me informaram que o fornecedor não iria fazer a entrega. Fiquei na mão!",2017-08-20 00:00:00,2017-08-23 12:04:55
5015fced56a1c8718d3a360af17b83e7,6a6a5e595e782a6d0de7abee5fab0b89,5,,,2018-08-30 00:00:00,2018-08-31 02:18:21
13786bb5a3739025bb8eb40a24a0454e,7af48c3262020f1e61fed763bbe80920,5,,produto entregue no prazo. condiz com o anúncio.,2018-03-11 00:00:00,2018-03-12 20:57:52
6e3c44c0215e3b965090585b5e3ff499,2474e13d0d388a471b50fd455057300c,5,,,2018-06-26 00:00:00,2018-06-27 16:30:58
9c067f0d95fe20dbf63b90c1811dbef4,a47209f5c19200ebf7bb28427db5fc1a,5,,,2018-05-03 00:00:00,2018-05-08 13:56:30
e33692a0b46269aea619051eaa980322,bf5a44a0843a026ecf32a63d882550f5,4,,,2017-03-09 00:00:00,2017-03-10 09:50:51
c14b35adae2b4cca743edf84b142a9cc,d02832494d9e665c9647bc990b1c24ee,5,,"Recomendo!

p.s. Aos que tiverem problemas técnicos (placa sem dar vídeo ou boot), como eu, basta atualizar a BIOS da placa-mãe.",2017-06-02 00:00:00,2017-06-05 00:14:09
fed3e2adff643926618ee94bb2fc5610,b37fc42b9b16ca9e092edcf0c06bd1f5,1,,meu pedido nao foi entregue ligo pra vcs e nao consigop falar quero uma solução urgente ...vcs podem atender pelo menos o telefone na central de atendimento por favor,2017-11-26 00:00:00,2017-11-30 11:59:02
c50d695e01e61581c8313265eb2c6227,9a3deb474c6a3f4fbdf3252718392c47,1,,,2018-03-04 00:00:00,2018-03-05 21:38:49
da3223ed43b366bc8471034b82d57d67,1f1d34c2ba3f3ae5f852175df49f079c,5,,,2018-06-07 00:00:00,2018-06-11 16:14:59
64d03ce539d9ad688ac1c682c1aeb552,bd80efb9eb7bbd9c465bd5205d6a43b8,1,,O produto a inda não chegou e não dá satisfação nenhuma,2017-05-07 00:00:00,2017-05-07 13:02:25
9cc1254bc80f82566cedffd87c1e5d3c,2d8a0bc4abbb7bbb3a420f2219f02f93,4,Bom,,2018-06-30 00:00:00,2018-07-02 22:04:31
1ad3860766b36ad12f7c761ef6426509,3a0ad73a22a4ca1af66f3f7ee5c6c3fd,3,,,2017-09-22 00:00:00,2017-09-22 09:22:51
6e31b62e00211b49b1d9089fa451b0bd,0e2783bb1c680d7ff6b56a267982e44f,1,,O produto é péssimo.,2017-07-20 00:00:00,2017-07-21 14:25:39
bb4153315c73257541fea6a0bd1cdeb9,93b06656d7999e4508fb835a56f85d69,5,Super recomendo,O produto chegou antes do prazo colocado no sistema e em ótimas condições!,2018-05-16 00:00:00,2018-05-20 17:12:50
b4fda608fc154687344c0c110c848f9b,2550d9e4df78c17fc2f0eb644551a867,5,,,2018-02-03 00:00:00,2018-02-14 13:22:26
9dff99d52a76b18415da6ef3046ee69a,80b5b891e5c825112137c3ee080e5db6,5,Lindo,O produto é lindo e chegou no prazo ,2018-08-05 00:00:00,2018-08-06 00:59:38
112e065c1f09645e275f4ca34a4e6617,29baa2288a6c833c165b32b46e4ffcce,1,,"Recebemos apenas 01 unidade, porém são 02 conforme Nota Fiscal.
Aguardo urgentemente pelo tripé pois temos a necessidade de 02 unidades conforme foi comprado.",2018-04-11 00:00:00,2018-04-12 11:08:34
4e98f51633291ccd222aa9fac9b16bd2,f15ee2f37da0500e278ec213c201edf3,5,,,2018-08-04 00:00:00,2018-08-05 11:24:29
68160ba199e9b65869c10aca2d695704,117f055ca23c0229d5cef27ba164f90d,2,,Caro e de péssima qualidade.,2017-12-16 00:00:00,2017-12-17 19:13:13
2208c127342f1a75009871f1180b1f07,4783ae8bbe76b7f392dcc84c1e17d052,5,,Entrega rápida e produto satisfatório.,2018-04-05 00:00:00,2018-04-06 01:36:24
46073589d908da60e6701a72e8fb2158,1cc4e549e16c732db4d9228fce789407,5,,"apesar da confusão com a entrega, produto foi entregue. Agradeço",2018-03-27 00:00:00,2018-03-28 11:55:39
38c87ada3b0d23f326de2a64decbfeaa,bb299ee4fb79d4056dad3e6bc0aa8a46,1,,pedido veio incompleto e não me atenderam nem por telefone e nem por email.,2017-04-07 00:00:00,2017-04-08 14:45:50
bec5c503b1c72567688df5493016cdf3,05f99bfc5053a88e0955bea396422a81,4,,A tampa é bonita tudo como contratado.,2017-11-22 00:00:00,2017-11-23 09:37:15
ac8881c8d53a2f69af91eceee88b25ac,9e4b90eef41ed5a85e2e2f8bef415075,4,,,2018-04-08 00:00:00,2018-04-09 11:28:10
7163f55659a8ec53bbfdf57ebe9296e3,ed7cabc96de8c36774b894e98aa73dc2,5,,,2017-03-25 00:00:00,2017-03-28 14:31:40
f0e026ae263d11e7dd4e21c2bb4eefa2,a8e46b160afbe222158c657aebb0166c,4,,,2018-04-03 00:00:00,2018-04-06 01:25:19
fe63cd13852b8ba13c646be51732543e,e8dbfb34a57fe34db02546aa50b56f10,5,,,2018-05-22 00:00:00,2018-05-22 21:49:28
33c138e6557d66469706a0a05782ae64,227881fdf69e55ab7906b7a818dd5e39,5,Ótimo loja recomendo ,"Olá, a loja me entregou o fone em um tempo muito rápido dentro de 6 dias, ótimo fone lindo acabamento super satisfeito com a compra e com a loja ",2018-07-04 00:00:00,2018-07-04 22:10:10
dd395a6ce843662b8761eb46e402532c,678563117c6bcedcb0f9d98e8f3faf23,5,,,2017-05-21 00:00:00,2017-05-21 22:57:23
6bfaddd6ea8157c5ce0f23d052b6c26a,6c8accd4cab9d1cccad9d791492d53b2,5,,Fácil de montar e muito confortável ,2018-04-07 00:00:00,2018-04-08 11:25:05
a1b32d5b405e8a5b4aff7b1faa9e8f81,5b649740381032adc79831802d8d221a,3,,,2017-11-14 00:00:00,2017-11-16 19:53:16
30b4f4080c1d7b6acab48af763c32633,51bba23b6fd5b430636450f273aadd8a,5,,,2017-10-31 00:00:00,2017-10-31 18:12:47
b1e28c1a9954dbc52cdc292d868d8713,f3d2fb271269ba8f728d079575258095,5,,Bom relogio!,2018-03-13 00:00:00,2018-03-14 01:32:05
d0e64a92e085b179f0d779aae3e42336,fc8c929edfce9cac492eaf36ee0968b4,1,,"ainda não entregaram meu produto, apenas o outros que avia comprado junto, mas o cabo HDMI NÃO foi entregue",2017-06-22 00:00:00,2017-06-22 12:29:00
a4ac543619344154d469aefe3777e0ef,77f7a5c2fb11dddd571bf33daf9dc0f4,4,,,2017-07-03 00:00:00,2017-07-03 18:59:46
eedc2ba27300819a629d9e778fe48acb,af32f548778c455ef24c466f397130b3,5,,,2018-03-29 00:00:00,2018-05-10 13:59:03
8491ce2c5508d3c11802dcd5324ffa5c,ed7020a10eed1ef7a4895ad933baa211,3,,,2017-04-21 00:00:00,2017-04-24 22:24:00
a0e938cbace0067ad64d83f5be9d797b,d40be4e6e8f30d5f4ca1f34d06268fab,5,Entrega rápida!,"Entregou rápido,produto parece bom, só não sei se é original!!!",2018-07-25 00:00:00,2018-07-26 01:17:37
036b3880b7f0b2d0f0d88246ef03a67b,c09dc7da8af0513857f422dcf06a46ae,5,Ótimo ,Produto de excelente qualidade ,2018-06-05 00:00:00,2018-06-05 23:27:11
19233f084bd33755de0e2c51b83ced1c,7146211691a9d909e75c0b7458b1e125,5,,,2018-08-01 00:00:00,2018-08-01 21:51:02
73220b2c501afb127729a979bb9c5c00,885a0c426d02dfb90c496f1c0a52e687,5,,,2018-07-03 00:00:00,2018-07-06 01:48:46
0099a3b4ada774854b8a45c662cdab42,9d54b7013ee149b8457d484c63fc02ce,5,,,2018-01-25 00:00:00,2018-01-27 15:49:33
82588c155bfa9331acb3f976fe040c4b,00259a44fcad3fc0474329e925d14fc3,4,,"Otimo vendedor
",2018-01-05 00:00:00,2018-01-07 21:46:43
47cf1a5ad82428a86b8569a336b11d72,cf5bae440125a8f7eccfde72d25e1913,1,,,2017-09-29 00:00:00,2017-10-03 03:45:57
747b8e904c4bc3dbd3281242caedd9b9,a9c7a298f4d31996b9a505ec79fcbae9,5,Excelente ,Fiquei muito satisfeito com o trabalho realizado pela empresa. ,2018-07-25 00:00:00,2018-07-26 01:29:46
46bafba3877fce82d2daf3c296e8f22e,93d8685fec4218f06bf202723dc1da52,1,,"NAO RECEBI O PRODUTO E NEM O DINHEIRO DE VOLTA.
PRECISO DE UMA SOLUÇÃO URGENTE SE NÃO TEREI QUE IR AO PROCON",2017-03-25 00:00:00,2017-06-27 11:52:54
d258ac7c1fdbd97dfe3e78520f105a01,818996ea247803ddc123789f2bd6046b,5,,,2018-08-30 00:00:00,2018-08-31 02:15:00
45166fd675ed78120b1498e4d7c2f333,db7b454406f5f1f11a4aeb0ee58f473b,5,,,2017-11-04 00:00:00,2017-11-05 13:53:01
5148a8feff40cbcaa7e9b72d9720de98,cfeb3afaa54f31d14c4d9a8107717ad8,5,,,2017-12-09 00:00:00,2017-12-12 16:42:07
ec4a47e818e51517af858159a8d19c8f,ba436db3c441f63a8ed34e695ed2e9f4,5,,,2018-08-04 00:00:00,2018-08-07 20:10:49
866c68da9f3ddb2416428ca769ac756a,298ee6136c29ce0b78bb3cc68591404a,4,,,2017-05-07 00:00:00,2017-05-08 11:53:17
f3301c53c51e67b86d004b4ad93630be,cc20f1526c8c9725da26e2563d40260e,5,,,2017-10-26 00:00:00,2017-10-27 11:35:27
7f12b7e4c1e60eeb5f9f694012c4c72b,faf132fb35b3b3b533a67efbd6e7c02d,5,,Ótima loja para compra online pois fazem a entrega bem rápida,2017-05-06 00:00:00,2017-05-07 23:01:39
52b2a54ad7c70140dd1a1cc77c512979,35ebecec251e4613f0b189b05e05b9a8,5,,,2018-05-18 00:00:00,2018-05-23 15:56:18
e106dff3733b500d52410eb1f80c8ab6,93634466f99307a62d5d4d34689562b8,5,,,2018-02-10 00:00:00,2018-02-11 11:52:36
6550ef93804c261574b514478c4aac32,178f859d222729f650b08c3c8417f9bb,4,,Só podia manda os 2 em um volume só ,2018-05-12 00:00:00,2018-05-14 21:44:53
c1abeb01bf0d8f3a68ef63b9345e1ab6,ab49dd6d45dbe9600acdb124bf5f7acc,5,,,2018-03-02 00:00:00,2018-03-03 14:41:11
597a1669834de01ea8ef4814b379cb0f,33e2ef7baf78f45517589742203e095b,5,,,2018-04-18 00:00:00,2018-04-18 18:25:28
2d72651997c76976fecbcd2b11ec729e,49c9dc330935365ca454ba89a8a20efb,1,,"Eu comprei 2 produtos, vocês cancelaram 1 sem me avisar",2018-03-29 00:00:00,2018-03-31 07:36:39
af080fd8dcaa9002f37b25bd9b1d8150,9ccd75b5f3444a2dbf104b9cdc1183a1,5,,,2017-08-04 00:00:00,2017-08-05 17:36:47
ffa6d9b869cd8cda10248211aa435cd0,2475c5c954f98701b93b7ceb0f5bb669,5,,"PRODUTO DE BOA QUALIDADE, E ENTREGA DENTRO DO PRAZO",2017-07-26 00:00:00,2017-07-27 10:27:36
cca3f967c62e434fada184e8858e4ba5,290673dd0e92d677725fdb80ce26d46f,5,,,2017-12-14 00:00:00,2017-12-14 08:46:33
41dcc72903556238ab2edc592bb6b760,ad7e012867d486bee881d0a10df0399c,5,,,2017-10-28 00:00:00,2017-10-29 10:54:56
7cf7943b1dc96cc50a99099d13a6fb56,3335f13449d5b75804a0a49611cf11a4,5,,,2017-12-22 00:00:00,2017-12-26 13:58:41
1fde1f8a119a79371832a05103c04af4,24016340d5156f96d37500c78a7fe591,1,,,2017-09-01 00:00:00,2017-09-04 11:09:13
c5b1543a4748b93ed8eb2dfca4e11198,844b7b992358a3a30d677ea0025e7471,1,Estou avaliando Americana,Recebi o produto errado. Não aceitaram a troca pelo produto correto. Comprei na lannister. A responsabilidade é de vocês. Quero meu dinheiro de volta de imediato.,2018-06-07 00:00:00,2018-06-08 02:04:04
19e9e540ca74b00d929f7fd0b17441b2,fd74a95ccfea489d33e78d0c076a640f,4,,Só recebi um jogo de toalhas vermelhas.,2017-10-27 00:00:00,2017-10-27 21:40:20
adf3009b1733169a19ef45af0015c2ac,2ac00a6a0a00ee7f8e2b235f8e361006,4,,,2018-01-18 00:00:00,2018-01-21 00:34:19
e8ca5120dcfd39966e151a019d4eea48,ea74c0ec2238c2e2ad552859f6f30d37,5,,,2017-12-20 00:00:00,2017-12-21 14:23:41
f5fe40ed7fbeb5ed1205fa9a996aa3a5,0616463c44a86e8478f9b065e17d7c65,5,,,2018-02-07 00:00:00,2018-02-08 10:32:08
e66b608036fa5f61b7511cdddda47eb3,b899a41fdae17968d357d705b073a5ce,5,,,2018-08-15 00:00:00,2018-08-15 16:03:25
791c0943eb02020656435638f4e06a32,58af2a09b442a8b28f672e56ad7154b5,4,,,2018-08-12 00:00:00,2018-08-13 13:04:48
23e142c750d75fcf082a1148ee349249,21ccfd8ee777c40d2407604c5ddd2db1,5,,,2017-02-22 00:00:00,2017-02-23 13:03:58
7b14322986900a25f9214243a79e74bf,5d0d28b0a5db80fe44a0ac53bdb979dc,5,,,2018-05-19 00:00:00,2018-05-21 19:18:07
d3da51f8af3df9e05a6270b4d1082d8b,69aca49c98f05af05bec6fa1f87a3059,5,Muito bom,,2018-07-26 00:00:00,2018-07-26 20:44:55
9e48602d518a985e50f02926834be024,3c8ac84fe0d090d76cb65e2db3bdefbf,5,,Chegou antes do prazo estipulado e bem embalado. ,2017-11-23 00:00:00,2017-11-25 20:24:57
ed61bd3c0d072279ee7af94c22fb21f1,8526252eba4c42a9b627db77f8ffcfe1,2,,Não estou entendendo?! Por q desta avaliação?? Cadê meu produto??,2017-03-11 00:00:00,2017-03-13 00:03:53
bf74814b45e5cdbc6e5f6f83a48d1140,8a2d731a57d62d23bbf9556f80343140,5,,,2017-06-23 00:00:00,2017-06-30 15:39:21
1ab1ced34b7b40041397c3e88641fcd2,94a4d00bea6790d3c810c6b2f56b4d65,4,,,2018-01-23 00:00:00,2018-01-23 22:22:08
d83266b693a5efb48f5fbae3f120637e,b94733bd6f62e2b5e53a30a2a27f109f,1,,"só entregaram até agora 1 produto( unidade) , Falta entregar o outro produto que Comprei.
Foram 2 unidades.
E até agora não chegou o outro filtro.
Estou preocupado.",2018-07-07 00:00:00,2018-07-09 20:55:47
ec43768e3d2cb4c9d3d9e6709a4f9200,c4a4340f8f35d5289ea5eb4dd44815f4,1,,Eu comprei 2 produtos: uma máscara do Hulk e uma mochila do Hulk. Somente a máscara foi entregue. Gostaria de saber como proceder.,2017-11-05 00:00:00,2017-11-07 19:14:04
3e5aedfe4b4c9feaa0d55807c524403d,57e89dc6246f64c869d73f264a6e505b,4,,,2017-05-18 00:00:00,2017-05-21 20:08:35
216d2105740bd28f1281389805a82255,fdfefb1c100daa2f724dccf99c7735a5,4,,"Esperava mais do produto, cobre leito fino e sem boa qualidade",2018-01-25 00:00:00,2018-01-25 20:56:24
be7031b564d58704a899dd00d94142ac,5e1efbce448f504da54b954d24342d74,5,,Produto chegou antes do prazo... rastreamento sempre atualizado ,2017-03-23 00:00:00,2017-03-24 11:29:28
d3c62500417e7eeab7c6ac2151b67357,301b453872955e08f7aed322d6a0753a,4,,"Um produto como uma carteira somente poderia ser avaliado depois de algum tempo de uso, No entanto, o produto é bem acabado e de couro conforme o especificado pela empresa.",2017-12-21 00:00:00,2017-12-22 17:52:15
4f409ca64556e8223d883ca79f4e96fb,a1e339ab5b57754551c63176e6d98528,3,,,2018-04-21 00:00:00,2018-04-26 11:25:46
f1f7c913d396a687f021ae96b6f8a093,e437a323d90b04581fd8418d4afcce4f,4,,"Eu tive problemas com o pagamento com cartão internacional, eu gostaria que esto não aconteciera ",2017-09-16 00:00:00,2017-09-18 17:45:07
37bbec2b94f95226296e53e2ea1d2b25,bb6b0cda2ad6b1af261188c55a57550d,4,,,2018-01-25 00:00:00,2018-01-25 22:19:54
8b8f495d30fca09fdc8312e96de1bc47,616fa7d4871b87832197b2a137a115d2,2,,,2018-08-23 00:00:00,2018-08-23 23:14:33
f4cc3067cb5ae76978801c0fce5cd0da,a52e6fa2d7c6ecaf73ff5f7f10438339,3,,"Satisfeito OK
",2017-02-09 00:00:00,2017-02-10 05:43:23
647b2ff24c7fe4948bf95197a8264e4b,03e707d64a286c3fbad59b8c89cafd95,5,,,2018-04-18 00:00:00,2018-04-18 23:21:05
7d2c49b107b54fdea66f08994b4f35ae,1b0cc057d13690ec8551090c920d4735,4,,COMPRA SATISFATÓRIA!,2017-12-05 00:00:00,2017-12-08 11:36:26
465348b4bd71ad561168125ddb9084cd,c751f7b0f44fcb8bd374ef518ad5c466,1,,Comprei 2 e chegou 1 ,2018-04-14 00:00:00,2018-04-15 03:40:07
f3c06103fc78f68b9d275a40a0929961,71ffbe37a2e7ac438c81adb916832bba,5,,Entrega correta e antes do prazo acertado.,2017-12-30 00:00:00,2017-12-30 21:31:53
c522c1c7f704cb0e202fcbba1a5627de,3b1bf20520476dc7b150dd52f521e525,4,,,2017-06-03 00:00:00,2017-06-04 10:21:43
7bf59146e35f9a8f5321cd3883ad10a3,791ecfcf358d8482338314a266c01fc4,5,,,2018-02-21 00:00:00,2018-02-22 12:36:06
c79b11b26cc0e149df793c1e9aee5b77,92d4e6d2be7474212f889b8d9f3a7673,5,,,2018-03-22 00:00:00,2018-03-23 02:54:50
d7b8701c531bc6335853022d5ad9a444,8d3c15519d40227c3bcca13bb5bbf6d2,2,,,2017-10-19 00:00:00,2017-10-22 02:17:21
ae99f6bff4b7400c50f08ff0536969e2,6c187a778a170f2bc6beac3979e3a81c,4,,,2018-04-15 00:00:00,2018-04-17 15:55:30
7c007c206a8edcd95452146b86eb4417,ce52a7a6fba6e7475592bcb989ff0487,2,,,2017-10-05 00:00:00,2017-10-05 23:25:02
3f93f4f7f09c312dce86e2fb8a4d4430,815ba48fd172b6a71f09180c118a31ca,1,,,2017-10-12 00:00:00,2017-10-14 03:44:41
14bedb883085b2c5f46a4eba738e98b0,4cc1cf702abc75af4f48044d526062db,5,,,2018-02-22 00:00:00,2018-02-22 22:29:16
a712c007de7b3e1d5fb5944c5d85ebe5,d1b41c9a4b92b7549be35392fcd782ab,4,,,2018-01-23 00:00:00,2018-01-26 15:12:57
61ed22cda7a2f8d7f4d6ca8650a5fe02,8671a823b060d2231452ea27699558a8,4,,"produto bom, chegou no prazo",2018-05-05 00:00:00,2018-05-14 13:16:29
36eebeef293f303691496054db3ed9cb,056a1317ffaefaa2dff2d9ecb54fc7bc,5,, Comunico que recebi o produto que haviam cancelado pois o que realmente comprei seguindo os passos da entrega chegou no dia anterior.. Quero saber qual procedimento para devolução .,2018-03-09 00:00:00,2018-03-09 20:47:23
0ab9f8d513826d887982fe09ac2b0d98,35774167bb17537229f8ffb6e662981c,4,,,2018-03-10 00:00:00,2018-03-12 02:00:04
132cc357f406988496738a702bd8a54a,b1d045cd447d2961b72e0d67c18f5d94,5,,"Rápido na entrega parabéns 
",2017-06-27 00:00:00,2017-06-27 23:07:15
64e34e091f701df170070b370bcdcecb,546d146d8027f96ed859e57ada4c2ff6,5,,,2018-02-17 00:00:00,2018-02-20 13:34:25
ddedbf1ea24a91649e29fa3e08b465cb,95edd52b3452d4069b0fbc8056f01daa,5,,,2018-05-08 00:00:00,2018-05-11 14:58:07
fbebc415e84389af676cf76365b496f9,a8b7b51948bf9deabad95734d8470c5f,4,,,2018-01-24 00:00:00,2018-01-26 15:10:46
5bccfd3a6c6fe7235d0141ccb283a57f,efc59e55658890749e19367044ab1a43,5,,,2017-04-28 00:00:00,2017-04-30 21:51:58
84da81b31ceebea3c9058ac29854833e,befe8fab6c34f5861b73a3645ce38e24,5,,,2018-05-10 00:00:00,2018-05-12 07:50:51
9ff9a085f5d28792d60666273956a308,6dc5773abc829c019c8912d3993bc2c9,5,,EXCELENTE,2017-03-22 00:00:00,2017-03-22 17:26:21
d4d4f5517c3e527f605a7e0beeed958e,1ed06e2cc13fded79d12250b2de6ceec,4,,"Adorei, chegou tudo conforme o meu pedido e dentro do prazo... obrigado",2017-05-19 00:00:00,2017-06-02 21:38:05
4b966d7d1873ef87048235525170f495,020f04b3da1d597b9a00b825762299ba,5,,Recebido antes do prazo e em perfeitas condições. ,2018-07-14 00:00:00,2018-07-14 22:13:34
9db3a82b5846a72df85942468a339974,9c85518f7f627b297892da0556f299bc,5,,EXCELENTE PRODUTO E ENTREGA,2017-04-28 00:00:00,2017-05-02 22:49:35
efa7accefa49029eeafc91dae73f1b0e,bf6e868e898464ab301f89d753979d4d,1,,PAGUEI UM PRODUTO QUE VALIA TRÊS VEZES O QUE ME ENTREGARAM. FIQUEI SUPER IRRITADA E INSATISFEITA. NÃO RECORRI DEVIDO A MÃO DE OBRA QUE ME DARIA A DEVOLUÇÃO.,2017-06-21 00:00:00,2017-06-24 19:27:08
429871e986fbe0400d980b0d435c9547,9c7bac99c8e380b1c915cdba1ff29e65,5,,,2017-05-17 00:00:00,2017-05-17 21:41:09
d00c2cc762026bebed3d449d274442b6,4c37682d353334478fbafa4808110fd0,5,,,2017-12-29 00:00:00,2017-12-29 22:28:05
8cdb6f6bba9935d87999cf56ef10fce6,cca0fdbe32d86d386a95c02433412640,5,,,2018-07-15 00:00:00,2018-07-18 18:24:43
b66f0ef0ae4e1da2cfe6a3ec76b5246f,793df0d4fd68cb0530ca5b533e3f1b84,5,,"recebi o produto bem antes do dia, previsto para a entrega, satisfeita demais com o produto e com a loja.",2017-04-11 00:00:00,2017-04-18 16:54:13
fcdf91cca68860ffd014a4f0ba6463dd,b545fbbd1cf26fdd3bbd1dbef6711f5d,5,,,2017-05-30 00:00:00,2017-06-02 13:29:42
f9624eceba9f65e01d0815bd8acda764,fbbd2baf2d839f10d73c99b4642ce46b,5,,,2018-04-13 00:00:00,2018-04-14 01:14:32
a5cf581145b99998d7714af716504272,82a1738c7a1654663209157934203633,5,,"Adoro comprar na lannister 
Entrega sempre no prazo 
Produtos de qualidade",2017-10-17 00:00:00,2017-10-18 01:33:59
ae5eea2abe1f60b66c4bfa492e7f8830,f1f053637dd55791fa3a8ae1df1f3605,5,Excelente.,,2018-07-28 00:00:00,2018-07-28 19:24:59
4f74dff7e54d4b818f558cba8083fe5e,243312dbb316253ab77bb0140d94803c,4,,,2018-03-22 00:00:00,2018-03-23 10:10:21
f05b8093c43524b1fd5b6b815117a7e4,25177b0d5cfe450e1fdacf9c6b5c8f5e,5,,,2018-04-13 00:00:00,2018-04-26 18:52:00
d31515045404d8c9374e2a4058f0e9db,487243d388612209472c309efc5e6442,5,,,2017-12-27 00:00:00,2017-12-27 23:10:54
05d36c82485f13f4ce404310c08e7d5b,121c96617b2e0acee04016a0f37c1c7b,5,,,2017-07-14 00:00:00,2017-07-16 23:08:13
d6e3c697edd8641d1efefc18dffcf4e3,49f8e57dab902b9449d246e4cd6757d8,3,,,2018-04-12 00:00:00,2018-04-22 15:24:10
18695c248de6b19fd8914765fe3a5009,1457abef78cd241e85fd946503cb4e16,5,,,2017-11-08 00:00:00,2017-11-08 20:46:32
c464dedef5088d33edff8a78a1ac4492,5c6e2b3612d27ef59e6a4a062b8d6cda,5,,Recebi antes do prqzo,2018-04-28 00:00:00,2018-05-01 00:31:05
27393f848c82723e8e9128bc9751d492,aef19c7ffbe816963b54aa3bd8777f1b,5,super recomendo,muita boa loja,2018-05-09 00:00:00,2018-05-10 16:30:44
d92fc2e31edff0536c69b846b9c2eaa6,93b63d0bd99c903fae0f7a00b72b507c,5,,"Tudo dentro do prazo estabelecido.

",2018-03-08 00:00:00,2018-03-09 13:18:24
347524e77e2bdb693df251470ec98e0c,da0065814b12fa0cc689f8f522629d6a,5,,,2017-11-22 00:00:00,2017-11-22 14:52:24
8a116b2b95e12333041e8761a3023ba6,0739104e30e20de6c0956c0889a9b9dc,5,Otimo. ,Fiquei muito satisfeita. ,2018-08-28 00:00:00,2018-08-28 20:07:12
04aefae104ad7362ef405928063cd7c2,64d02f4ae7e52cc423b0b8790e8760d3,5,,serviço prestado dentro do esperado. obrigado,2018-04-18 00:00:00,2018-04-18 16:16:11
b1d8ad7775f8adca2fe77ce377bbe666,ff8d0c8b5c1e8bdd6f8e3170f6fd62fd,4,,"O frasco é bem frágil, quando tirei a fita adesiva que prendia a tampa ela descascou toda. Ainda não foi utilizado.",2017-11-11 00:00:00,2017-11-16 16:57:53
ac3b3c6043e4b72d6afa409e7b2edad0,96fbb3c21966b51cc6e5176010070f2b,5,,Muito bom.,2017-08-03 00:00:00,2017-08-04 08:36:47
d373cc2e7792abcf3260a733a01e9107,ea1ac32e51a066d17b2ae8647eac38a8,5,,,2017-09-16 00:00:00,2017-09-18 22:07:19
b6c4daea578023931db3e186c37df386,3cbf16b8242e78d602909f15aaac29eb,1,Veio com defeito,Veio com defeito com cola embaixo. ,2018-06-16 00:00:00,2018-06-17 14:34:52
5120ad7c8c9bc7ccb09aecb0eb138f92,c0c7bd9b0f4864ea4d1e2671ce38bff8,5,,,2018-03-07 00:00:00,2018-03-07 18:03:15
f8d6e4e107526e0e4380c2a884b250d9,ae0acbbd5784a07b8db912c8dd532ce6,5,,,2018-02-21 00:00:00,2018-02-22 16:02:43
c3f2c200fab0530072b6f54775ffda03,43a69fdb52ebe93245fde3ca5e67e7ef,4,,,2018-03-20 00:00:00,2018-03-20 23:27:38
ccb2494d4812d530e17c64f6f1528d19,dfb95a7031f9abf6495bc955837c3125,5,,,2017-03-11 00:00:00,2017-03-11 09:49:50
4e0bc5ef2f7d8b9559299cd809cfa79b,6362a7fa249232a216ff4ed1cec9f7b3,5,,O produto chegou antes do prazo e vem embalado. Recomendo.,2018-02-16 00:00:00,2018-02-18 19:41:29
5d30363005f7c1d33204c7c0a7e1c34e,3d9a71340ea2b14362b1a69f08252e45,4,,"O ponto negativo da compra está relacionado com o fato dq o site errou a data d chegada do produto em um mês. Embora não tenha atrasado, mas sim, adiantado a entrega o site não reflete a data d entreg",2017-06-27 00:00:00,2017-06-30 10:41:26
499185eaf6b47c749c4e2ebabb9f665c,13276f43d98e0303780a16f40116cbb9,5,,,2018-01-23 00:00:00,2018-01-26 23:34:30
61fe4e7d1ae801bbe169eb67b86c6eda,7d04189e83c072cfdde15bcd1deaa23b,4,,,2017-07-19 00:00:00,2017-07-20 12:06:11
9b861df59ef2b550cb406594d9863dc0,c097e1a4e7912ab6cb8d54df8de9b73e,4,Recomendo ,"Gostei muito, o produto corresponde às especificações do anúncio !!! 
Muito bom ...",2018-06-02 00:00:00,2018-06-05 02:05:05
6540ad5bc5a8bfc9ede2d495bfb940dd,d69e5d356402adc8cf17e08b5033acfb,5,,Excelente produto,2017-03-03 00:00:00,2017-03-04 21:06:06
3bad073f99142dd5ddf52db8e08089ca,61792c6272346d7f4b7c5b1747df7b1a,5,,,2017-04-12 00:00:00,2017-04-12 12:23:52
3c4b177cfb3b2debc8b7cd4a2eb2b752,e2c83f97c1de922cd2db1cd278fda544,3,,"Produto chegou, mas tinha pouca especificação, nao vai me atender, preciso devolver ",2017-09-26 00:00:00,2017-09-27 10:07:12
26711193aa72ae67abdfeb25e54d19fe,cacc1fb58a377d93574c303d6c901986,5,,"Muito bom, a capa cabe perfeitamente e o material é de boa qualidade, recomendo ",2017-11-25 00:00:00,2017-11-26 00:52:37
041896a9fd42687876a8b9d430c57b1b,ca586f4a85ee254cc0b4e01e30809cb1,3,,Produto é razoável ,2017-06-13 00:00:00,2017-06-16 13:23:16
df40fa92b61bc641eec28061fdec8ffe,9023f19129c14dadfacec1394f255de9,1,,"O produto não é de boa qualidade.
Estou arrependida em ter adquirido toalhas tão ruins. Estou acostumada com buddemeyer.
Nao recomendo as toalhas citadas.",2017-09-05 00:00:00,2017-09-06 00:41:10
689523b86c7b3b2522f3ab33f5467936,cab8cba54a55cc19762e10bf029dae6d,2,serviço mediano,"Produto chegou rápido, mas me parece que estava mal guardado por está com manchas e sujo. (me parece que estava no estoque faz tempo).",2018-06-15 00:00:00,2018-06-17 21:58:29
d794fe81215b204852d6aae5c3d656b6,ef18166b5f1dfc60d75435c548674981,5,,,2018-08-04 00:00:00,2018-08-04 22:54:25
7fc524babef936882729a39ca4cc2049,0bb9b595a2eb418ccff2dc89ff7cc58f,5,,,2018-03-10 00:00:00,2018-03-12 20:37:48
534d28ecf44d4c5332c53b1a35f95560,b2b86f50f1d5ec8763fc9fc6894ac6c4,5,,,2018-08-04 00:00:00,2018-08-05 13:44:32
8a04dbdbb7ab64c61aef317b342607af,2143f0dfdbb1c47ab7c75c9c097e0173,5,,,2018-06-04 00:00:00,2018-06-06 21:44:53
76da50796569ed8f9ef8a5bee8fc3a61,db6c4c19928d9acc355a54ee897bfdbb,5,,,2017-11-10 00:00:00,2017-11-13 10:17:30
28f58378b2e65624fa321940800e2899,889cd80138da82895c4ecb01ddedcc1e,2,,,2018-02-24 00:00:00,2018-02-24 21:51:37
ff7c636a6e8718f7ad8b2ad355b03ab3,4dbf5de576e0e8d18ad0932e1ed8e89d,1,Entrega Incompleta,Eu comprei 2 perfumes e veio apenas um! Quero o estorno do meu dinheiro!,2018-06-19 00:00:00,2018-06-20 01:20:26
999f9404597fd9e08675fee9d88a914b,6fec4ed02a4de8f4e7e064591aa2c5eb,4,,,2017-11-08 00:00:00,2017-11-09 09:59:52
96391609f318c12eb3ddee7128283935,cf307f492c4cc991cceb55f6c2a2370f,5,,,2018-03-01 00:00:00,2018-03-02 01:25:07
a3efe771011b4f0e7c237aee9c66d582,354fc19d43cbb0ad997bd631a02fd169,5,,,2018-07-24 00:00:00,2018-07-25 10:52:50
d8ae09d6fd1ec7cdef4f41738ce91e74,90df744c11a29b5ae02787a746456481,5,,,2018-01-30 00:00:00,2018-02-01 21:19:54
a698c98df553ff7ded228b60020d4f02,480000ff61d2f961973107967439a4af,5,,,2017-09-13 00:00:00,2017-09-20 00:16:33
f39290e4b023f3dd7433147ad3cff020,b5ac50103235f27b1d286960df625d1d,1,,,2018-04-18 00:00:00,2018-04-21 13:17:41
c60c8cd754689adf48499504060544c3,9c9e615a6b717a5c6fd398ef41422f14,5,,,2018-05-03 00:00:00,2018-05-05 03:08:49
433748d52f27f527278750d4d2120e16,784a38e6df598963bf1d5e1b633eca5c,5,,bom produto,2018-01-09 00:00:00,2018-01-09 23:48:13
5b4150966396baad290d665a401083b4,4256024f988c6c35dce119ea6c84e1d4,5,,,2018-04-03 00:00:00,2018-04-04 11:39:59
d189f930cd47cff73d208900aa2a4abd,72e28e81cb034c772982da429eca530c,5,,,2017-11-23 00:00:00,2017-11-23 14:29:24
8a4c2e0e0ac32c7324b46b08bb0b5d7b,0064d74f7de7917d54768d7722ad56ac,5,,,2017-09-15 00:00:00,2017-09-16 11:09:37
bbacc59156369b04f3dccad63bdead27,4eeecb9e657525024b9b538730c5f974,5,,,2018-06-29 00:00:00,2018-07-01 22:00:08
0dffd165e867d39c0a11188abeb75949,171a1f1ee5fb6ee190e46e3a9dbf85c7,5,,,2018-08-02 00:00:00,2018-08-02 19:04:22
36952158d7ad556c68e60516f6160dfa,40e61df3e13139ca0731f9f2d68732b5,5,Produto entregue no prazo,Vou testar o produto.,2018-06-15 00:00:00,2018-06-15 15:35:47
8518a4b60f9418149d14c9f4b1ea66b0,8385aedfa19a31e7d4871586bd47de2c,5,,,2018-01-27 00:00:00,2018-01-28 01:08:43
def82ba0b1bf7ff900d95f7adcdf6ebc,5b829c37201779df841d79b1875ca7ef,4,,,2017-12-14 00:00:00,2017-12-14 23:47:58
d348fd36e8169bd651e218a6bf40334c,1b27565cc48efbd53ada61fe61bb9c2a,3,,"Gostei do produto, mas a entrega pelo correio é ruim. Deveria ter entregadores próprios ",2017-09-29 00:00:00,2017-10-02 02:54:57
396881fb277fb08b50a871bf804a0650,1445aacacc53a181a1bcf5bfb9520377,5,,Muito bom chegou antes da data prevista ,2017-12-20 00:00:00,2017-12-21 02:47:17
51dfa3f7e7794ea8acae60752dba056f,80a16d66483cba1e11bd7f56a3cc175d,5,Excelente,Comprarei sempre,2018-08-05 00:00:00,2018-08-05 21:17:06
fcb79fa1b9b4b91c6001ceec423dc0ef,90022e1fc840350d2f9350866969521f,5,,,2018-08-02 00:00:00,2018-08-03 09:55:16
d4b497dcc0d7934d4259cf8cf32d1990,b8188e1985fbf9e2b94e3a0b64d58074,4,,,2018-04-06 00:00:00,2018-04-09 10:22:57
44e413e08988468ddf832b186e3c76b2,2f6e1ce2926b6a1f5f9ea11d94b58cb0,5,,"A loja é muito boa, nunca tive problema, só agora comprei um produto é recebi outro parecido mais acho que vão resolver o meu problema, pelo a competência que aloja tem.
",2017-06-21 00:00:00,2017-06-24 00:14:31
c275c768967a90b4ef54ec434dc291af,2b9319f90cac6853394132c982ff27bf,5,,"Muito bom, muito confortável para dormir.",2018-02-09 00:00:00,2018-02-09 20:10:38
5fa1b420ae1b1100e8a9ed1fc2e4cee9,7e96374aee396bd5b72cf015c3e06448,5,,👍🏻,2017-12-30 00:00:00,2017-12-31 03:24:06
bab406eb1ff6860f55c3281b1f9bbfe0,5e70bcf826ffb41fbf68e94ba929635e,1,,A lannister precisa melhorar a qualidade da entrega,2017-06-04 00:00:00,2017-06-04 09:25:18
e561b0e39d2c9f333daec23cc868ca85,0be5691eb4c245d190a1e194494f754d,4,,,2017-09-12 00:00:00,2017-09-13 12:41:01
2f88c869f609a53c5ad594e27874f6b0,2fcae632b06e40088d1800fc1cfc3e69,5,,,2018-02-24 00:00:00,2018-02-24 21:28:55
0691098ae25d667e52e0ca600bcd4ed3,588c0e3b460d83b9cd8a270edc0f4da0,1,,Não recebi ,2017-12-08 00:00:00,2017-12-08 10:48:56
16267bc308c43e3c4446233932100125,0d73da8896404cedc9b3a6e25e6d94b6,4,,,2018-08-21 00:00:00,2018-08-24 13:12:59
297b12bb5ef822923c6b027ed632df71,93ee5063c90357efe9aaeabb20badbf6,5,,"Produto entregue muito antes do prazo, perfeito recomendo a todos , sempre comprei nas lannister. Com sempre chegou antes do prazo",2017-08-29 00:00:00,2017-08-30 00:58:04
fd65d0641ff35f23ac550c7de72430a8,153d12e2d5e7765786be73cb3900a442,2,desapontada,"Estava muito ansiosa pelo produto. Expectativa alta, mas quando chegou, o produto não era como esperava. Ai tudo bem, mas o pior eh q as travas das alças não fixavam, e sempre escorregava. ",2018-05-23 00:00:00,2018-06-19 03:28:16
73bedd3ee6355c16e28ac83690f8720a,0149c597dcc0963d7315f904495b631c,4,,,2018-05-01 00:00:00,2018-05-02 04:45:04
7ad1e540f94aab2d901c425d4c824d5d,27603f7440db0e3082ea4fc08a05315d,5,,,2018-02-03 00:00:00,2018-02-06 22:26:52
bd12a80de486eb7f1aae67bcf97336a8,0f75a37d009ad9d4a48e51e7cd1dff46,4,,,2018-07-10 00:00:00,2018-07-12 01:34:55
c9cfa0afc1af58f9991a340e64e67071,bdf132cfee5c1e0674b5b27eaf076f71,5,,,2017-12-08 00:00:00,2017-12-08 21:51:28
de8e60048a81d9795fba5f05cecbea59,c95bd943761b792191f6966a3691fdd5,3,,Compra sem problemas sendo que comprei o celular bem antes até o momento não chegou e tanto a capa quanto a película estão sem utilida de. ,2017-06-03 00:00:00,2017-06-04 00:03:37
6b4bc64e35c10c15884f35e8f7dcd570,c7af2f59ff42f4410a1739111dbea489,5,,Nota 10,2017-07-05 00:00:00,2017-07-07 21:37:23
085bad1efb85e5fbc952065571c857d5,b6a751bb917e5695cb0f957cc45d04f9,5,,,2018-05-19 00:00:00,2018-05-20 13:50:53
b011936503e9f06b93518be2bb0df11d,829c29b2306beafb02c306ffba041e8d,5,,adorei pano muito bom,2017-12-09 00:00:00,2017-12-13 02:27:39
767a37f4c6cb10ec613a816278ac5a72,98200dd99e0bfe78c2d1378ad05fe51c,4,,,2018-02-24 00:00:00,2018-02-27 18:45:21
d8fef77aaee861398225921646f8aa99,77080c3a1b97bb0908c2dc6c3941c1a6,5,,produto dentro do que esperava alem da entrega ter chegado antes do prezo previsto.,2018-05-03 00:00:00,2018-05-03 19:16:03
ea0c4643277ebbd9d998570fa21cdb14,061eb3fa9ee22a8dc3c90060e5a637c9,3,,,2018-06-13 00:00:00,2018-06-14 00:25:45
83e58aab6c46c9692fa65d7683289c45,5209e430c4a82e1eb7cd636ecbb573a3,2,,,2017-11-12 00:00:00,2017-11-14 06:36:41
6edf601be2902254f6a7c7f751487508,6d0ef3c8cc6b6399e18942b77559dceb,1,Produto incompleto,"Não entendi, o pedido foi de três unidades, e veio apenas uma. Gostaria de uma explicação, ou o dinheiro de volta. Ainda recomento a loja porque foi a primeira vez que isso aconteceu. Obrigado.",2018-06-16 00:00:00,2018-06-18 12:15:44
c25c7fc4b8c869de1ccf33e60044bec6,d028930433677c26ca42772687789041,1,,Ainda não recebi obproduto . ,2018-04-29 00:00:00,2018-05-01 11:54:12
9a85a070a66237ad2521efbe81ec4b59,4ceb9336411700f9568db2ef11bda594,5,,"O pedido chegou antes do previsto, tudo entregue corretamente.",2017-01-27 00:00:00,2017-01-30 13:18:10
1799158afa542eef7cbce4835d411c36,dd65c324819cce121f105ad9d9afa866,4,,,2017-04-28 00:00:00,2017-04-29 07:37:17
1bde50a77f778d6c48c7b53d800e252e,bf7633822714776cc60f51470f805b92,5,,,2018-06-28 00:00:00,2018-06-29 12:58:20
7e2e77b2cf5fc166509ca60f7b12ca6f,334fcd4953d5e5b64f124a0ba7ecb317,2,,Só recebi os 2 ventiladores. Não recebi pendente meia lua. ,2017-12-20 00:00:00,2017-12-22 18:31:59
4c0ea404ec0ddf308924425cf919ba4d,366cd70c12d03e78401252dea8e27bf4,5,,,2017-06-22 00:00:00,2017-06-22 23:14:41
66ce2c99a2a665de1e3952523d5a11d8,51192863a004d47d0e4f5bf5384bf88f,3,,,2018-02-21 00:00:00,2018-02-22 14:21:38
82efa68aa5e432dc7f2e92bcc59a66f8,6172acc45ea968ebfc452a0644b1d6e1,5,,gostei muito bacana,2018-04-14 00:00:00,2018-04-17 16:44:47
9618f2aee46b096f1675a985014f8187,1dbadf4f796b4a43c00390e035d62b9d,5,,,2018-05-23 00:00:00,2018-05-23 22:13:36
7bed7f70ddd9de45cc48462ff2c0f95d,38ca4b9ca59f1a7df492ff59834aaa42,4,,,2018-04-07 00:00:00,2018-04-07 20:10:12
fdb08ac4886d95fb667b51e825456f5e,2236ffd5989a4b6263176d0359843c83,5,,"Embora previsto prazo de entrega de 20 dias, recebi muito antes disso. Parabéns.",2017-06-01 00:00:00,2017-06-02 00:36:59
78c247ddb8e67671ebc2e880aa9220b2,deaa5978bbef127b0a9c68e6a7f4c1e3,4,,,2017-12-02 00:00:00,2017-12-16 19:32:30
ac5bb807a20ac6e17c4fea902dd5c2d7,380e56f1fd27f6b37f38fc5fef8c76d0,5,,Recomendo produtos. Toma qualidade. ,2017-06-27 00:00:00,2017-06-29 22:11:55
40ba046aebde18cd3c6c7665993c0c70,02ed3b96772956405d25c2d35c766c68,5,,,2018-04-13 00:00:00,2018-04-14 11:59:20
d61e8b827c8dd98eceb79587b52f031b,f50c508e5c3935a9cb46f735e630d88a,4,,chegou direitinho.,2018-01-20 00:00:00,2018-01-22 11:48:50
5d4948ef8c79d53713fa0bbc971e37bf,3dd1232f9ae258b596e0189d82e2a222,5,,,2018-06-07 00:00:00,2018-06-07 18:28:31
8ee966d431ef96f17778f52479a1d064,c4c8026516207b8ad1e841c44bd630d5,4,Super recomendo,,2018-05-13 00:00:00,2018-05-15 14:52:39
afdd81e84ea2acfe73fdb8441f1af0e1,44d4ae94f250aacf9d4a3d0e23d8a4d2,5,,,2018-03-14 00:00:00,2018-03-17 22:54:10
f084e19e5295abb80d67fe8d1923c8e8,f07b0af882cdeef616def36fd78fbb23,3,,,2017-07-25 00:00:00,2017-07-30 00:24:06
35492b7690b94d9e76b50ba6f149e73c,ac17f36b9ec35c47dc44e96558d33dc7,5,,,2018-07-12 00:00:00,2018-07-12 12:25:26
e1614b36db617b585351900afc4ed465,2094b975f1178cef2cf51c4e73ff0e94,5,,,2017-10-25 00:00:00,2017-10-25 19:53:33
00b385c367ca681c5800956f540f62b8,a01edf5b15e6c1a5cf9d9c975e23b7f9,5,Otimo,"

",2018-07-05 00:00:00,2018-07-06 06:14:32
578c7ae0c25dda48cf54a4eebcffc3e6,8febb29840d98fdfb4f00b2b26e4000c,5,,,2017-12-02 00:00:00,2017-12-10 09:09:53
20e6537d2c1fb427d85b2d17a650a466,1d84d00f6d2334d63f35ba528cd0d99d,5,,,2018-02-22 00:00:00,2018-02-24 12:25:04
8c39917848f87bb7030c7e13d2155560,b1b5b604a5e207c764779ffb50527018,5,,,2017-11-15 00:00:00,2017-11-15 15:42:45
28182c99b81b100f16cd62b8ea523641,b431ef5386c1579fc784586883d7ac91,4,,,2017-07-15 00:00:00,2017-07-17 11:02:14
1cd4dbae0382b5ce95a48b318b624567,0b2d6210fb2a3be6f54add89639740ab,5,,,2018-04-27 00:00:00,2018-04-27 22:36:50
1d16ad9ccbd20530e095a19c88adad61,d9d4008eda3f55c6d4fff91cff923793,5,,,2017-12-21 00:00:00,2017-12-21 23:25:54
e3e6fcb2db17b264d6179ae43be787ab,109f014817afa47ae23b8b77939cad98,3,,,2017-03-31 00:00:00,2017-04-01 01:06:46
ad0ca3fc0fb782082b8cad80031bcc3f,4587eb8e812c2627dfa490ffca18612a,5,,"Simplesmente encantada entrega rápida e produto em perfeito estado, exatamente como na foto, obrigada.",2018-02-02 00:00:00,2018-02-02 08:25:34
efcc4582406be8a6cce1a8d6d0e8614d,58790471f208e8351044c81d0b3e51b0,3,,,2018-04-12 00:00:00,2018-04-12 11:24:55
03bcc35629b07fb7c5818a6f1189fb40,cc1ae65f9da3e917ded9ef6cc5325e84,4,,,2017-08-04 00:00:00,2017-08-07 12:04:00
0c89c9eeff7acd12ebbe833ed27918a9,c350b8020e56f5b4d3438f5daaddef70,5,,"Produto bonito, fácil de montar e bom preço.",2018-03-16 00:00:00,2018-03-19 16:55:16
c4436dc8a784aa324d3dfc777eecc146,c6c8efeaf2205f11be796833a750f49e,5,,,2017-10-28 00:00:00,2017-10-29 20:38:43
4446f5d2181c7107b2386b9bce43be6a,f716dffba1232aaef7c899fb8c14db97,5,,,2016-10-19 00:00:00,2016-11-08 20:45:09
c38339c3ae50ee587659bc4f74daccd2,bdf4423bf60eac03b6786ebd0e507cc1,5,,,2017-02-16 00:00:00,2017-02-20 10:34:48
fe5c833752953fed3209646f1f63b53c,d3775e436e60258e62e678a0f68a0f8d,1,,"Comprei dois produtos e ambos, mesmo enviados em dias diferentes, estão como em ""dificuldade na entrega"" segundo o rastreamento dos Correios. O que nunca me aconteceu antes.",2018-02-28 00:00:00,2018-02-28 13:57:52
f96fe21dcd80264d079487d6cafda487,76f8fb142cced489b53c34f1a4a4e23a,5,,,2017-05-31 00:00:00,2017-06-03 14:03:30
15c95574803d5cb5c7ccc2c72b93764a,b99f2ac35db6241badc2e0a4d74e79a7,4,,,2017-08-01 00:00:00,2017-08-02 19:39:15
aa33370ee7351c75d083c2dcdfbf5434,687827c3a3bcdf03c6956d9bbe263ed5,2,Não exatamente o que eu e,Não é um espelho,2018-06-02 00:00:00,2018-06-03 02:56:51
c34d2b5f826741e1e973a1ad9e6f41b4,81161411335afb1d9c6dfd1b42a63eb3,5,,,2018-07-05 00:00:00,2018-07-07 18:35:35
949f25ab538749234d11bf681f839812,7d39421ea5f060563a2e6682058e676f,5,,"Só tenho elogios: preço imbatível, frete super baixo e entrega rápida",2018-01-13 00:00:00,2018-01-15 15:20:17
2e3fc526dc85286818fed5dbe4b434f6,20d07181f8cec8c3fa51212c7dd926ea,5,,,2017-12-30 00:00:00,2018-01-03 00:23:17
24cf92400758a85e3bb4daf3d0edacad,034198ae241b34a9bc0d85282408937e,5,,,2018-02-15 00:00:00,2018-02-15 21:17:42
a30109d4333a2f08c04b28036ad7d3df,fd0ac58dfd0c4a3034ec2fe3e6200fce,4,,,2018-03-22 00:00:00,2018-03-23 03:36:18
68597d7993fa1b907787a4fa20cdad25,ab7bbcf90a1c2d1b7cf184cc23e18af8,5,,recomendo,2017-12-03 00:00:00,2017-12-08 21:17:26
0eab1ee2c6294568a805ff9a099f7d04,2e104824b1ffecb70c5195df299f4b13,4,,,2017-12-20 00:00:00,2017-12-21 09:35:37
14cfc4d79eaec70c0660ef88b08cfc0f,e2ee779edcba1ef236bcfe0260dfa5d5,4,,Boa,2018-02-16 00:00:00,2018-02-20 22:16:02
d8ecc9db61d4d619dd03a0f061ce398b,d9107994bd1bf31404591bce06a547f8,4,,Satisfeita! Produto entregue dentro do prazo.,2018-02-15 00:00:00,2018-02-17 00:33:43
1c5aac5e323c40c909ccc298e92e7dc0,c0452c14e00c9d8c3f5f30c189382329,5,,,2018-06-27 00:00:00,2018-06-27 18:22:02
f7cfeb0edd64c19c3e908cdb8f679b16,10ac3b593f06e0dd6b38a53821c1d497,5,,Ótimo,2017-02-16 00:00:00,2017-02-18 22:19:57
5ecfc8d921708788118fa764b72c8bce,1a2b31addf5b14004c2064dfc912ed79,4,,"esquenta enquanto usamos tenho dois shitsu quanto fui tosar o segundo ai esperei um poco mas deus certo gostei muito.
",2017-11-01 00:00:00,2017-11-05 00:09:13
fd0e6c141e3e72b108a282747cfdb671,ed6104a0027e6a269ce0269f21c67f0c,4,,"Pensei q os produtos q pedi fossem com mais qualidades,mais tdo bem.
Tomarei mais cuidado se resolver voltar a comprar.
Obrigado.",2017-08-05 00:00:00,2017-08-06 02:26:54
dba140a86efd476a5e7d3efbe696b605,c7716af159290b14d5c7e68534ec4b50,5,,,2017-07-19 00:00:00,2017-07-24 15:07:30
945f12a6c4a1aec074927a965978a34c,f14a4d4319ffc65a920a962e0532907d,4,,,2018-04-15 00:00:00,2018-04-16 00:12:09
4ad91181d6ae3a26d1cbf009c0f2662e,3208081336d844f7752b1e939dd1bbac,5,,Bonita peça de decoração. Comprarei mais.,2018-03-07 00:00:00,2018-03-08 02:40:37
784f60a86ba6acd694a679ee35e5ce10,676e40056867189a1b3599f3e646f421,1,,Deveriam ter feito contato.,2017-05-05 00:00:00,2017-05-11 19:57:56
52ec5e4b6118281417de416e0e98ccad,97855256a6d84e478ae2894a9f8b0209,5,,,2017-11-24 00:00:00,2017-11-24 22:19:59
211c272c6a51d3665c197bd367d8c6e4,958da7d574d07d1acbcf0c5c0f5ea9b6,5,,"Chegou em perfeitas condições, antes da data de entrega",2018-04-24 00:00:00,2018-04-24 16:57:11
4d0461cd104bc19fa1fa417f5a7ba2ea,933152b06031ce4bee7095fea4cd6e32,5,,,2017-05-30 00:00:00,2017-06-02 03:34:47
1b4a2509f2d2f1917692966eccf6d63e,d0d0beb416cef186261cf1f2287bef19,4,,,2018-04-05 00:00:00,2018-04-05 14:06:42
d9149c744874a658481cbbede49319b3,d3b59b9a0767514f777439a668f564b8,4,,,2017-02-25 00:00:00,2017-03-04 22:34:14
3e2f218213b3fd2314e075c28e77de2c,196750f3a540bf20f0d449337221bd1f,5,,,2017-10-19 00:00:00,2017-10-19 15:46:29
c53220cbfb0598f723d5ab1c7db956c4,c1aee3898c27b4b86706a7a0259efd19,4,,ainda não recebemos o produto,2017-12-10 00:00:00,2017-12-12 11:08:31
7c78bea0dda525250424e0381b7b89e1,d2bde0599318c433d8e3420c8f65427b,5,,,2017-12-06 00:00:00,2017-12-08 19:14:40
ec4bc1c784c3b797002126dd4d276752,6a978028a892efba783a6f3be848c512,5,,"O produto realmente funciona, a cachorrada calou a boca geral...",2018-02-15 00:00:00,2018-02-15 22:32:35
98656037bdc83628318266066cd21b7c,0d90fa904d8777ce037843a9b0b501e1,5,,produto entregue muito antes do prazo estipulado,2018-01-31 00:00:00,2018-02-01 18:14:16
2d8b83f5db81a54ef475d8d7aa78204b,1973095f2596945f9dcc773608d8cad2,5,,super recomendo ,2017-02-14 00:00:00,2017-02-14 22:53:55
8016b77f164f77d34a3ef0e66b2fa1f6,8b82030c5d25241f3295468c82ad4f0b,5,,,2017-12-15 00:00:00,2017-12-15 22:20:49
58a0ebb97f093912f9e62e1aa2ce7d12,1f790c9e3bb6e08d226245a5d1d781fa,5,,Ótimo produto!,2018-02-01 00:00:00,2018-02-01 20:30:50
7f4dfbcc9e538656a01b31728abfb68b,7a0eb0a897a19d67575a24798ba26fc5,4,,É de confiança pode comprar que os vendedores são top,2017-03-16 00:00:00,2017-03-16 11:18:21
71c6501d8022ef2eb00d43bba9c05f62,d274c6fec283184db0a84729351bf6cc,3,Samsung x MXT,"Comprei um controle remoto Samsung, e assim veio na nota, e recebi um da marca MXT. Como está funcionando vou ficar com ele. Espero que eu não tenha problemas.",2018-05-23 00:00:00,2018-05-25 20:52:51
2a5597c76a14e97280b061a2737d2b6d,d4807c19de2116d311ed3abe6ee42d8a,5,,"Entrega antes do prazo marcado!
Muito satisfeito.",2017-11-02 00:00:00,2017-11-04 23:27:05
eec5196aa1c31f158a23cce8ec674a1c,97f1dd40b5bea6a7e3cf78fd83a28cb1,5,super recomendo,,2018-08-31 00:00:00,2018-09-01 11:26:47
1d0e899be04963555f1f385f56bfa1b2,58862b6204545c832643872387966329,4,,,2018-08-18 00:00:00,2018-08-23 21:05:42
023f412a8513f943ca090a0812bfcf5d,9aaa81b734b180a0c3f2aa1295666bdf,5,,Produto entregue no prazo e em perfeitas condições de uso. Muito bom!,2017-07-26 00:00:00,2017-07-27 09:00:01
ba224a8c37dbd97bd6da6dc9b0809a4b,24b137d6259a0c0cbd646f179e2ca35e,1,,,2018-05-10 00:00:00,2018-05-14 23:29:51
8a08891a718560ac69ae751df5f4e231,fae572411cb121810698d2fff3251754,5,,Produto excelente,2018-03-31 00:00:00,2018-04-02 13:15:10
e3e611592432d7838014a91181339dcb,0ed863ae64e541253de34411c0b0280a,4,,,2017-11-08 00:00:00,2017-11-13 22:13:44
06eb17fd3e1c11929f0fdf971880193a,b9e60cfd587e2b40cf959a04023247a8,5,,,2018-02-10 00:00:00,2018-02-12 21:52:55
2d61178abaa8e8546d89a63fbd00eab9,31198c57e7c220ab18af604edd8609ec,5,,Pedido entregue sem restrições.,2017-08-10 00:00:00,2017-08-10 11:57:15
73aa847a1f270a75868d90b677ba5f21,02c8875e5351540e76019fb7429e163f,4,,,2018-02-24 00:00:00,2018-02-28 16:43:53
bc2e81c42cffc5d3481fb8be92a9b38c,0bc16cf0c58995bbc893af2e151534d0,5,,mt bom,2018-06-14 00:00:00,2018-06-20 19:50:44
bd28fa19d6d21090fa1fa1b72bf59ea5,837d0f47af4d0d6a1e3fc98603bd48ec,5,,,2018-02-28 00:00:00,2018-03-02 09:24:21
4377f5b8083a562048accc7d6900973b,00d29386638bbfd1331a2cd7ab91b5b5,5,,"Capinha veste bem certinha, não atrapalha nos botões laterais, pois é bem maleável. A película não colou completamente.",2017-10-05 00:00:00,2017-10-07 20:12:48
079520a538bb29d42a427bcdbdfa61f7,46c99067d2014deb825b963f5acc76da,5,,,2018-04-24 00:00:00,2018-04-24 17:14:55
bae5772b0ccfda3e985205b6726ad3b7,ec953553679c872f83bb234ca2bf7ec5,5,,,2018-05-04 00:00:00,2018-05-04 20:10:04
33cdf25fd93c873588e0444fc0be41fa,2459150b1b6791d5e62fc0752dcf6b91,5,,,2017-07-22 00:00:00,2017-07-24 17:17:37
f289c25e9f09c952fac807679dff1419,f989d3ba2acbcf3d6168a67eef142f3e,1,Ruim,Não entregaram não tive reembolso ,2018-08-02 00:00:00,2018-08-02 09:25:43
a43e7e282ffc6b029ab3bb0ebf8faf38,8490980aaf59839a601c4184474b9220,3,,Recebi um produto diferente do que estava no site há entrei em contato espero que a troca seja rápida.,2017-11-04 00:00:00,2017-11-06 17:21:08
4aa134d0442be7af50140912163a759d,c0ad22fb83f1019e8abbdf1d38ffe6aa,4,,Ótimo produto ,2017-10-28 00:00:00,2017-10-28 23:24:16
719508bb59c755e459d799f9d02ed832,ca5f84c834ef797682187652a17cf463,5,,"produto de excelente qualidade, chegou super rapido. ",2017-06-20 00:00:00,2017-06-21 00:35:32
e94a6cb45600f314dd0c5b47d49bc66e,6ede6615bc35ab422df675c8a25de420,1,O produto veio diferente ,O produto veio com o rótulo colado e não impresso igual o original.,2018-06-28 00:00:00,2018-07-01 10:50:54
cc5be059088635a9e8fe54052c518d8c,2af90e72b95362d3b1fe9561ebb3c142,3,,,2018-06-29 00:00:00,2018-07-01 14:35:30
9f0f180dc82fe034f2c8824bdaba508d,fbc12089bbd03e3a825625899c8c8f92,5,Produto bom,"No anúncio informa ser uma toalha de veludo, mas na real tem textura de uma toalha de banho de baixa qualidade, porém ela atende para a jogatina do poker; poderia ser melhor para o preço que é cobrado",2018-05-22 00:00:00,2018-05-22 19:54:59
a2bd2059f5ca614166f27fe9c7617df5,1dc15f1603f062d0d4b587b55dea3006,1,,não entregaram a mercadoria completa,2018-01-05 00:00:00,2018-01-09 15:16:49
6361f6deecd16dbcdeda44353fb7db10,990c6c497b9bf2f36f61e2e51eb007a6,5,,"Produto chegou mais de uma semana antes da data de previsão de entrega.
Obrigada! ",2017-05-11 00:00:00,2017-05-12 12:24:10
1c58012478db1b4e51983aafce63d5d4,60b4528b577937165a412ba177de3606,5,,Chegou antes do previsto.,2018-07-25 00:00:00,2018-07-25 19:18:20
56b56f7a77a128281677bc5966b1de36,fea5a631859ef3c5c4a7ee9ff36096a8,4,,,2017-11-05 00:00:00,2017-11-06 01:36:50
373c30fff42789f853ba4e74f6a11ff8,a430c3923f187d00e67e7fef037109d3,5,,Mochila de.ótima qualidade..infelizmente aquele antigo problema...pago o frete e mesmo assim tenho que buscar minhas encomendas no correios...gerando mais custos..,2018-01-08 00:00:00,2018-01-08 19:00:11
45581b2bcbe169266347ca54a0a71438,7321b3d6dabc180e041d57f60a5b838c,5,,,2017-08-02 00:00:00,2017-11-18 21:29:44
d86ddf415ebdf9224751293dc90a7936,0d6fee6350875c4d645f6490e7f3ee5b,5,,,2018-03-15 00:00:00,2018-03-18 15:35:17
743d632c2173a113775b6f62bf8977ba,ebdbaab00236fa0a72e234467f0d86c5,5,,,2018-02-26 00:00:00,2018-02-28 07:51:34
a2c00d8492a0a5550c57aabfb91f29db,36c63c436db70954885798ade7b2e30f,5,,,2017-04-13 00:00:00,2017-04-14 15:53:48
d645ce0e04f99ccf631441dbb5bc0821,8df6ec68ff32ad8169ea8de87cc1139a,5,,,2018-03-19 00:00:00,2018-03-20 01:49:37
7f9849fcbfdf9fa3070c05b5501bf066,1ab38815794efa43d269d62b98dae815,5,,,2018-07-10 00:00:00,2018-07-10 18:32:29
5ff5892a6ca1a9194997ba0b727173ff,c1a3c19dff6500babf78f097560b3107,4,,,2018-07-04 00:00:00,2018-07-08 20:43:01
995f6fb553e6a1f9c0230d4f1546bc96,2df5ebb637dfe6f39497c081655a0275,4,,Eu só acho que poderia levar menos tempo foram quase 20 dias para os produtos chegarem.,2018-02-24 00:00:00,2018-02-26 14:26:41
c64d5f179886d4447f32c2d5baac8537,9aab0bd41ca1b740b564ea50fd2440ed,5,,,2017-11-30 00:00:00,2017-12-06 20:00:46
3c350981d3173ebaf19a6e9a0aa3a776,727d6f1c0f045a1a301ea6484e83697c,5,,Tudo ótimo venho como eu imaginava super satisfeita.,2017-08-04 00:00:00,2017-08-05 11:30:03
809adaa6b576c9c90522e992bba42881,a4d5fcb131fab3ac106ae40ac7042833,5,,,2017-10-08 00:00:00,2017-10-08 20:15:22
04f4af1437c45e6a84f6d9e695f25e18,2dd2ee0d9fb9543e703f5132e745c2c3,5,,,2018-08-24 00:00:00,2018-08-27 22:30:04
9a14035aa280162b12b8ec323cfc1489,2dc82d1bd19ac194b91db9b17adc5a62,5,,,2018-08-25 00:00:00,2018-09-06 20:50:05
6c82b0784375cef646a084444b46a302,e59dbfb7d81fd513f1ffa941fe849c57,5,,,2017-12-23 00:00:00,2018-01-04 10:04:16
66d5d9960adb1832777a387f38561de7,699ff12900168a9020bb2487be684cc0,4,,,2018-06-02 00:00:00,2018-06-03 00:27:35
a2d9740e18772ccdb88bb06cb82f13c2,03ad48120321b06697272dfa53deff2b,5,,,2018-08-31 00:00:00,2018-08-31 13:39:36
3ff139f4da87ba9b3ccc354b0cea150d,688777dd259c99e7554f3901ff653a54,1,Produto Falso,"Tintas falsas, embalagens deslavadas... estou correndo atras do prejuízo!!",2018-07-11 00:00:00,2018-07-11 20:47:47
ba68322c1e79a1bf861427aa88dedc5b,0de2b30e13d8f2dec50a37917bdac7d0,5,,,2018-08-25 00:00:00,2018-08-27 11:35:33
c204a642e10f5e14b3455059600aa8e4,04f6cdae6a85ade2864cd5fc811fb9ba,5,Ótimo,-,2018-05-16 00:00:00,2018-05-17 11:14:51
6c153034c2083b172d56294f26cb79de,a7b1bca7ec838a8ddb2a1a1403c5d1d2,5,,,2018-05-24 00:00:00,2018-05-24 20:01:43
85b5a2e7111babaa32368f2baeb8277a,ea1857c97012fbeb3b4babd5892ebc7a,5,,"Recebi antes do prazo.
Muito bom o produto.",2017-06-10 00:00:00,2017-06-10 23:22:23
cbc036cc8c3edc20daf02f781a5f7a39,6f6785dde266434130a2aa8af06a52b7,5,Super Índico,10,2018-06-17 00:00:00,2018-06-18 12:04:19
18dc39ba5c154c3cda582fd567e4c94f,61907d45fa46a27c04a0061d10b5c816,5,,,2017-03-28 00:00:00,2017-03-29 12:50:17
de0fd8d15d0a97d047cdf9823027fd71,ce2b74275022f728e4d0c3302e07f13e,5,,,2018-06-09 00:00:00,2018-06-10 12:10:58
8e27bfa964806bafe11ca51bbe796c67,f7d5fa83743d8d78c798e7824125ee7f,4,,,2018-03-20 00:00:00,2018-03-21 01:12:07
64180c2c7916ed488bcb592f0f4b4921,c7e1e46af92704b1c2e1924de96e7479,2,Sem recomendação,Está faltando receber um produto: Pulseira Masculina de Couro Caveira Couro Legítimo + Pedra Preto 20 ,2018-05-23 00:00:00,2018-05-24 10:50:11
1801df42546f925e809e05ffb6fe12fc,ddc7e0a6253bc5f668507296a8d17c85,5,,Muito bonita. Estilo redondo muito decorativo.,2017-06-10 00:00:00,2017-06-11 00:27:48
67b93ddea9cff7769a44b88b2add09b8,01e7138289b75d9624b04dfe12379c1d,5,,Vendedor honesto podem confiar continuem assim,2018-02-21 00:00:00,2018-02-21 21:30:06
1952874a35b7dfb6f62d5d4eb798630f,87f5459154d93c683a3c80852ca35dc7,5,,,2017-12-14 00:00:00,2017-12-14 22:56:04
b46de840aa3e64946c61e20451703871,5fa643060454c5e14a75113a3800b787,5,Otimo,Perfeito entrega e o prazo.,2018-08-21 00:00:00,2018-08-23 17:41:33
168c33988efaf180788d8b335890a4f2,0a681d622e6b5d09ddfa071a5785c916,5,,,2017-07-15 00:00:00,2017-07-17 23:07:07
d713868ddf0caa07c458c122914de67c,882c447d8edd3d32db6a03ff2fc74f8f,5,Ótimo!,"Além ver excelente qualidade, tudo ocorreu perfeitamente!",2018-05-17 00:00:00,2018-05-20 14:01:45
7d0357be02afe16ff0622748201b9f46,4aa4c6a8e7b2646986b65117bf36e67f,3,,"Só deveria cumprir com o que está no anuncio...
Veio uma cor bem diferente do anuncio... ",2018-02-16 00:00:00,2018-02-16 16:46:57
e1a78e4d2fd524e1fb3a1a5efba75e2a,8218c35b370a39df1a636efeee72a6b7,4,,,2018-03-03 00:00:00,2018-03-04 03:25:18
155c99f0703377354b54c263d54576db,8252e59e05b6732810b98460f67571a0,5,,,2018-05-11 00:00:00,2018-05-12 01:04:22
8bb46f93234f7666ab8e20ca3517c5c8,39ce583d015282eb748be465a0306f85,5,,,2018-07-04 00:00:00,2018-07-07 17:17:16
6b2b5bbeb5fd7dac241f6aec1b522a11,8890828f16facb8b8a9c48194daccb85,5,,,2017-07-08 00:00:00,2017-07-10 23:02:24
227ba9ff741b0d064d9a72961b9f35d7,e5ceeb853f293840691322fbb8f532e0,5,,,2017-08-19 00:00:00,2017-08-19 23:46:16
e1259a3da2af6ccaa88314bbd66b1a55,824abb0e495f59750ecceff64e86459c,2,,"Recebi o copo, não recebi o kit pia",2017-11-17 00:00:00,2017-11-18 14:04:22
c1cb1b42f0a9883bb7a8fc217afad78e,892106e2f061b6b70a4942db53200b8a,5,,,2018-03-14 00:00:00,2018-03-14 11:49:37
3f85a26bccdb16e93404977e4458f4f8,dcfe9b5776f30f14bdb7c5505d269c08,5,Gostei,Foi entregue rápido e gostei do produto!,2018-08-14 00:00:00,2018-08-14 22:45:33
4c2a94f8e8c4931e0f8e705103e35e9a,62a084114b1d8e549fbf1e0d9ebf4da6,5,,,2017-12-19 00:00:00,2017-12-20 10:07:26
3b0002e3b92574bfe20956bacd3fd981,67e1523ecabbe030f525c66b8cc57fa2,5,,,2017-10-07 00:00:00,2017-10-22 14:38:19
49044951160224e770edf129ae464269,cad5d7a0969b060d6df0afe1c761cb69,5,,,2017-08-10 00:00:00,2017-08-10 23:33:56
59ac8d108c6cc9ce9511cdc824628bbe,cd472c4843f0157551fb2c99b21d3786,1,,,2018-04-11 00:00:00,2018-04-13 10:04:41
3927c91b496971f5f373877ca2861b1a,e2e9a4fe163a44a86fe306af8a9e2bcf,1,,"Paguei pelo frete como sempre e deixaram num correio muito mas muito longe da minha casa, não terem deixado em minha casa nem foi o problema, mas poderiam muito bem deixar em um correio mais proximo!",2018-02-17 00:00:00,2018-02-19 03:53:17
c79eed73ecc3e8905d22c2baaf49e047,38c08fbad68f49682733a8d83e997aa6,1,,"Recebi o relógio e adorei,mas ele veio com defeito.Ponteiro quebrado😡",2017-10-11 00:00:00,2017-10-12 06:48:24
3d6b2b2d8d339e517bfee304b99a9f01,b0b5cb8bc442bc5599f4bf65dfc67cf8,4,,,2017-04-13 00:00:00,2017-04-17 12:42:17
12b47bc6b93e0e84e5548e2e2c5de0e2,68810c6b108472c394da03666cf1fe74,1,,"O péssimo trabalho dos correios, nõ entregaram meu produto. Entrei em contato com eles e me disseram que o produto foi devolvido ao remetente, sendo que os mesmos nem chegaram fazer a entrega",2017-12-19 00:00:00,2017-12-20 13:35:32
71a997c2d69f1387885eafe3dcdc4ab9,b7a9713d1c8b02fbefa580bd0edc2756,5,,Melhor loja para se comprar. Produtos em perfeitas condições e chega antes do prazo.,2018-05-19 00:00:00,2018-05-20 16:23:26
6eb6e9daacece449b0286c05215ee809,d2816e182d8750e410a4288b16a9ecd6,3,Cobrança Errada,O produto foi comprado em 6x no cartão e foi cobrado em apenas uma vez. ,2018-05-18 00:00:00,2018-05-20 22:44:06
3e7ea179d774845996f77ea3dd90e436,d3514b69ed01da5883fcaaabfe29453b,5,,,2018-02-25 00:00:00,2018-02-25 17:40:54
469e2df1820f5c7ead24a245bba93472,d19cf6ec40b00db56211b4db0a663266,5,Muito bom,Muito bom,2018-05-01 00:00:00,2018-05-04 00:10:00
dd7261fbe7428a02f1cb1dadcfc065e3,69563539a33f6dbf50c8e280e4e8a88b,5,,,2017-06-20 00:00:00,2017-06-21 13:21:09
ba4830e47c062d40eb304e6075e29180,078012a290408a687e5802ac7ad6c0aa,5,,,2017-05-26 00:00:00,2017-06-02 14:20:03
d1a8ae2fbae4c046afdf0816ce3b3b0f,bb8a565ee080cd9009f0209bf124beaf,1,,,2018-01-05 00:00:00,2018-01-07 21:54:34
36eaec9c10a61e089d0a62ded8cdbf78,9ee53d821aec1c97d5b1514199c74c27,4,,,2017-02-14 00:00:00,2017-02-15 15:14:03
ce78834d279d1ef82c477f40ce51fdb7,70265e39902a914077a038864209d3c6,5,,,2017-08-10 00:00:00,2017-08-11 12:15:54
a20332ca3e9807d11885ddb3bbd94c3b,7e09cc861487709e81e6c729d2635208,5,,,2017-12-23 00:00:00,2017-12-27 13:44:06
3e05a715ff9e13546b0ecbce9b6b18f9,ddf732195968469df311feb9d52e542a,5,,,2018-04-27 00:00:00,2018-04-27 22:21:54
ec631e163f9b436499fd8fcda6ea3b03,93fba8d92f02aebd0882af7cb81bfcb8,5,,,2017-12-20 00:00:00,2017-12-21 02:47:14
772e27ea976490e504db518e025c98d2,b0328b109f45385c8736506194da39a0,4,,,2018-02-07 00:00:00,2018-02-08 11:08:08
a95b6d1908c4eee56f04fdee1c133122,db7a9e1d2cbac54cc7ead44f1ae8535c,3,,O volume e muito baixo,2018-02-21 00:00:00,2018-02-23 23:24:50
efe4db4a64964a561663b60196747b1a,1184c1bbcfb488132ee2bca2c07cd743,5,Top,Ótima qualidade ,2018-08-22 00:00:00,2018-08-23 12:37:10
79a4f071a4e4b4ddd560cbb94ba1b462,480eaa4ce1cc7cf344ad094e326f373c,5,,chegou dentro do prazo e bem embalado,2018-03-24 00:00:00,2018-03-25 02:40:01
5019d7917a42dffada45a7ec6ae22b62,e2e85885a15f712ba00eb35cf5be7cfd,1,,"O PRODUTO VEIO ERRADO E JÁ TOMARAM AS PROVIDÊNCIAS PARA A TROCA, ESTOU AGUARDANDO O VENTILADOR CERTO... VAMOS VER...",2017-02-25 00:00:00,2017-03-04 08:45:16
831d8edbcb59808cf68cbbf2dacea6ab,36b99cb18912a8b79b8b49685d71503a,3,,,2018-05-22 00:00:00,2018-05-22 22:26:09
3cbc27521d57508969f5a9529bf3ae06,2b3c07290f8f2e99eb7f2201066b75b7,5,,,2017-12-06 00:00:00,2017-12-07 09:14:57
3137d3cac215132bc4816044bac3ee23,b9b3a57801f2cb36617b727e256b4089,5,,"Produto muito bom chegou antés do prazo
",2017-02-16 00:00:00,2017-02-17 09:05:41
bdac6dc3cc3c30a7a17b3463e0fb6fc3,519969ff2784ef6b51d1a89f1534c23f,3,,,2018-02-24 00:00:00,2018-02-25 16:02:37
4f076a4b49dea8815a4d50d2e0308e38,b826bfdea5744dfde2f59560ca882533,4,,,2018-05-05 00:00:00,2018-05-07 21:49:06
46d0a566079b60812f3b7376e2bc8ec7,9c06233aa4c2b2e8321660e552582c84,5,,,2017-12-27 00:00:00,2017-12-28 10:30:00
86aa61eac5ce4f9ed69447a4dfaf9f10,28037715728a348c84215e5db015de7e,5,,,2017-10-10 00:00:00,2017-10-11 10:46:07
22bd6dac6e20237b82c61749e6bce7cf,91d3db538cfff9a4f1cd5d5ad9481b05,5,,,2018-02-07 00:00:00,2018-02-08 18:49:18
f210d277317161b0f34c2d52d4e504cb,82ee2df3a8f23cfa9208bde62204119e,5,,que continue com essa perfeição,2018-04-19 00:00:00,2018-04-20 02:00:07
eed0b2ef7c9ec41088331b6ea20f7a28,86cd00e7c37e87a8a2204f3e3266e85b,5,,,2018-04-07 00:00:00,2018-04-08 11:29:16
598c90923dc623eb685f9fdc548e29ec,2bc1eac46ee8d6fad3f7369668f1bdf0,3,,A mercadoria foi roubada nos correios. Estou aguardando reposição. ,2018-08-23 00:00:00,2018-08-23 15:05:46
d8732caa7beebda551d1c12dfaff687c,a823e340670fb72aaeea0c7aa697212a,5,,,2017-11-05 00:00:00,2017-11-05 02:38:01
573be74b08af8c55393534eeac1b4341,229d2824e311bf2592b6b7ce32af04a8,5,,,2018-05-11 00:00:00,2018-05-12 00:11:08
ce20f87c609d9c042e3752759afb5c16,b1526a2bd67c99a417bbd10df7904bb0,5,,Recebi o produto dentro do prazo em otimas condições produto de ótima qualidade ,2018-04-12 00:00:00,2018-04-13 00:07:50
c71fcda67c816e880554286b92f7e824,7f15ae6f11b3789f24b78010cf34ecb5,5,,"A loja é muito boa,mas ás vezes os pedidos veêm erado",2017-07-14 00:00:00,2017-07-15 13:53:13
4503b46c0d76b396b43d131bb515f726,c37cb17f3802e061e745a83732cb1503,5,super recomendo,produto muito útil,2018-05-09 00:00:00,2018-05-10 09:29:32
37c4adf1d68fe425f2d9476d800b8ff0,f8d1bd3e890e8a6792efb7acfc9a4853,4,,,2018-07-13 00:00:00,2018-07-13 21:41:22
0dbb593efd912400becedc84ab3d763a,a884ca2f4a01c613d72df08dc851755a,5,,Produto dentro do prazo de entrega e também conforme feito pedido.,2018-03-02 00:00:00,2018-03-05 11:56:31
18f7753cc18c4c77f19e0af4fc3081c0,094dbecbb0ab054a620f21c04e82df03,1,,Não recebi o produto,2017-10-29 00:00:00,2017-10-31 16:46:28
f76daa93dd80d170731001b394da6a85,f7a282c5fe8addefb48793a1a8c2ea83,4,,"Entregaram o pedido em duas etapas, ou seja, deu a impressão que veio incompleto no primeiro momento, falando do produto é de excelente qualidade, fiquei satisfeito.",2017-07-26 00:00:00,2017-07-26 23:50:01
860a33973b3face3d5c8f9b7e0e82325,c46deef64dc8913af348b596ff4fc40d,4,,Avaliação boa na primeira entrega não tinha ninguém na casa assim falou o correio que eu acho difícil não tivesse nunquem tudo bem estou no aquário era dia 28 o retorno mais ainda não chegou,2017-12-30 00:00:00,2017-12-30 04:06:03
014814de24b3fa4f75ce23fd434b6461,43b29d0de4927fa24f56341687c9e06e,4,,Entrega dentro do prazo. ,2017-05-16 00:00:00,2017-05-19 01:16:13
360f66e64afcaa007aa1bbe31a307195,fb114a7255e9d0f59416a80b564638d4,5,,"Ótimo produto, entregaram antes do prazo. Recomendo.",2017-05-19 00:00:00,2017-05-20 14:40:46
27efd1b64b5b9d292ba7ac4c35bfa8ee,007c7cb12ef3567531307ca78d395758,2,,,2018-03-13 00:00:00,2018-03-14 11:03:34
e9d95aa28b7065d29955d9ddeed961aa,a45087c16cf11897252052baabb332c0,5,,,2017-09-12 00:00:00,2017-09-13 11:00:23
b0b3342a48be4af9ae1f85d81f562e04,393123cf50678c8c2e0921146719d7a9,4,,A lâmpada tem um som razoavelmente bom mais deixa a desejar na iluminação é muito pouca e o meu interesse era realmente ultiliza-la para tal,2017-07-20 00:00:00,2017-07-20 23:44:10
cdb88d66710b4e48217bb972f56a5695,078f6e79012194cd9eb77b10f6753d77,5,,,2018-08-10 00:00:00,2018-08-11 19:20:36
523bb7730c8bc3c9f0aa26ee8a4a871b,8866ae65c875985acc6fd5772fa8e4a9,5,,"Gostei muito de ter comprado com vcs, não me causou nenhum tipo de problemas.",2017-12-13 00:00:00,2017-12-14 18:05:20
cfd5b0b5d059b75348a07307819275cc,360ea8da05d9705bd651981c6cfc9a22,5,,,2017-12-01 00:00:00,2017-12-02 17:02:43
4a30b12bdefce17c3b9e1af3f31e9442,11120c214b9f50a8c39dbeec8685db6b,5,,,2017-07-06 00:00:00,2017-07-07 07:04:53
d9658e6b71b9c86fc7c2f11c627766a4,72338cbe5e2e8e0e6018f8497ee34420,1,,Comprei o produto e no dia seguinte tentei cancelar a venda e a orientação que recebi era para receber o produto e devolver. Gosto de comprar no site da lannister mas fiquei chateada.,2018-01-04 00:00:00,2018-01-05 20:00:25
1e27395df5a529dbb3ed267e849f5af4,362cd36939c1c4638bad780d01b3fd68,5,,,2018-07-03 00:00:00,2018-07-04 02:39:52
ab0b54dd2bb2685c2001a3252ebeeef3,4b038a7f8dfc36755eca741381e379e3,3,,"o produto demorou MUITO PARA CHEGAro q NÃO É COMUM TRATANDO-SE DE lannister.COM já conheciaa escovae não entendo pq tem preços disparatados como os que paguei. R$ 128, R$50,00, R$55, etc+ frete.",2016-11-25 00:00:00,2016-11-26 21:22:37
84d2532d87a40b5ec0de55c7f8d783f7,47e8f8fc6c6d0bdeb784394a599459a3,3,,,2017-06-10 00:00:00,2017-06-10 23:30:55
96312e4320b84c4cc750e2ed68ec8f17,784d141a794f0e73cc3c9ed3b6efa3ec,1,,"A data prevista era o dia 5/1/2018. Recebi o produto no dia 11/01/2018 que veio errado. Pois comprei dois espremedores e recebi apenas, um já reclamei no mesmo dia da entrega e não obtive retorno.",2018-01-12 00:00:00,2018-01-12 21:08:48
6fa94f43d6e889a6e0930c7cb6f54c28,67b777d7aeb1fefbc4e88626f76955dd,5,,,2017-08-22 00:00:00,2017-08-22 20:21:23
4d9b28142490b51c4ad6cb9e260f1604,a1b804216bd2104b89826d9c884a06aa,5,,,2017-12-20 00:00:00,2017-12-22 23:29:04
ad3702a8c0d152e32a455eea257dff97,ff3753fe031ab5314a80e05249ecc275,5,,,2017-05-16 00:00:00,2017-05-17 11:28:36
4cce9dcda9a1d82e455c773d152a195f,e9bc7c86be84f95e01a59c247ddf6208,5,,,2018-06-22 00:00:00,2018-06-22 22:49:23
9db3ddca1a570069aa83e10ef4c0ab10,6a9bf0121b718a84449bc75bb129ed6c,2,,,2017-07-12 00:00:00,2017-07-13 11:28:58
a16b0b66481e2f3a5e874cc6d184610f,20d7abe06a51b7f148c505a2f1c7b785,1,,Produto diferente da propaganda. Não estou satisfeita.,2018-02-10 00:00:00,2018-02-14 17:32:20
2d1dcd393c620a989e1f05454cabcd68,317c2c773295f70b67e5511ccd55f81c,3,,,2017-08-10 00:00:00,2017-08-10 19:43:26
bc009efb69f9f9262ef5bc3fa19b7799,8b9842ff7795d2b3af1e7221299fe6f8,3,recomendo ,ótimo,2018-05-05 00:00:00,2018-05-07 13:08:24
f80a03f301875a10f90897b70b2fc257,eb9e77ffb4019d5cd410157dfb294a12,5,,BEM DO JEITO QUE EU PEDI...,2018-08-14 00:00:00,2018-08-15 12:46:50
f7d0ddce17de75748769092645214bb4,e54613f3313c396f77d8280b9121ea2e,2,,,2018-07-03 00:00:00,2018-07-04 13:16:43
728cca2fecca64b4f4cbf212bdc87319,912859fef5a0bd5059b6d48fa79d121a,5,,,2018-08-31 00:00:00,2018-09-01 10:11:33
a3c2e1c4b4888111614928742cb70263,6dcb51857ca646a4809ea67184d43e46,5,,,2018-04-12 00:00:00,2018-04-12 23:34:33
fe864e7a7b491964de2537066b1413c7,270cd1874ca5310906e251407490d66c,5,,,2018-04-03 00:00:00,2018-04-03 21:06:47
24e9d0479424c21f1f6e57a48b3664fd,d52ec59371d4477349b3a26e9607dc2c,5,,,2018-05-11 00:00:00,2018-05-14 11:16:55
7d9b01bd9b552658945a37f30f0822ce,ac28921ef185c0a4f81b4fbbdf4d645e,4,,,2017-12-06 00:00:00,2017-12-12 17:01:09
0e5f81f0cdee69fe28aeac6379bfba8d,69d7a6c47dc11a476f79514694809c60,4,,,2017-03-31 00:00:00,2017-05-12 23:44:22
c9a7fc82f6c15c366337d796cbb6ba31,dfd71e944918d4442a05232a620087cc,5,,,2018-08-22 00:00:00,2018-08-30 16:04:49
302343bcb3aabee22918a9875eaf0a18,97e91e3d9575f0a13e6c2f6a8c0bfd7b,4,,,2018-01-13 00:00:00,2018-01-13 20:29:56
bfeff54742146606dd9016048d5aa418,bdd9b76103b5ce16eb842f7ef68cdc4e,5,,"Bom, pretendo comprar mais vezes.",2017-03-10 00:00:00,2017-03-12 02:54:02
2acdb4c18e05c0fb1eb4a1e18a01cdd8,8d7e1e66103b85e9ab12cb65dafdf0e3,2,,COMPREI A TAMPA PARA O COOKTOP CONSUL E EM NENHUM MOMENTO DIZIA QUE NÃO TINHA O PRODUTO. NO DEPOIS A PRIMEIRA PARCELA PAGA É QUE FIQUEI SABENDO DA NOVIDADE.,2017-05-06 00:00:00,2017-05-11 02:13:55
933ae6e9a3b9d53a3beeddcc67230d4e,bbdcda6bc4c7d4051fb9d26422a602ea,5,,,2018-03-13 00:00:00,2018-03-14 06:41:33
d97afc2c2298332051a3fe0813df77a5,27022b76108230492760e5e0a34c159e,5,,"Apesar de ter sido estipulado um prazo de entrega bem distante, foi entregue conforme bem antes.
Fiquei satisfeita....",2017-05-12 00:00:00,2017-05-12 22:25:28
2ef3d6a66bdc31337a9f65201ac61713,10b5d5c95177be116333e9a65a6fdea4,5,,,2018-03-14 00:00:00,2018-03-19 19:08:23
fa6b03de3710d09966ab473a0b860a61,5b686ee96f05cb6987dda1919ebf2bdf,3,,,2018-08-21 00:00:00,2018-08-24 11:32:38
302763ba1fe9ef648aa8944669625f5a,719bb3a1ecca0dc38551f11cd181cca6,5,,,2018-01-26 00:00:00,2018-02-20 00:37:56
f43ae7961d461a53c64e7f4e59ed480a,853927b32b0ebc007ece729a314338cd,5,,Satisfeita! Tudo conforme o esperado.,2018-02-22 00:00:00,2018-02-22 19:56:28
c86f311e6de8e88d0ad98fc7a8980ec2,5bcc22a5b7883bf37424018f8068c511,5,Elogio,"Produto original, como na foto.",2018-08-17 00:00:00,2018-08-21 13:28:21
9bbbffe1cda5b416da32c2ccc609a669,ad6dfba4eac734dc19375323e0bd3abc,3,,,2017-05-09 00:00:00,2017-05-10 08:43:52
c622d68408a501ef203443ddbd92bc63,38934582b8eedc324fe26767c76fb63f,4,,,2018-07-27 00:00:00,2018-07-30 12:58:36
af56c6a4fc8e458b820445d622c9be96,bf7284f5503c59e16e81fd9bf1515b80,5,,,2017-12-12 00:00:00,2017-12-14 21:49:45
f497a30e5779cc69ec4aeb2bdef1c7aa,19ac9c16a1ba1aad8f39aee10e7daef2,4,,,2018-05-01 00:00:00,2018-05-02 18:26:38
1911c8764d8b12701f247bbf4bbed8a7,18ad70ae2189f1e18a644ab94300c46f,5,,,2018-02-11 00:00:00,2018-02-14 18:36:38
409dd9867e7e03059d6217ba85204aaa,d55d5f2d92f548bd9928f3edef443395,4,Super rápido,Boa qualidade,2018-08-18 00:00:00,2018-08-20 11:02:41
8a3a5868150b304bbe274ff108771a2e,9f9451274bc21055d9306c98eb7eb8f8,1,,"Ainda aguardando. Prometeram entregar esta semana. 
Na verdade em comprei em 7 de Março e nao de abril.",2018-04-08 00:00:00,2018-04-09 20:17:01
722ee1510e3c4c0e80f9d7abe2bffa8d,e6e3ea418f0f343e88a3dc62eaf24699,5,,O produto atendeu todas as minhas expectativas! ,2018-03-17 00:00:00,2018-03-22 23:37:41
90efd07b3298429b554fc6b97b25b418,5c70dd56919e4ecb33f8d48067944b48,4,,"Chegou antes do prazo, tudo tranquilo !",2018-04-18 00:00:00,2018-04-19 15:51:12
cc974b5c41e1b401647ed878b8ef1779,833915009f90346b046a4f6cc9df0497,5,,,2017-07-07 00:00:00,2017-07-08 18:53:52
264d27a6347e2139639c1638ccf50035,aa0bc25a48a3d53cc009df13ed116b23,4,,,2018-03-30 00:00:00,2018-03-30 22:02:02
3a08fb17dfa2db6ca96dbd7e76117a6b,5b5ca75222f3aeb5ae3b27547d4d8792,5,,muito bom..,2017-03-28 00:00:00,2017-03-29 10:09:52
4a9210c48ce90e869db6fcb5248a2952,4f7a513a13ed6efd9b603b1590b9ae1d,5,super recomendo,,2018-07-27 00:00:00,2018-07-28 13:35:12
4a500d38459bec37063614e0945bf758,da97ba90124c049efe564e689b626042,5,,,2018-01-27 00:00:00,2018-01-29 00:59:17
6340b67bf631bce0ea39fe76c2c810be,c8035c255b0c345f46e7ed85cbaf1a79,5,,,2018-08-17 00:00:00,2018-08-18 11:53:43
517f1a5d2ca40d00cabd9b9534006d7c,74c142641fc482d8aeb7e31805a9aa2b,5,,,2018-07-22 00:00:00,2018-07-24 17:45:18
af5b068f38d282929aef8eb5558af3e2,9ca7ad0b7aafb20b74dd5c1bc5f851d4,5,,,2017-09-12 00:00:00,2017-09-15 02:31:45
e551999cc91eda7dcb2b50e29947b04c,c9af5ac1e116ade464741593ef70e986,5,Ótima,Ótima ,2018-06-19 00:00:00,2018-06-21 00:26:33
96311cd3e99b9cb0f4733eaf3401ec13,3ef3c976c86d9ea7e4758728a87732f0,3,,,2017-03-31 00:00:00,2017-04-02 21:07:47
aadfe5933df006b51ffd3e86044ebbbf,6b751a27edaaa33537b2e893d7fd18ce,5,,,2018-02-21 00:00:00,2018-02-21 21:57:56
d95a457d13382354362031ebd64f4fc2,0a8ad519fc5624a7862124decee24b27,1,,Parceiro targaryen não recomendado. Produto veio errado e devolução demorada para ser resolvida. Mais de 30 dias sem solução.,2018-02-20 00:00:00,2018-04-04 19:06:42
da72ed715a7d4a22ea6ca24ab736f0be,6b37f541eb6753f5383147a84d419d11,1,,"Péssima mercadoria uma das tesouras veio impenada e cega.
Não devolverei pois sei que será um processo demorado.
Ficarei porém muito insatisfeito!",2017-06-22 00:00:00,2017-06-22 23:56:07
af6cdcae73e4833f110cf455e6d6a2a8,5bec9dad5626dc4e86bf625a3a6d0523,5,,,2017-07-28 00:00:00,2017-07-29 01:11:21
fe2b23ad0ceab842bfd6243e89401290,b574f97b093ad4bc022f420344327e12,1,,"não estou entendendo porque meu pedido ainda não chegou, sempre comprei pela internet e isso nunca aconteceu ",2018-03-25 00:00:00,2018-03-25 12:32:33
d5308f48b32d24592840810ab7ebe830,74f6a72d401864d8a0d5b73e2533a3bb,2,,Ainda não recebi o que comprei ,2017-07-19 00:00:00,2017-07-20 09:36:58
0398305923acc40cff679e0a47118d24,bac2a0865fcd2f0a6d08ea425fd888c3,5,,Ótima loja. Entrega rápida. Estou satisfeita,2018-06-29 00:00:00,2018-06-29 22:17:52
d2685d708ee3a49340a50dd2184deadc,1c4b283e95602be28c975207016558f1,2,,PRODUTO NAO ESTA CORRETO,2018-08-08 00:00:00,2018-08-09 11:35:22
e440abab7f70b190feceace138ba075a,d6d0323138c510e3816e00ac900d17b0,5,,Gostei do compromisso com o prazo de entrega,2017-09-13 00:00:00,2017-09-15 11:33:48
82692de22b794e495a8c4224201f3776,fd98db0c60caa964759465417876e390,4,,,2018-07-03 00:00:00,2018-07-03 15:12:14
c373f24c47cfa56cc6c1621b1eb266d8,4fd47db0e1bb9f59384ff16f8d533f80,3,,,2018-04-12 00:00:00,2018-04-13 12:49:42
4b97554ca40a7f9c5151800110cedf09,cfcef16acd7d85fcc9bc9bae5166f845,4,,,2018-02-03 00:00:00,2018-02-05 00:26:14
29f61e62df3743b3386ade3b772bbd97,edc9fcd5f5ab3aa69901aa991026ee0c,5,,,2017-06-15 00:00:00,2017-06-17 23:26:22
ac85a4074fcf09513a71cb1bd967fcdc,aeecabebe0b93474b9f9cbe9c54e054d,5,Super recomendo,Entrega super rápida e o produto é muito bom! Estou super satisfeita!,2018-07-28 00:00:00,2018-07-31 13:11:48
0b4e781eb80776c8327618e765681c3f,6248b0a9b547366913fb67922a7a2b77,4,,,2017-02-07 00:00:00,2017-02-07 20:38:34
b91445282466b6ca4470cc8c329bdba8,6a4b06a2b62d1f2c69cf1f7a4eae074a,5,,,2018-04-19 00:00:00,2018-04-19 21:56:31
d7f746483bf90eed743a08ae4230916e,a61bafa3b59313a79ecd7be1ca2a2477,5,,,2018-04-06 00:00:00,2018-04-06 20:30:58
fb8a2b6c740c5a722c6539b13a6825e9,6699d7eb202a80ad0dd024134fe5ed60,5,,,2018-01-25 00:00:00,2018-01-26 02:56:15
bc43df944ec104a4910aa8aae17629dd,27f9fff9f14236589804b62bce39f526,5,,,2017-07-18 00:00:00,2017-07-19 00:17:15
40e7cf37ba3b01a545787a93ae633227,c58bd581144192869f091dd6fbabceea,5,,,2018-02-11 00:00:00,2018-02-13 20:30:36
03258b14c2ecc44b247909babca3f102,d244f2083d5bb47133c5b240a8f6013d,3,,,2017-06-21 00:00:00,2017-06-24 00:33:45
d5342560231bfee82a5e0e83a731c22e,8c81595257edb72a9b20d995eaae0319,5,,,2017-06-14 00:00:00,2017-06-17 22:59:59
a19d64870383d4014d470eb5fda53ef8,2b6f5b5b04f0331895f9e1103ac75fb7,5,,,2017-12-28 00:00:00,2017-12-29 10:57:39
65ed9f6e90d11c833a04d9961e951e54,8bbc0e9b5ac010d6a9b8d76570cd20c4,4,,,2018-03-07 00:00:00,2018-03-20 20:06:04
20e5848d320dce689d0eb11fcb0ef341,7c363fbfb4e41c26246ea6097cd275bf,5,,,2018-05-31 00:00:00,2018-05-31 14:31:59
1fa91563e11a3d1a10e7bbb68399d365,01235dc626dcf13283207ba7f36a959a,5,,,2018-08-07 00:00:00,2018-08-07 18:19:23
29e3a5e9d8a4fb17fc4d582e1890b101,378e4ea286514bf3ca1356670c708ac2,5,,,2018-07-11 00:00:00,2018-07-11 23:54:58
61e41976b2efe4d2d06e39957ee85412,51879b7474407f56048b6c36cc3e263c,5,,,2018-08-10 00:00:00,2018-08-10 06:22:30
ea983a3220fc9b635d0c1cb10d7d8d19,dd17bd5a29df3e2c3ce7e66feaa2a323,5,,"Parabéns pela extrema qualidade do produto, bem como na entrega do produto, parabéns... Recomendo à todos!!!",2018-01-25 00:00:00,2018-01-27 15:51:24
3fc36c49d9f29fd130b9c82b20e6db8d,bdce854b86e3fe8851225cb4d17f0776,5,Nota 1000 ,Entrega super rápida adoreiiii ,2018-05-09 00:00:00,2018-05-10 10:34:27
ae126afd746324e8cff377a8196b786a,0adea70aa873a352ff8c3646aec71c31,5,,,2017-06-02 00:00:00,2017-06-05 11:48:05
72ea2dc44a84ce098fd77c3985905389,b73095e1b4a660f696d90a6f5446b58c,5,,PARCEIRO EFICAZ QUANTO A LOGISTICA,2017-08-02 00:00:00,2017-08-07 16:50:16
380708690a16bc8157cd3663af6e1736,9e86f2750fb63739aa63c24a716815ab,5,,Ótima loja para se comprar,2017-11-16 00:00:00,2017-11-16 22:49:57
18726481792a260060d947424d92be03,458c3dd955b92e9289432f66ec35cf10,5,,,2017-11-30 00:00:00,2017-12-04 11:42:28
6ef12ee4985ba9f74fda873b98f5adc6,2cadf7b6bdc085bb4a8a3a32a40e344b,2,,"SUPER RECOMENDO, VEIO ANTES DO PRAZO ....",2017-12-28 00:00:00,2017-12-29 10:19:48
c3abb439a872a59c015ae43cf572908d,f48a1909651bdf6645b2cc6fa8e8ea1d,1,,,2018-03-28 00:00:00,2018-03-28 19:08:54
a9a7edc83a9a099b8de9f1f67908888d,103ccf024ec97c46c81001a91c2faf01,5,,,2018-03-24 00:00:00,2018-04-06 19:01:51
1b95892898112d6572f37664e29f027e,da3c5f58df5d64e0b04915c5ef0f2a6c,5,,,2017-06-20 00:00:00,2017-06-20 23:08:39
be635446dfc207a862431f0b9af619f1,1fb40b224a9509697bacc23d3e160e4c,4,,"O produto atende as especificações, mas sotou um pouco de aluminio no primeiro uso.",2017-06-21 00:00:00,2017-06-24 16:54:31
bb70ad97e9ed193d7fa82d14d66c87c0,4b7bf1f7eb492ad33680ba2cb4c4ba56,2,,"boa tarde só me foi entregue um relógio falta o de perola que não entregaram, gostaria de saber quando vão entregar o outro.",2017-09-09 00:00:00,2017-09-14 17:55:56
28bcc03727da65a53c1d1be6e0f056f4,7fa8751ea12ae88b7f25aecfa1f1e498,5,,,2017-03-02 00:00:00,2017-03-05 19:16:10
258dc67e9f3802ef26a0ac367bbd8159,80e2ed9ee8878458ac2191eb469cb0fb,5,,,2017-06-14 00:00:00,2017-06-15 23:21:05
ba60f590f69dc8f2569aae20544dfa85,699b7692e65138e6874b4c6f42202974,5,,"Produto de qualidade e fidelidade, além de rápida entrega. Recomendo. ",2018-03-22 00:00:00,2018-03-23 00:58:03
57409a991e7216354e4b4cc7927454fb,4f3d999a0ae0716dc5695cf3fa630f34,5,,produto entregue no prazo,2018-02-10 00:00:00,2018-02-14 04:27:25
2b1d7881e28aba7647944ef20f2be6e0,7b1c9d44d6e6a5fa56cc9d084f9e1698,4,,"Produto chegou, adorei, porém a entrega poderia ser mais célere. Quando estava comprando, dizia um prazo na tradicional, quando encerrei a compra, o prazo se estendeu.",2017-10-12 00:00:00,2017-10-12 15:53:31
84648d76bfedb6d21355d0567b2d19a6,1f18d6138f5af59adb5a379ea575d555,4,,,2018-06-13 00:00:00,2018-06-13 20:25:32
c88e60784375d0e3348303c52ae7519e,2ffda1267c5facd329521f983872a4bd,4,,Chegou antes muito bom,2018-04-25 00:00:00,2018-04-25 18:44:53
aa933c5f3018a5aff87d5807616da0ec,6cc8ee95fa041110dc49df7e0a2e85b1,3,,Produto muito frágil ,2017-08-29 00:00:00,2017-08-30 00:55:49
577543cbda147850962184f9359e5bf2,5ff9ebf728452fa38327107ff79df804,3,,,2018-05-18 00:00:00,2018-05-21 09:42:17
a220677a2b79e2b17472eb0fa29c2ce7,b46eafc0b21e1cddcd5f94167c67c729,5,,,2018-06-22 00:00:00,2018-06-22 11:00:59
87a83744a58cdab510ee5acdb3ac3897,e6fd05b126cb5c89f360d14068a14e78,5,,,2017-03-21 00:00:00,2017-03-22 01:16:29
3bf314ee0150ba633115f8cb2adb09c2,ea9a48e8b350731ae78378381394a086,1,,Não comprarei mais mesa loja.,2018-03-17 00:00:00,2018-03-18 01:43:57
411b556001ea0caf11baae8a6556962e,e52d6fd1fb812c9f263fd19fddb957d9,4,,"não veio tudo em um pacote só, foi chegando separado .. mas chegou tudo certinho ",2017-12-12 00:00:00,2017-12-14 14:53:32
58f9d5ec18e668bee42663e9e800b86f,7f922477f06db4ab69f6f173f439088e,4,Muito bom!!,"Entrega rápida, produto de boa qualidade.",2018-06-16 00:00:00,2018-06-20 02:34:59
81c28f5c07a9eebd91c35a21306fbcfe,ccacf38d836bb451f51a555780ea425c,5,,,2018-02-03 00:00:00,2018-02-06 15:55:09
fbfabef73347ce5a5dad0642bea00558,dab991912deff0b6f34c2ac665fd566f,5,,,2017-07-06 00:00:00,2017-07-06 22:19:25
045d330f147f09c3bd2426266ec5d414,b210a0936a3dd8fe4428863f8e352693,1,,Nao tem boa avaliação por atraso na entrega,2018-03-22 00:00:00,2018-03-26 22:42:49
2d429ce01053c817a12c0c4429931166,0965b209e76b9ac20f7dc673c735ade3,3,,,2018-03-08 00:00:00,2018-03-09 01:08:39
405eedb5fb8340267a8c4936e6367c60,d54aa60d2771d02a8d907974ed595fe9,1,,"nao chegou os livros, chegou suplementos e continua chegando suplementos.",2018-03-30 00:00:00,2018-04-10 18:50:25
9912b4aced1e39fb06471abd3a729f6d,09324a6d203673f8d0b62bd726f25a87,5,,Linda foi o tamanho que eu desejei...,2018-01-04 00:00:00,2018-01-04 23:34:09
587c24daa3ed645b3da6379069834741,29985fe387407ff7f6904b294fb89028,3,,,2017-03-04 00:00:00,2017-03-05 19:45:44
43c2d903bf31a05bf411ca7721f26501,f86e32e1a0770b05e7f1b098482cc6f2,4,,,2017-07-11 00:00:00,2017-07-11 23:08:01
bbc5daba3e04400f0ba1c99b6861b1bb,6e546451c98a5df5fccb147e1c68827e,4,,,2018-05-03 00:00:00,2018-05-04 09:16:50
0fb3a95a622cec781b6df04f751bdba0,fce8ff96dc39e6ad674a20032e22b435,5,,Fiquei satisfeito com a rapidez da entrega.,2017-09-19 00:00:00,2017-09-22 18:54:11
75b61b66c319d40ee664922d5b023dc7,5e434db83bb70a40ee87ceafd1164700,5,,,2018-06-13 00:00:00,2018-06-14 11:12:24
b556d50a332264879cd04f5a267efc48,00b47ee856118583dbec7d1f9b18d847,4,,,2018-04-10 00:00:00,2018-04-11 15:53:20
571c7393be84ebb3ee54a4428e4e571a,dfa1e5a290276c05629e2d4180ce6aff,5,,Entrega rápida. Muito bom,2017-03-18 00:00:00,2017-03-20 13:11:45
6564cf2900176fa104c5e1749f92d505,60010855666a66aea041b24e231cbf12,5,,,2018-03-30 00:00:00,2018-03-31 10:19:41
834ae56504ae6a4435fa962a0293de5c,fe97f3949cbc37b9ab48ac5769514cbe,1,,Sai mto rapido,2017-12-19 00:00:00,2017-12-21 16:00:54
b51731f02e742a7706c7ff6f0ab99fa0,24bfe29693d0dbabd5e08b3b3bf1064c,4,,,2017-05-30 00:00:00,2017-05-31 00:59:42
59a2981fe58ff6620e59ead6ba37f5a3,dcab0edc586a9707944e662c0ce7d3b2,2,,recebi somente 1 item do pedido,2017-10-28 00:00:00,2017-10-30 09:15:00
a4f7d83889d00e7642c347994d80dbed,18f3d3d3d8f47205c56d03799039c61a,5,,,2018-02-16 00:00:00,2018-02-17 00:28:56
f87434f2508ba62cd51319033ccd8c70,8092da256aefda13b330290d2ca86521,5,Entrega ok,Entregue bem antes da data!! ,2018-08-30 00:00:00,2018-08-30 16:54:57
07b1ed213293a801e607b783b1606c86,8dea767bef43a63174e344d0750bbb84,3,,,2017-11-22 00:00:00,2017-11-22 21:11:38
491c4c344e480ee66381f8af0bdeacff,692fd4925e0a7e3c946566b4626f0f75,5,,,2018-06-19 00:00:00,2018-06-19 23:25:52
45a86b05719c7c375b497c83a9837741,7e50d85d90ed82feaf9011470ce9e36e,1,Produto com defeito ,"Recebi o produto com defeito, com marcas de uso e o carregamento precisou de mais de 2 horas para atingir 40% de carga ",2018-06-23 00:00:00,2018-06-23 23:33:44
1d088b6ba50c1b4301f14727d5a3d4c3,512c6d2dd9904e8ce639b106a7689949,5,Colimador/ajustador de mi,Ok.,2018-05-16 00:00:00,2018-05-16 10:20:49
051bf0391c661ce3c04d96f9a56dc04f,51f15a10614267de8d770ec0ec09febd,5,,,2017-09-22 00:00:00,2017-09-25 12:55:58
e6d997a9eefec8b38ace473c14e35c11,e5cba854ed90614d4334d4c5fa4fcbcf,5,,"entrega rapida, antes do prazo",2017-08-24 00:00:00,2017-08-25 19:02:26
567b9ec648f69fa39c34a0cd428b3da3,be27c932495b78e00ca71c8022b525a6,5,,,2017-05-12 00:00:00,2017-05-13 01:14:55
36126db9aa32fd4183ee4a85b2a48e13,8fd853ced43959cc63ab4c1e06c6e7b6,4,,,2018-07-17 00:00:00,2018-07-17 20:45:49
a496e6d3e99974c0fbc0f5872cb97a39,397ce3ace09621efd4266efa5a17129c,1,,. Estou chateado com o site. Motivo em que o meu pedido veio diferente do que pedi. E estou com dificuldade para trocar.,2018-06-20 00:00:00,2018-06-21 00:55:37
456c0262972154db887e3414cf2a79ba,7a255b67322e2c359d3ed389b9f4695c,4,,,2018-05-26 00:00:00,2018-05-29 16:50:42
3390dfb4dd8d75097cea82a04bef3e44,97bc7ca0c3993c893f4fd5199e2ae2e8,5,,,2018-02-06 00:00:00,2018-02-12 00:03:18
ab41d5c85e463b4b6680c64d14bdb48b,e592e00712df4f05bd73ad01993c0251,5,,,2018-05-08 00:00:00,2018-05-11 19:32:19
fec12ed5ca0ae429dc59ab2ed442347f,ed8a6e0832d4fbbd240110423cd1b707,5,,,2017-12-15 00:00:00,2017-12-27 01:11:59
fab805766e56369f99d9171e1ff328fa,f5a52747a52ed566b63d20a717778698,5,,,2017-11-24 00:00:00,2017-11-25 09:55:31
148ada3b61456c2bcb1161f70d349a5b,1cf471f71a04b68d1cda071b51d7e391,5,,,2018-08-01 00:00:00,2018-08-03 21:15:01
af52387d887ec644f7caf4302308638a,6ee745e53a6ca0336b04b022ac01ac73,4,,Cortina bem simples.,2017-10-12 00:00:00,2017-10-15 01:32:30
484fd29f3983ccbef7ef6cb1f029b552,3443b7575b141322b9be5ea9ba71188c,1,,Ainda não recebi,2018-03-06 00:00:00,2018-03-07 00:19:31
82a9742acefb78082b8403b58eaae93c,c7da1b57f7d2251252370bc7d94168fe,5,,,2017-02-10 00:00:00,2017-02-13 10:27:09
a6ec8a4aa4c492d71508fd22f726a784,c82430e4a84f03b67cc2a82fecd873f0,4,,,2017-11-22 00:00:00,2017-11-28 16:32:28
8a3c5e89aafa0c3489d6715b75535aa3,aacae4c4d40057cea2f361c684f21c59,4,,,2018-01-09 00:00:00,2018-01-12 14:37:43
cc6af48c753f077232a8126d06a5f679,afd1ca4a245a9a04d0f8d5dc1ccb7ed3,5,,,2018-04-24 00:00:00,2018-04-25 22:43:25
686a307d922d7c2cefd49e51c74b105c,167dc2b0f73ab3c0cc069599ea571b68,1,,,2018-02-16 00:00:00,2018-02-17 10:09:36
33eb2ee176e44f6d0ba4aeca661444e5,2f2f32084f6b6ffff53044b351790b7f,5,,Gostei produto entregue bem antes da data marcada ,2017-03-17 00:00:00,2017-03-18 22:58:50
ad27061433d9451e63564287e50175ec,8fc359cc10f3ab99032248ef5f152d4f,5,,"OTIMO PRODUTO, FOI ENTREGUE NO PRAZO CORRETO E FUNCIONA BEM, SEM AQUELAS FRESCURAS DE TER QUE CONFIGURAR, SÓ USAR!",2018-04-19 00:00:00,2018-04-20 11:27:23
2961357aed5485e126a05fc91fa8e9f3,90bd4466c2905d7b5b56370149e62bcc,4,,Recomendo este vendedor.,2016-10-22 00:00:00,2016-10-22 21:10:00
5a4783fed868c7952f6edf83058333c2,31da6b20b9e1d1376bd442a0d4ad0607,2,,,2017-09-28 00:00:00,2017-09-30 13:49:59
a0d00f05ef7bb48ac2447aaa7d7a5a43,23858bdc4cab9cf5b5de163b1f12ea71,2,,O produto ainda não chegou!,2017-02-24 00:00:00,2017-02-27 15:10:32
31d12f1d26994fb028ea280aeffe82ea,185e9cacef8c11db7ae713ba0ac68895,1,,"A primeira entrega foi parar no vizinho, a segunda que estava prevista para o dia 19, até agora não recebi.",2017-12-20 00:00:00,2017-12-22 12:19:45
bb967c8f6d0190722a2293375fbc5cac,5cb1ebf7fc3436167b8c37a78ceed6a1,4,,"O produto foi entregue no prazo estipulado no ato da compra, porém, eu acho que 20 dias é muito tempo para a distancia entre o RIO DE JANEIRO e São José dos Campos",2018-02-08 00:00:00,2018-02-12 16:10:12
bbf976cf09a64bc6435c8a3be110f55c,f84c59e73e295a051c0dbd03c3f1216b,3,,Apesar do atraso na entrega mais recomendo.,2017-07-02 00:00:00,2017-07-03 00:04:54
00b90674df5acad6d8881e411b95b37f,a67f04f0a3022835f86664a0070fe36e,5,,,2017-07-27 00:00:00,2017-07-31 16:57:48
9300113ec58eba429a53e6a0f6ad552f,b8e17df0f313ac216d29c0683a83b992,2,,produto muito frágil. Não vale o valor pago.,2017-12-27 00:00:00,2017-12-28 18:12:02
550878ee097315d0a294566beeae5bc2,fdab24bf4e3d761c7072e39c69308da3,4,,Já comprei vários itens no site é sempre chegam antes do prazo e sem defeito ,2017-05-17 00:00:00,2017-05-18 01:16:11
b7153884528afb440677f8cd203dd9dd,81672c21ff06fb612df0660ff7d9ae06,5,,,2018-06-14 00:00:00,2018-06-17 00:26:29
834e886a46699dacb265fd1037e48540,eef98923f3fe58345e2aa0ff71f97bd7,5,Bom custo benefício!!,Chegou dentro do prazo e conforme especificado. Comprei 2 unidades e infelizmente uma delas veio toda amassada o que com certeza foi problema da Transportadora mas não tem mais em estoque para troca!!,2018-06-20 00:00:00,2018-06-21 00:12:18
540a78d58fed3d097433f5f7a5da3d37,7396bd5e3f3fc177970bbd41a676636f,1,,,2017-12-07 00:00:00,2017-12-08 01:10:32
71038953a8f997d0e6aecac3e76635a1,7d32c87acba91ed87ebd98310fe1c54d,4,,,2018-06-12 00:00:00,2018-06-15 00:33:21
3035334d62ab464d1e89bfc06cc70a88,96e84b24d3eb91311bd0c42171eb301c,5,,,2017-05-13 00:00:00,2017-05-14 15:37:57
44d06866a30a687872b8c92fec98eb7e,d7afb34a55fee792585830fc0509d1fe,3,,"lannister é legal, mas essa loja terceirizada tem um prazo de entrega de quase 1 mês. Afff...",2018-02-01 00:00:00,2018-02-03 20:48:50
7932aea471c08792aec0fed064004b1a,cb5ece4890234f69f2371e3179e42f73,3,,Comprei o produto porem ouve uma devolução pois não era o que eu queria. Ai solicitei o cancelamento da compra.,2017-09-28 00:00:00,2017-09-29 10:48:49
4a87bcda031a59d3309affa727480cc0,bcaa7f7240deb32b0410ee6cc085d9b4,4,,,2018-08-15 00:00:00,2018-08-16 10:20:27
f7b42e381041686fbcf473ff5bbef841,7c666dfeba44ed20c9ad3f4b3d7c5e8c,5,,,2017-12-15 00:00:00,2017-12-18 01:07:48
91f981d522a4f97db35bede506a37423,5e4c2650ce74cf8e53093dbc89e6d2ae,5,,"Chegou no prazo ,porém acho que n tinha o que eu pedi e veio outro modelo .Mas mesmo assim estou satisfeita ",2017-12-02 00:00:00,2017-12-06 02:38:23
458bb5b72705aa589cd5cb3aa43b0dca,8cf61a0f8eed49e1728caab2510e796d,5,,,2017-10-21 00:00:00,2017-10-21 20:53:02
c1eafecd9618a64f44c64c7723570716,721b6eed5d18982b6869d2b1440e0fb2,5,,,2018-04-26 00:00:00,2018-04-26 23:41:31
d2c58bb2255c9f625665f5ce784aed5e,e99cec5edea38be65a806b88a650b2bf,5,,,2018-01-20 00:00:00,2018-01-22 14:16:44
1dbe272d8884775c73d0d164bd1ff844,6a0a8bfbbe700284feb0845d95e0867f,1,,,2017-12-13 00:00:00,2017-12-19 22:50:36
e6ac16e46670515369ec6cce613ca3f4,d7ebfa9a59497087b6f2383f00689fcf,5,,,2017-11-15 00:00:00,2017-11-16 13:39:02
ef21bf06670dd26080e74b5b0da55642,30f9680e12738190e2910a6f914f1703,5,,,2018-08-01 00:00:00,2018-08-02 01:58:43
74c02922aa4b9e16f6f6d8e0a44ac980,e703b57c60a71b0b7cae20a5209efea2,1,,,2018-03-22 00:00:00,2018-03-22 15:56:27
0f4b8b4974ab4837c4b3806a9a435be3,87440684f2020256690b3267299053f6,5,,,2017-05-18 00:00:00,2017-05-19 10:42:15
28f5afc6eb4553ecd0d97dacb35a0f70,dfaf7d1351211f9eda13848b34364c9f,1,,"Comprei produto da foto e recebi outro bem inferior, me sentindo enganada. Sem respaldo para devoluçao,",2018-01-23 00:00:00,2018-01-24 01:58:15
1d6451c16e2dc8f9d296c9b972951733,809366b3993149432934a82e6e5b71d9,3,,Só que o produto veio com um nome o qual não estava ciente.,2018-02-08 00:00:00,2018-02-09 00:56:51
ffada8164196a957f3f045a64795cc2c,a664490883c0131d7eca5cfbe6794aa0,5,,,2017-03-22 00:00:00,2017-03-23 11:25:34
8e4207488174b7e97ca5d69a2a429b8f,99d3df1714b20b9eb9734e731927379a,5,,"O pedido (como sempre acontece quando compro no stark) chegou antes do prazo final, produto bem embalado.
Gostei muito ",2016-10-20 00:00:00,2016-10-20 17:23:54
d010ca0990cbdae4ae77277ec6da8779,37b9ae736e1038316332953137270003,4,,,2018-02-06 00:00:00,2018-02-06 14:11:12
9b7f186bdb84e90acc8ac7af8a67016c,17421d31a07ce8e9c61fe6b1adecfdaf,2,,produto chegou no prazo porem veio quebrado,2017-08-05 00:00:00,2017-08-07 12:26:40
2eea5aa136d10c1258a6ac304cc235e8,7430885c75f59ac3b7526e69a5a21e98,5,,Produto atendeu minha expectativa é chegou bem rápido.,2018-02-28 00:00:00,2018-03-03 10:46:02
e060e112a9ccab86b841207449587e2c,71400888e53ed1698734799716d213f8,5,,entrega ate antes do prazo muito bom,2017-09-20 00:00:00,2017-09-21 23:53:27
d60d0d61516eb8d723c91c340a1a5a4f,558266bfba11bf9a23f7634ee0657f43,4,,,2018-08-17 00:00:00,2018-08-18 01:15:18
c2d4c743f59da4387c683f290290395f,2d3dbe1773426d039d73770335867829,4,,bom,2017-09-26 00:00:00,2017-09-28 18:25:18
89229ecfab701ba433e52b3b5ddadd4e,3bd3b4d482f916c2c9662b8da6f2758b,1,Produto usado e revendido,"Meu produto não veio novo, veio embalado em uma caixa de sapato. ",2018-08-21 00:00:00,2018-08-22 00:59:19
0b06fd97dc4597335da253f8817d65ae,9b63264625032f8a1814eca453114f33,5,,Agradeço foi bem recebido e rápido parabéns adorei o produto é muito boa gostei. ,2017-05-27 00:00:00,2017-05-29 15:55:50
267800acab32d0237fe6e896ff6fbd15,9d578363f05f0a4f13c35ca532f88192,1,,,2018-03-18 00:00:00,2018-03-19 10:20:40
718b968d6be4cab5fed4b383891627e5,6813f213a0d422a84a0e231bffc5fda8,3,,,2017-12-05 00:00:00,2017-12-05 20:16:44
8eba4f40fde16edb160237f9d68a4176,4cddfa3db1f20697139ba4a46c4fd399,4,,,2017-08-18 00:00:00,2017-08-20 19:24:55
1bfc4b53366240a2a61aba17221ef712,4780bb3ca4c85d0e4dffd6cd2b6d6201,4,,,2018-08-24 00:00:00,2018-08-25 00:31:42
9bda37a2ab6d11edfaeedf0de9409ab8,a4cadd13645cb16e2e4252ee2e39dd80,5,,,2018-01-30 00:00:00,2018-01-31 20:40:30
8a93dbd1fa144865b279458cadd89937,14bbe584b52d7f29efcd5d8b5553af3b,5,Excelente,,2018-07-28 00:00:00,2018-07-30 12:58:42
e1c31b6aa2c3dc1408525ccadad9f4a3,7be91eab3dac2edd89fc7f519e1649f5,5,,,2018-06-30 00:00:00,2018-07-24 18:37:41
a26b3349b3f062aa89fe6e0aa8f51f7a,9b53b66ca7d27b4c0ccf5ba89af00bd0,5,,"Bom preço, e boa qualidade. Testado pelo Inmetro.",2017-06-30 00:00:00,2017-07-02 04:04:57
a9a73dea9ae5b141f52d829436b0734c,3ab7017ae596ec8fae78b7232580a0a8,4,,,2018-01-12 00:00:00,2018-01-14 20:00:07
c0890980df6af6af4f6864c08fba5406,bef797897a2dddfbb08f9dff9c5ef7b7,5,Perfeita,Otimo trabalho super recomendo ,2018-07-25 00:00:00,2018-07-25 21:42:33
4be4a1c87b3d583d0b014f4f16d48ab5,b50950170914e4e305ce324278513006,5,,"produto, ótimo, adorei, lindo, sem contar que foi entregue no prazo corretamente.xxxxxxxxxxxxxxxxxxxxxxxxxxxxxxxxxxxxxxxxxxxxxxxxxxxxxxxxxxxxxxxxxxxxxxxxxxxxxxxxxxxxxxxxxxxxxxxxxxxxxxxxxxxxxxxxxxxxxxx",2018-03-29 00:00:00,2018-04-02 17:53:45
5fd113ec555d6b350cf5ed5f7c823c14,4f6e7f64edf1a47b80bf8d8645fc6d3e,5,,,2017-09-09 00:00:00,2017-09-10 03:04:14
822f239dac4cfd170caed88728ae4f51,c8d07bf0161cd0a2aacc163c238f397e,5,,Produto entregue entes do prazo.,2017-07-14 00:00:00,2017-07-16 23:28:41
9151da25b0cd5cbbf52ac43070e7f3f0,8effe67a72c715f926a6dc1a616a5ea9,5,,,2017-03-10 00:00:00,2017-03-13 03:52:32
b7a668fb5cdf6417c832a30d19e45f24,9b9993961d216f751b2b4cf2c85e1e85,4,,,2017-06-21 00:00:00,2017-06-22 13:45:35
7b5445ff02f3d6f59b01e23079b42ec0,1b2e46dc89f67428df456980ad2ed5f9,4,Avaliação,tudo nos conformes,2018-07-26 00:00:00,2018-07-30 17:09:34
b4771479484ff644bd9eac021f7e0ef9,722e56aaea810aa3e171228dd28f37f4,4,,,2018-04-24 00:00:00,2018-05-02 21:34:59
e69b08b84f3e51c2a270f77af66e037c,6b901164a6a34cde6b892a1a3c549294,5,,Ja comprei 2 vezes e super recomendo ,2018-01-09 00:00:00,2018-01-10 01:04:17
9a93eaf9096a3c50bba848e77b786743,6c04516be61ae90e04756c3290c405b7,5,,,2017-09-29 00:00:00,2017-09-29 21:11:45
10766d2696d4d0ef0da4ca69143254c3,a1cadef58ea9a00d7e27089a29644883,5,,"Muito bom, está ajudando muito meu filho...Recomendo ",2018-03-29 00:00:00,2018-04-01 11:30:12
9598730ab63e6e66f4978d3f944d951d,a523356c905fa032d024c70affee0897,5,,,2017-10-28 00:00:00,2017-11-02 14:19:11
96db473206816e419244532b88ec4211,829f7b42460d760ab4f2c03faf6534ee,5,,,2018-01-23 00:00:00,2018-01-23 21:48:47
3355473a012231abb01befd29a5286d4,5a85ba245a3a3bcb21334e761e0ef1a2,5,,,2017-09-20 00:00:00,2017-09-20 22:21:47
16b3b72c91efd9f3b0bfa97baf28df16,aff32ddeb1d4fcd7baa9d10d9b5941eb,5,,recebi o produto correto dentro do prazo,2017-07-25 00:00:00,2017-08-09 16:43:08
d18a58064528c82b6e08559ec04dc7a0,48614d2cd50444dc19b6585e6398bf33,5,,,2017-12-30 00:00:00,2017-12-30 17:13:33
feabb1ba2d5024a5a2e590bda08ecb9c,0a098ea7aca0cfbc728417697c86e807,4,,,2018-03-31 00:00:00,2018-04-03 16:48:23
5445f00741b5fe53315debf22fcf4cea,06d1315b8f0db57ee04b47b21db6626c,5,,,2018-07-28 00:00:00,2018-07-28 22:03:05
3eddc55bec39855756063034146cc09a,a57e4cb553fb02d95f5acfab1d068804,5,,"Recebi super rápido, e em ótimo estado. ",2018-02-09 00:00:00,2018-02-13 15:49:44
3af947b73576f0084848f77f5fc96b6b,102ea4043e0c7b678470f26f0a726e57,3,,Produto de boa qualidade mas que não serviu em minha cama. Já fiz a reforma (pensei que fosse uma saia e não um tecido interiço) e ficou bonito. Prazo para entrega muito demorado (30 dias),2018-04-04 00:00:00,2018-04-06 15:07:36
1be9014dfccac211bcf4fb694d1c6e72,43c20095b0f5f569fe0d24426cf8a7d2,5,,,2018-07-22 00:00:00,2018-07-24 19:06:57
e564f024264dd5fafdcc532880c2e118,7d448da1a22951eccabbaf1d9b380f91,5,,,2017-08-08 00:00:00,2017-08-12 14:08:34
7911240a746880bc112ae6afb6c0b33c,903b1832e250deb0b1724a7be13dd5d7,3,,"Comprei o produtor para fazer meu curso de barbeiro, enquanto estava cortando meu primeiro cabelo, apos o uso da tesoura vi que ela era 6.0 e não 5.5 como no titulo do produto adquirido.",2018-02-07 00:00:00,2018-02-09 18:20:23
03e54ce39732919a1a77ca1b74aa94ca,4f07b37dd214946af6cb26405ca91727,5,,,2018-03-29 00:00:00,2018-03-31 00:36:38
137c2c5455554b202be5ed59e23e8c22,ac5a06cf04a02c5c5ec9f09f9db3ddb9,5,Muito satisfeito !!!!,Produto muito legal. Igual à foto !,2018-05-24 00:00:00,2018-05-29 00:24:08
c7c4a00e68fbd32230f356ef69725652,cdde449c1dcdc9aad3adc07b6de6659f,4,,,2018-04-27 00:00:00,2018-04-30 04:05:09
3716b631e340f9b637561eb1a11aa8a0,fb75871974a19244a87fcafde416f747,4,Atraso na entrega,,2018-05-02 00:00:00,2018-05-05 11:40:55
d8dd4c9e516383836b7ab117b89dd266,0f286dcb49da58061b9ae488027e4033,5,,chegou em perfeito estado.,2018-01-30 00:00:00,2018-01-31 12:01:39
b4b11d5e7cd7f84031aaca51b7eae7c4,c9cb31bb489f9ed567f42b13d15d8d28,5,,,2017-06-01 00:00:00,2017-06-02 04:21:04
0a695a98ff4317ff54595cbd552896b9,ed2e531820c09c6a5dd68fe295484148,5,,Entrega rápida. Tudo certo.,2017-11-30 00:00:00,2017-11-30 21:34:13
d6bf983da0f6fefaf09f45429abd0553,5be9662cf57b643907e692632ff63fdc,5,Recomendo,"Excelente produto, chegou rapido e alem das expectativas. ",2018-06-07 00:00:00,2018-06-08 17:11:21
356452100e1dc9532738515511105910,45d0086d88024df86e193e5bf86bc989,1,Quantidade errada,A loja deveria prestar mais atenção nos ítens do pedido antes de enviar ao cliente.,2018-06-20 00:00:00,2018-06-20 17:20:28
ddca3523ec355569960c6219cc22a28c,24df3585323f6a191abb565d1706daf2,4,,,2018-08-29 00:00:00,2018-08-31 12:10:36
71da3833adeff48b17bc979fe9cc4f6d,296487514bc938361dae8cac848688ac,5,,,2017-05-04 00:00:00,2017-05-05 14:21:35
62fd6ed19b5dd6cf961d2e510426b1fd,6c3135486d8821b2877a0f8d92095a6d,5,,,2017-02-24 00:00:00,2017-03-02 21:14:36
c1b328a15bdeac75f77c6d113800b078,fd26a8e314b26ecd3011f9d6ec17e7c2,4,,,2018-08-17 00:00:00,2018-08-18 05:29:55
64d342f8c5f00d2bfa25626afb1a0939,b7c3462b308e3d9d375ba7d120ee0893,4,,"Produto entregue em boas condições, numa embalagem bem segura, no prazo informado. ",2017-04-21 00:00:00,2017-04-24 14:13:33
3e61eeb57f9e43e0d9174bc39a2ffdf0,f01cedbfe57601b0145a8331f8289138,4,,"gostei muito,melhor do que eu imaginavam.",2018-02-20 00:00:00,2018-02-23 01:38:28
d92f2b24f3dbddd008bd60bc4faa0772,4ba358a699bd2f33121fd4789d1e7a23,5,,Muito bom o cubo! Veio rápido! Meu filho adorou ,2018-03-20 00:00:00,2018-03-20 22:29:25
9f80d2e72ba1dbb0ce861f533ce85a1f,d5d389d5dac0ca10a385e00351eda2d6,5,,Produto dentro das expectativas. Bonito e de qualidade.,2017-05-20 00:00:00,2017-05-23 14:16:14
9d3bf3fdd815aec81c2d3a8b68d9ba90,f7a0b8c521ea81bf3536ad4ef99fd376,4,,,2018-08-29 00:00:00,2018-08-30 00:35:25
495473c0d2a115c80943e26262193445,eb4067cedddfc4c3f7e9616456fc70af,3,,,2018-06-29 00:00:00,2018-07-01 23:35:17
ee37b504ec6746ad2b89984fffb5e4dd,d8c3814df9c4a328159b280e60a59486,5,,,2018-08-22 00:00:00,2018-08-22 22:30:02
a4c6296d07ac95caffb947e114f5a115,ef29d8249c4f5670c259bda87461e3e4,4,,,2017-09-23 00:00:00,2017-09-25 11:00:54
e8b6b6a101a2ad88a09cef54d247dc21,82e321af7534ba70a73929d2e4c2cf36,4,Produto entregue ,Entrega no prazo,2018-08-11 00:00:00,2018-08-14 13:52:15
5a95550cb070ce36ddc6fa170459261a,d5ba4800b58a75d721450cb4ce724015,5,,,2018-03-29 00:00:00,2018-03-29 23:25:23
5202d158a6c98f511ad5b5157d44d90b,7897a7a7d23ab1fcc1811fdc75abcb47,5,,,2017-06-21 00:00:00,2017-06-25 01:18:02
24a99d709054e765ba07fa20e4750d86,78cdcb172d0131f82c621d36e496db8d,5,,,2018-08-12 00:00:00,2018-08-14 02:30:32
bbab2720095387225a74d09b513e3994,889ebd7e736a2888d5157b4a97303bf5,4,,,2017-06-20 00:00:00,2017-06-29 23:27:38
fec579f649a667985660527df00355d5,38b0b2a81ea0f8c9feec0554fc6cc3c7,5,,,2017-11-23 00:00:00,2017-12-11 19:32:18
c9764bc70fe95bbb84e6b132fbb56344,e9dc230425f2e6480a1ff929cd2582d5,3,,,2018-03-24 00:00:00,2018-03-24 11:49:06
c26f6976875eddf50e72f7700c989b20,5911ba3eb3648e7f6f55ebbed69f5daa,3,,Nao poderei avaliar a empresa como recomendada ou nao pois ainda nao recebi o produto,2018-02-17 00:00:00,2018-02-19 03:59:43
abe566d788ef42251b5e721d631adeaa,5ebce795f868b14058961eb09ebf1cbc,4,,,2018-03-22 00:00:00,2018-03-26 14:24:59
c187d8c89acc72df7186a830f9fa18bd,7c2484624f578a3a2598f6192b66db93,5,,Bom,2018-04-18 00:00:00,2018-04-18 10:08:26
89945aea0d4b4dafb7c378a1c302a820,2b83df43770dbcfe61c406dfc453068c,5,,,2017-10-12 00:00:00,2017-10-17 13:58:20
276bdab790a7dd1a0a938e154de1b420,17ba08ab21ccbb0c886139aa8557ca7a,1,,"Foram pedidos 2(dois) suportes para duas TVs e somente veio 1(um).
Aguardo o segundo suporte.
",2018-04-05 00:00:00,2018-04-05 23:19:03
d220b1479530fc8ecf330d3dbc1652f0,55a3ba5076175f9373b20f92dcbc5abb,5,,,2017-10-05 00:00:00,2017-10-06 23:22:28
93a14603ae1301f4d619609b73b57100,90ee67e34c9289cc136a3677fc118253,4,,Um produto dentro do prazo e outro atrasou 1 dia.,2018-08-18 00:00:00,2018-08-20 00:05:32
75d2f04821ef4a4aace41e6fe43f6879,95ca5e38f67d0f792b4fa38683682a0d,5,,Produto de boa qualidade. ,2017-08-27 00:00:00,2017-08-28 03:15:30
6ad072dd712dc5badc8388ba5c04e968,0fb3b7bbfc3693b115aa62a83fad2714,1,,???,2018-04-05 00:00:00,2018-04-05 11:51:38
ffaec00559203f211acf01f6ae071684,1be2169eef52cc58703803ad5f6da567,5,,Bem antes de prazo.,2018-01-04 00:00:00,2018-01-04 17:17:06
751a87a34a5e686acb96adee6f435df5,01978b8bae8292ffb4cee6abdf9b9089,5,,,2018-01-04 00:00:00,2018-01-06 13:30:50
6ff310dff9f8c461e0fafe2b92023daf,9c990d5aff064d220ea8962a5d97f4a9,5,,,2017-04-02 00:00:00,2017-04-06 14:18:39
90f59eb6eb7d8b124f75ca12854be2f8,5df16667b4591b93ff7b1930d8b7da36,1,,"O produto veio sem os suportes laterais, já enviei 3 emails e não recebi nenhum posicionamento até o momento, muito insatisfeito, falta de organização!",2017-07-09 00:00:00,2017-07-12 01:51:28
e25c81aa0eee460b1d12501c7b928c09,babc844d408abfa49b0c875fcc3738d4,5,Tudo certo!,,2018-08-28 00:00:00,2018-08-29 10:32:28
0591f23c80d0bf2759481fd2cd9bc67d,a526fe23020ad8b0d2b1081b7f769452,5,Maravilhoso ??,"Eu amei o produto e comprometimento com a data da entrega,chegou bem antes.
Parabéns",2018-06-29 00:00:00,2018-06-29 16:34:52
8ba6a4b4b24d6172b8ad097ebab1f292,249ec92a8757d3abe81210827a19f08f,1,Ausência de informação ,"Ausência de informação sobre o produto induz à compra incorreta. Com a ausência de informação sobre tamanho da camiseta induz a pensar que seja tamanho único. O produto recebido no entanto, era P.",2018-06-20 00:00:00,2018-06-21 15:55:33
8d77652bd17f07720f109d1eea6bf503,291db83cebe0c7179310b62e0a7e2714,1,produto não chegou,ainda não recebi a encomenda até agora!,2018-06-01 00:00:00,2018-06-04 19:37:12
ef7275d190293455b245e0322b0558a2,a5849d6f70582d4c5217bac6616a45fa,5,Muito bom ,,2018-08-21 00:00:00,2018-08-22 01:12:20
f2ad61d878ee0aa6d5385102bff4b76e,c79d89949e9c0c15257737ad928cd954,5,super recomendo sempre,"o produto chegou bem antes do prazo marcado, por isso prefiro sempre as Lojas lannister.",2018-06-12 00:00:00,2018-06-13 15:41:22
bc1d6c7deaf13df1fe6e42db7ed0cb1b,2305266a492129ca55edb82b218cab72,5,,Perfeito!,2018-04-12 00:00:00,2018-04-13 10:16:19
36b22a9502a09e7c1249cf9baa8e8811,af45c3a8c24539daa13f4ca8d2868464,3,,,2018-05-16 00:00:00,2018-05-17 16:21:09
2edac6b60460b3b4989c72bd009e8fb7,6ad40910813e5836d9698b103b222e65,3,7,Não gostei porque tive que busca no correio nem entregaram na minha residência ,2018-08-02 00:00:00,2018-08-02 14:38:23
7ef1d2db3222e90b1636c68b63152eb9,87de7ee4012989d6126fe09989746eaf,5,,,2018-05-11 00:00:00,2018-05-15 13:16:54
4409e8826277900f6ad6dc7b33422f65,d0f2eab6dd80aa594023f8ed3bd024be,3,,,2018-08-29 00:00:00,2018-09-01 03:13:09
5f8884f89aa21b0c12a0ce6c48ec7bd1,76279ee78a4924f44a3a83ef23b169b8,1,,"consta do histórico de rastreamento da entrega que eu recusei receber o produto.
Como assim ??!!
ABSURDO !!! O PRODUTO NÃO CHEGOU !!!",2017-03-19 00:00:00,2017-03-19 11:32:46
4c3e73782790b5fd56cf8ac043fe027c,32f7f9fd01c6b5592202b48442caa441,4,,Gostei muito do produto e chegou antes do prazo.,2017-08-23 00:00:00,2017-08-23 21:51:48
1fa371e55760b49616648d7a22f2578b,454b6ccf9f8f2c12b3a00ee763e027b9,5,,,2018-08-25 00:00:00,2018-08-26 01:57:04
3352077e013ce9ee9b68fad14c9539c5,6d885151b431516792fbfc7d393c90cd,4,,Só problema é que não avisa que é preciso ter um cartucho ,2018-02-08 00:00:00,2018-02-09 09:45:00
823ef5fa0b9daa8d48dfeb833cae1d59,7093b7177380b099eb92c2ab46c6f10e,5,,,2017-04-28 00:00:00,2017-05-02 17:38:08
8fad593448b6b49d56d78f345995a62f,c02e19b57ca332a2dd2e61ff8b2f07ca,5,,,2018-06-26 00:00:00,2018-06-26 23:23:31
f65fe4cdfa36972bf5e56483eac08f7b,93360105ca495a4a0a6f794ceb678ffa,5,,,2018-08-21 00:00:00,2018-08-24 14:40:18
d639ed96841449e74764868c29f47b49,8c5c95d76d1bd802cde533288848d786,4,,,2018-01-30 00:00:00,2018-01-31 03:11:13
949cc0583cfcc420850304c66c32b8bb,1dd524259037e53865e1fbee3697183b,3,,"Faltou o kit do teflon que foi cobrado $10,00 a mais.",2017-06-24 00:00:00,2017-06-27 10:42:16
b283b8e6a1508056c5f5fe2ef53e00bb,707b67c6036569d9eba912e2c8609ee4,5,,,2017-04-06 00:00:00,2017-04-06 21:36:43
a4d3dac901780a12b3077b8867383ae4,b2b7043343c97ca1dfc624e1d71e43df,5,,é o meu queridinho para um dia de bom humor e treino fácl,2017-08-11 00:00:00,2017-08-14 13:17:36
cf178b3c1b57b3df5c75a1aad36260e1,5ca6beedce6f32eef65de17a1f81d50d,3,,,2018-08-24 00:00:00,2018-08-24 23:47:20
d2666173a07103ca603da0f1aaf15955,ea9215d79709bb4917f0d0976eb91d17,1,Não recomendo!!! ,"Comprei um cartão Micro SD XC I Classe 10 e recebi um microSHC UHS-I Card, que é inferior. A imagem utilizada no anúncio ou é p/ enganar o cliente, ou o produto errado foi enviado de forma proposital",2018-06-07 00:00:00,2018-06-08 23:48:54
3e707ac204f900b061516dfe6d4342ec,e5e7f892785fbe21a339bcd77efdae86,5,,Ótimo produto é boa qualidade.... indico para todos comprar hein,2017-12-08 00:00:00,2017-12-09 00:57:04
bd19295b358180efdb4421feef816768,3dcba6a4791ca82b9de4b0590404b27c,1,,"Ja recebi os outros produtos, que comprei junto com esse. mas esse ainda nao chegou.",2017-09-05 00:00:00,2017-09-06 11:57:27
4f4ae27e87e348c0418597121d2a2758,1c05452697a356ff98c4c3391e207ab6,3,,"Falta de organizaçao, o produto veio incompleto",2018-02-08 00:00:00,2018-02-10 23:12:19
eda256f0fd8435029ae40ad550dc0b9a,6108ae9acd8ee0ffd527598b9ebc6acc,5,,,2017-06-01 00:00:00,2017-06-02 00:22:14
d99de504fa4d83630c4489d197595d4e,dc15d43ae100ecc5bac78d9e974af643,5,,,2018-08-28 00:00:00,2018-08-30 20:48:23
663acab499be182e3ec3213b6bdf34e9,70b9629a764d2247cf5995014b7204d2,1,,,2017-11-02 00:00:00,2017-11-03 14:21:10
194e10a71dc479e70b2086e8224af9eb,4d4c65feca16bc9de359cb5d4feef10d,5,Ótimo!,,2018-07-26 00:00:00,2018-07-26 23:21:18
f8ed4445c8281b9a57924fd70037b7f5,883f2b96f6b6c7dde2a3369487fb8730,5,,,2017-10-28 00:00:00,2017-11-06 17:17:10
01aefd77475920a5d9689bba5c28f6e3,a50f9f0c6dc14bdf95d5621a5bd6b80b,1,,,2018-03-11 00:00:00,2018-03-11 18:21:59
f4c45c40809a44ae0b2ca81d936bf2f4,aea446ff4ed3972ae041cdad9d4bc2c4,4,,"Sem problemas,tudo certo
",2017-09-29 00:00:00,2017-09-30 22:46:43
700b427310c1f79e19e6e4f939a890c8,63f040d4a7b09c928627e309f6c17552,5,Super recomendo,Trabalho de excelência; pois recebi os produtos bem antes do prazo.Obrigada pela agilidade!!,2018-06-26 00:00:00,2018-06-27 11:55:07
4dc19c580a08521cc0ffc2a637a60e7d,cf785a05b67a9d6bc87e8cb56ec94e77,1,,Não chegou estou esperando ,2017-12-01 00:00:00,2017-12-01 09:04:49
7e1a9652eefe955b0b35c7f5bbd7a556,c41d48eaf09ea5de1864866821efe3c1,5,Muito bom ,Gostei muito da entrega rápida ,2018-06-21 00:00:00,2018-06-23 03:55:59
30be0608ee4d4f31672573774697dacb,abd3a8a610f747206145a94c4ce5e0f0,5,,,2017-12-16 00:00:00,2017-12-16 15:00:54
d15c690c38e869a317e9e50fc783d78b,811ecf2dd75f2d765763c2c20c539cdf,5,,,2017-11-23 00:00:00,2017-11-26 11:15:48
4c35d622ebe1036be0f28117f902b008,a0cd5eaf9f92718cdd22216a1c8bb103,5,,,2018-08-22 00:00:00,2018-08-23 00:35:23
9a4c7bf923f4eb37dde6a885aec2ad84,af9590febcbcb2c619ddf09330abc567,3,,,2017-11-26 00:00:00,2017-11-26 18:17:40
18d6a848c01307821329a7bd66eb2517,b19729f4717938d651f26d5f33dffd72,5,,,2017-11-30 00:00:00,2017-12-03 15:47:26
20105dbe8abf1565098390c8682d59e1,92b6be4c73b22c23eefaf4a517456d7c,5,,,2017-06-29 00:00:00,2017-07-06 00:54:31
31a66eb31a6af97944b404782dda88b8,5ab5ab13fd02495f204ffe2724aecf49,4,,,2017-07-29 00:00:00,2017-07-29 16:14:52
b82479c0f3457851b774fe67a95ab137,c05f8f8d85ec06af1b5de0baa7050f4e,5,,,2018-08-16 00:00:00,2018-08-20 17:15:45
ba094fda1fa4427a329c2a39adddaad0,f11d659584813daadb19252b9659a670,5,,,2018-03-22 00:00:00,2018-03-23 14:12:21
5f0baf50483e2ae8a66be589773d9f7d,0a6e242b5cf18e140304453da637866b,5,,,2017-12-28 00:00:00,2017-12-30 17:11:07
27f17c9150d7367f41de88be072260a4,c5f6d3ac0511ed9303df3767bd834100,5,,Chegou antes do tempo,2017-11-17 00:00:00,2017-11-18 01:01:54
eca8c6811b77dd9ccc303c5cb4374b8e,721ee49ca54fe5b73b1871b5e4cb1f57,4,,,2018-07-10 00:00:00,2018-07-16 18:45:33
a1dae4732d7c20a3378411f23b9dbf6e,088858a852d62de0c175c9cc4bc0ddb6,3,,Entrega muito eficiente ,2018-05-18 00:00:00,2018-05-21 01:30:19
e0019ab7c4d0ce1a22aaf3688d5bb61f,f2228e3e55ff956909ad7750f08516fd,5,,,2018-04-12 00:00:00,2018-04-13 11:09:23
d0367a08081279f82deffd5458b2239d,ee9881886ccdd7fb25bf631d38c0fc35,5,,,2018-08-26 00:00:00,2018-08-27 22:11:00
381288331877d8056e8fe7c3e1aa6866,e1fa2787ce8e0bf4ddf128a263acad6c,5,Produto de qualidade,Produto de ótima qualidade e recomendo a todos.,2018-08-17 00:00:00,2018-08-18 00:50:14
435babfffdbb66968db2d3b363c64598,8fabd912f4e4dd0372ada8ca6633a738,5,,,2018-07-27 00:00:00,2018-07-29 20:58:39
8c3f54a1cfff854a89b86fb63abd2cdc,e19274a19a1bd491db0a6eede0c09846,5,10,,2018-07-13 00:00:00,2018-07-14 10:58:53
52336e203833e82b72d43579850c2c57,3341f48b8cd985f52c4cf432a582efe1,5,Muito bom !,,2018-05-06 00:00:00,2018-05-06 23:10:44
9465a7ab04d2e253e4e5a38a2f4046cf,0718634f87a84ae0468224ecca3584d1,4,,,2018-08-25 00:00:00,2018-08-25 20:25:22
6ea9c8549545c1131ebe64fd85ba23f6,2982a4a9b9ff0bf9a4f5b88a45a6fa67,1,,Eu comprei o produto no cartão.A venda foi realizada e dias depois a loja cancelou o produto e estorno o pagamento ,2017-04-15 00:00:00,2017-04-15 12:38:46
b32cccac54ee3cf9d0aef0dc366274d7,8fb4e4bd46f9802e9179726dd20019a5,5,,,2018-06-08 00:00:00,2018-06-11 12:25:12
54c2f9bdf579ce646f702acedb24e7d4,e0ff8fbdba29b1192269bb50ef72245e,5,,Produto conforme informado.,2018-02-16 00:00:00,2018-02-16 20:09:00
94b7a978209d8540037fcad648624562,43ad25e09be659b55ed165e2dd94f360,5,,,2017-05-10 00:00:00,2017-05-13 22:22:37
e9b5b1fcc16f68ae96ea72ca4753db01,458a9e03559c123f3ec5759e7d9cd4dc,5,,,2018-04-26 00:00:00,2018-04-28 19:46:24
ab39601f0ab7449e0246fe666b94c87b,11a6156f787eb963fb211db50db44d99,1,Não recebi ,Ainda estou aguardando ,2018-06-06 00:00:00,2018-06-06 14:51:01
67b438389a7a3bcdf59ef2374d8423c3,a34f7357d374e2ef18edb18881327a0e,5,,,2017-12-24 00:00:00,2017-12-26 11:16:25
b001e81a0265dcc5c64cf011157c6fd5,06c07d5b2696b9631375e2877c955b3b,4,,,2017-11-14 00:00:00,2017-11-15 01:18:15
697ba8d58ffbf4c6231b1f5cb86d8d04,2f1142c1bd6a656c18928bd51215565d,4,,Produto entregue no prazo. Recomendo,2018-04-14 00:00:00,2018-04-15 12:23:10
c37eb0dce4e43f5d7fc6e98d877127b7,1661423345a0ae07b17e433cf752e17b,5,,"Entrega dentro do prazo, e o produto maravilhoso! 
tudo ok.",2018-04-10 00:00:00,2018-04-11 10:47:21
d99d1776a960296d9cedd5f7ec3943ec,7852c8ab608aef3bef7d6521357dd67d,5,,,2017-09-15 00:00:00,2017-09-19 00:04:21
9c34f4cc04533c285448f9dc1caaca14,4427836afdab8880f5ac2b25c710c822,1,,Estou muito chateado porque eles me falaram que ia me entregar o meu pedido até o dia 29 03 18 mais até agora não recebi ,2018-03-31 00:00:00,2018-03-31 04:45:12
dcc344fb49dc0c71ee078ae43f33c258,364578a2d4829f6a7aeccb9f1e25f5be,5,,,2017-10-18 00:00:00,2017-10-26 19:01:49
af309b3491c576ce38796cdc38a2974d,fa1504a98e3482c59bb07d3024a15b14,5,,,2018-08-17 00:00:00,2018-08-17 23:35:07
ef9b5443115bdf8335a7f65a5c0bc4af,5494d7febdfd2f93ebdb691782d56f02,4,,,2018-07-14 00:00:00,2018-07-17 13:36:15
d2b0b513bcc6a0a6f268bcb52b711aae,dd71d407875ef4dd2c29c8eabd2bc56e,5,,"Excelente produto, não fica chiando, gostei",2018-04-25 00:00:00,2018-04-26 10:00:47
7e0c87e8ff306146ef6dc005938cd146,552e0a8dae101e32155120202f427b71,1,,"Parceria péssima prazo para entrega com + de 2 meses, acabei cancelando o produto, felizmente me devolveram o produto.",2016-12-14 00:00:00,2016-12-14 15:30:14
173274a1b4d7960fc516459fb7484b17,81a4a5d32cb95aad3ce81680b8634b11,5,,,2017-11-05 00:00:00,2017-11-05 22:11:04
2ccf70601b633def8194d34534c037b6,eda22ec044e1100ad6ac68b6a93afff3,3,,,2017-06-22 00:00:00,2017-06-30 11:09:23
34b9f09071315d7c1bdae6e185d8b96f,c02bcd4d35c9e36597256b02d86d33cd,4,,O produto foi entregue corretamente e dentro do prazo.,2017-03-21 00:00:00,2017-03-22 20:28:23
0af39fc45258df52756034e87d166b5c,6573371c19a6169b6ec350eb61b8cea1,5,,,2017-11-22 00:00:00,2017-11-23 22:58:20
2c41cb1a215577bf169960531fa11b7e,2aa34343b80af35eb485d6511edf7a1d,4,,,2018-07-21 00:00:00,2018-07-24 01:28:12
1db667c1e2c0b08b20ee94fe87319137,c2eddb0c2651699e1839ee701627449f,1,,Produto com data de validade muito proxima sem ser informado na hora da venda.,2018-07-28 00:00:00,2018-07-31 10:06:02
99a5a0f582fdcd9305d9b4b728c476ea,d50b42288a180cabdc414b2d43b67a3d,5,,"gostei muito, chegou no prozo certo,perfeito.",2017-07-27 00:00:00,2017-08-03 11:07:54
f5690b65d36177ca3c07f98b2b490004,c577af5e9d5dbecf0ac65ff28cb8ad45,1,Faltando itens,"Recebi apenas uma luminária.
Como proceder???",2018-08-23 00:00:00,2018-08-27 13:27:14
5a9d0b8b80c51162fd02867166eaa68a,4ee4c7c2fa34f8e2a66accd827f53d1f,5,,,2018-07-07 00:00:00,2018-07-10 10:44:34
2f2cbb59e73e31ebc34a9d15e0ff96d7,1fba572d64e0fa6d6bbfdd06b5704e6c,1,,"Fiz uma compra e não foi feita a entrega no dia marcado, estou aguardando uma resposta!!
Grata fabiana",2018-01-13 00:00:00,2018-01-15 11:29:56
7cd6646539326760ba81bcb10df3a223,5f71bc83356f39cf9e9b8004f39a989a,4,,,2017-09-12 00:00:00,2017-09-15 01:47:12
351ace6d2ed2a92dbf658b810ffef2e6,544d4de462a8ad0d9492999b6708ebcc,5,,,2017-05-31 00:00:00,2017-06-02 19:35:35
e94708a5850691f72c8e606b79df73b1,65a922b4c66d6c7389088e16d37a85e9,4,,Recomendo chegou até bem rápido ,2017-06-13 00:00:00,2017-06-15 00:53:35
57d0f4affa73e81e0fc55d190506bf64,4df36fe83cf894ed979421fecd300bdf,5,,Produto melhor do que pensei. Entrega rápida. Valeu.,2018-01-19 00:00:00,2018-01-19 21:03:06
43a715b2ff41fad40b5870df617f4d04,50229fec371aedaedb230fa801638cfc,5,,,2018-02-06 00:00:00,2018-02-07 10:43:35
118569cf4165b452a7b3f35c20b85f7a,57a05984170fbb84344898547914f22c,4,,,2018-08-28 00:00:00,2018-08-31 12:33:18
1ced523369a6415ce8ce1534bbd76bed,32b88a9584e3facf4a7eda6c22b11219,3,,,2017-12-19 00:00:00,2017-12-20 09:12:15
0c88f35cb73f52bf89a50b9a5627a234,33cd2b3de2ec32a78518fd9a66c98641,2,,ok,2017-11-14 00:00:00,2017-11-16 17:52:20
aff73eb407b9accc7e5fb5d4ad91bc66,4424106c5b68a52e3c47371526b4a264,5,,,2018-04-24 00:00:00,2018-04-26 16:42:29
3e8b2be7e4a928126099555a0bf3fc89,e2d21f16357e9da293db665a9d8a646e,4,,"RECEBI A ENCOMENDA ANTES DO PRAZO ESTIPULADO, PORÉM O PRODUTO É DE QUALIDADE BEM RUIM, UMA DAS ALÇAS SOLTOU NO PRIMEITO USO.",2017-08-23 00:00:00,2017-08-24 16:51:51
6f2f90900028823892ad0439262d1ebc,df545fca1d6c9f96b0eeeb751a6f2650,4,,,2018-06-30 00:00:00,2018-07-02 10:29:17
ba82936250d84a70f2b7005974c8b6da,c736eebe212e3065b4ca629fb98389f8,5,,,2018-08-29 00:00:00,2018-09-04 19:06:06
059abaf874b93f32e9eab96abd38be15,3f0541d009d20e9a244f3bb2ebf07f8f,1,,"Comprei no dia 16/11 /1017 até a data de compra vc mudaram?
",2017-12-17 00:00:00,2017-12-19 08:47:15
b85acbcda077f989de58630f8b9ec6a4,a59b2ae7ce595ee0cb33191bbf75836c,5,,Entregue bem antes do prazo estipulado. Isso é muito legal,2018-04-07 00:00:00,2018-04-09 11:38:28
dfaf49a4644a9b5afcc050667c3d2255,afef48d3c8a0b1b7c9b7f8f922fb5674,1,,,2017-12-08 00:00:00,2017-12-12 01:50:24
3a5433bf91bcff98108e635c57f9f54a,db93355c53b6e6a6119012d4880abd94,5,,"O produto veio certo e a entrega foi super rápida, antes do prazo",2017-09-05 00:00:00,2017-09-08 01:21:34
7e09b890e890ac5671ff64d6bb105044,6e60f42eb32450c23ec4595056312745,1,,,2017-09-05 00:00:00,2017-09-16 13:42:53
9f7cbb41d115dcb898e2cd8b64dab97c,ed3b1288663333783b30c22397f44b36,5,,,2018-03-03 00:00:00,2018-03-03 18:34:55
ee14d92cba76f514fcd260f0cfbfb3ed,3fddb37d99af3ae9c36dc26f4edb3afe,5,,,2017-12-02 00:00:00,2017-12-05 13:00:27
20364a5c3d3da72aaf34fb2b9336fb87,9570e7230d3d4ecaacbc7843e6646b33,5,,Recebi certinho,2017-07-19 00:00:00,2017-07-19 10:39:11
de784797270cb34ac8085348c04e3911,c32a0539c59defb972213eea546f29a8,4,,,2018-05-22 00:00:00,2018-05-23 15:50:05
7770e78380b6f2a931d8253218d6e270,d1846363415db8171f834ad2c5ad25d3,5,Otimo,Produto exato como o anúncio ,2018-07-06 00:00:00,2018-07-06 20:18:40
5f3eeade5804d365284ff41df302725b,4a16403a2f6d6324c545f6b70581c2c9,1,,,2018-01-31 00:00:00,2018-02-04 00:44:09
1242c3639e8c048f23b3cd736d2214e0,706f426a3e276fbc171e2d3aafbf2e1a,5,,,2018-05-08 00:00:00,2018-05-10 14:27:40
0c7158b218a4a7d726cd1cebf38de6d1,4fc0a813a474373185c8f141a18878b3,3,,"Compatível com o valor ,a entrega super rápida. Parabéns pra lojas!!!
 ",2017-05-06 00:00:00,2017-05-08 13:15:18
332a72420f3d8729d2bfdbfb55e96cf1,cdab66293e2e4ea2b956d8016c5ad97d,5,,"Site claro e objetivo, comprometimento com o cliente, prazo de entrega superou a data proposta.",2017-12-23 00:00:00,2017-12-26 03:50:33
e1a55ef5f914fff9a2df1aefc27fb9ea,22a0afb00de21962e96bef9ec5b51223,3,Até agora nada,"Ainda não recebi o produto, por isso dei ""não"" em ""recomendaria""! ",2018-08-12 00:00:00,2018-08-12 18:13:54
fe5ba7dc6b898de21e7af327dbb4037e,12281975d2de5af133e549f49a1b9093,4,,Compraria mais se o frete fosse gratuito.,2017-10-24 00:00:00,2017-10-27 01:31:55
84e79be9c53bff75fe1607fb34a5918f,989829039549b9b62b547646ee72c034,4,,,2018-02-23 00:00:00,2018-02-23 17:37:09
b91801307e43b941db322868696338cc,f319cdb9500c67c7a9f1b340da9c2d4d,3,,,2018-06-09 00:00:00,2018-06-10 10:23:19
e3ae689fdbdcb7a5f01ab9ea5f680226,c4cf1a86b458b000b27d777cb8232932,5,,,2017-12-24 00:00:00,2017-12-26 12:12:43
38457d548ce277e7e348673d627ff02a,92ade7cf39eb31a8f81a75277c14f9d6,5,,,2018-05-26 00:00:00,2018-05-28 21:22:31
012f4d3e86e76a981b2891f33865eba3,5a3bccb60104b1251c6a39e051c428ba,4,8,"Gostei do produto, tive dificuldade para montar, pois não conseguia rosquear ele porque estava com um amassadinho no furo, mais dei um jeito e ficou muito bom. ",2018-08-23 00:00:00,2018-08-24 10:45:34
3f367ad3f1ab433e4c53c488383d29d0,115abcb04c714f37dea22d04e52f35cd,3,,As anilhas de 25 kg ainda não chegaram,2017-12-16 00:00:00,2017-12-19 10:30:38
7cb3a8f74b6000addaa10be2af4c2c86,92061d31d4807cbc328c14fd3aec3205,1,,"fiz o pedido de 2 joico treatament balm moisture recovery mascara 250 ml, mas so recebi 1 no dia 4 de janeiro quero saber como fica o outro pois o valor ja foi cobrado e descontado em minha fatura ob",2018-01-05 00:00:00,2018-01-07 23:40:32
bf20172bbddae49f4230db543e708a9f,285b9fa3d538bc3e3391de43dd51e3c9,5,,,2017-07-22 00:00:00,2017-07-22 23:45:39
31de4e53ec9781aea084ae43ea17301a,c1686c44f72ecd55b0d2d8ed6fcf8993,4,,,2017-07-05 00:00:00,2017-07-06 01:20:07
b15442512c50ffbbade55b70ca386cf0,a7014e8529a3c8fb841862e33476d9fe,5,,,2017-03-21 00:00:00,2017-03-24 01:45:15
9398eef50a47f80fdd668f85cb23fa04,e53182bbd948b07916ff86a2b55978d7,3,,,2018-02-17 00:00:00,2018-02-17 19:15:43
c2ad32107fdcddfb00326d0c120f0e8c,88c588c116fd06fb8e48dd83af88ec4a,2,,Ainda não recebi o pedido e ti enviando enail e ninguém me responde ,2017-12-14 00:00:00,2017-12-14 11:15:53
999049301c8ffa8cdc6bd05727526341,46b4a41ba02248ac63e0d85649595f7e,3,,,2017-05-25 00:00:00,2017-05-26 03:42:50
4581fc3e29a2b7fe41abc013362f9ff5,e3dc8fab0cf7aaea9a75decd180dcd8f,5,,Eu tinha pedido o cancelamento mais não precisa cancelar obrigada,2018-03-24 00:00:00,2018-03-25 01:52:03
f91c582fe3342d6cd12ef44f982b44b2,6054d8418ec326a7a9382171632b7a7d,4,,,2018-08-05 00:00:00,2018-08-06 18:01:57
c7bd0f7e68f485c80c51a01def7172ee,88d7e753142771dcd0b1e0ad155fc626,1,Ruim,"Produto diferente do anunciado.
Muita dificuldade para devolver, o site nao entra em contato e nem responde minhas reclamações. Não recomendo!!!",2018-05-17 00:00:00,2018-05-20 15:15:06
234862971e5258e0edd54ab5638f03d2,d1c60fd7acd42b1d2e2aecfeff348b23,5,,,2018-03-22 00:00:00,2018-03-22 22:28:59
2de2fa859222b4dda0ebb3c605ad6c11,94c75dfeee3285793c49e131f730a73c,5,,,2018-02-01 00:00:00,2018-02-03 22:39:11
82b4022670970c30eb0f7d485f1eb94b,b042196844fac663617a8534823b6720,5,,,2018-08-14 00:00:00,2018-08-15 00:26:38
660c786be142ca69274a75b5db685056,e05824bce3b3c69a0632e8e75b1a7e9f,3,,,2018-03-29 00:00:00,2018-03-31 23:20:03
6eb9e518070839597f4d35f908f89521,0c11df2b80d95b1eabdcdf3790bb3347,5,,O fichário que eu comprei veio bem rápido e estava muito bem embalado. ,2018-03-25 00:00:00,2018-03-31 21:58:54
bb907dd882402c83d0defc3004b80dc0,2fc4ba497db1306b9048aceaf0f7e5a9,5,,Tudo ok,2017-10-04 00:00:00,2017-10-05 02:04:00
d7396fb0a95a02954cbbd5c26fb02694,e204c9b2f4c4eda05420bea7f4b7ac03,4,,,2017-07-18 00:00:00,2017-07-19 21:52:32
76eedcd2918eb4a3d6b5158514497187,9f62f8570f362ce8c44324f7cc9ca852,4,,,2017-10-07 00:00:00,2017-10-08 18:03:49
6fb3ac691ba4dab475959a0750865f20,782aa8c8856a043fdd997f8b869fe76c,1,,"Eu efetuei a compra, no da 08/03, e ainda não recebi o produto.",2018-03-31 00:00:00,2018-03-31 10:28:27
c89dcb1b91ea0037740a53fc3d8120a4,7d8cd4ac1b0c3a31fddc3198d69fc133,5,,,2018-08-29 00:00:00,2018-08-29 23:05:24
d1a753716d0a1ba254ba452e89f5a2e7,ca4b213fb1a9d596a82d6e343a6370fe,5,Kit tesouras ,"Amei o produto super recomendo
",2018-06-13 00:00:00,2018-06-13 21:04:56
9da7794de9b374615e6d5721384f6b7b,58ded2fbeab30e8d3f53d888277f6b2e,4,,,2018-07-11 00:00:00,2018-07-12 15:11:44
bd6d38a44368c4b626f1437a445e0b48,b4b739c397c50fc7144469c4f7a8d29f,5,,,2018-02-17 00:00:00,2018-02-18 12:00:19
1ed5239ef3594ad794731dbd7197f828,bbd7db7bb1fab02f393167df71863946,5,,,2018-08-30 00:00:00,2018-08-31 14:13:46
b97392350cbe6f4f8f0c553a296aa65b,5520cb02f3be1a666c327b7357e7da18,5,,otimo,2017-05-31 00:00:00,2017-06-01 17:13:22
8980b08009245af9046de9bb6fa959b8,4d02fcbcbf4a19682c0c09fb8fc8005f,5,,,2018-07-27 00:00:00,2018-07-28 17:42:59
420b23e9a5a06b0bd6ecd12427c08126,a6ba138c34e43a8e0613646f065fcf57,5,,,2018-01-23 00:00:00,2018-01-28 16:43:38
fa3e0ea7f48101364a152a627a4972bb,8c2f915441bbfbd7a7b3ace56058f799,5,,Adorei o produto e a entrega foi rápida.,2018-02-16 00:00:00,2018-02-19 12:42:50
4141cb6c3b1e16986eafeae57c8e5547,eee7aef88b4727c5596766f256bb4267,5,,,2017-05-09 00:00:00,2017-05-10 08:05:25
a1268ec08aa06eed955e7ee447cb132f,ca8e9e412507bda954dc7e3cc20cb2c3,5,,Problema no sistema de Correios por conta da greve ,2017-11-18 00:00:00,2017-11-19 00:54:02
1e6ae2e41f568c53d4239d3bfbe59754,61e7365ad2e2ce5a3dbf650586623b7f,5,Super recomendo,Pedido entregue antes do previsto.,2018-08-21 00:00:00,2018-08-22 13:54:41
df947cd9344dbfd6b273c2d19a2ea2d8,7c0c550ebd758c3416ad56d50e5b2852,5,,,2018-01-10 00:00:00,2018-01-15 23:05:00
d59e6c7846ea6f108685cd39958bb9a0,85eaa27aacbad988234b742f85ca7cd3,5,Muito bom,Produto correto... recebi antes do prazo informado. Parabéns ,2018-06-12 00:00:00,2018-06-12 15:40:59
0f6a0487a080490108870490ff7431fe,0d3528428e45b7c383b746222c715332,5,,,2018-01-14 00:00:00,2018-01-15 14:15:47
498d474d4e5016e125a9c444c5d132a2,f36e6ba50146eb8900cad146dd95e9e8,1,,Veio procuro diferente por isso estou cancelando e pedindo devolução do dinheiro ,2017-04-21 00:00:00,2017-04-22 12:44:36
52ec691304fd5fef1fe958c1e95deb00,e8250a89f967d49af320330c8660a9a2,5,,,2017-05-03 00:00:00,2017-05-03 21:08:06
28ce672c53d9c7f49e548550fc80d555,5873a59a3969d04a260ce297ee1b3ce3,5,,"Uma loja segura e responsável, recomendo pois são muito organizado e preocupado com a satisfação do cliente.",2017-12-05 00:00:00,2017-12-06 09:30:01
51bf85e12f49d5f20f9e4e12523abefa,790966b7cfcf6aedddb2f1d392da3306,5,,,2018-08-17 00:00:00,2018-08-23 23:28:11
128a25c0bc5c187adcfde57944ab21a5,bd73b77940b4755971250ad4a3cd95b8,3,,boa,2018-03-28 00:00:00,2018-04-01 21:08:14
fb81a40565c0151656eb2ca30a318bdc,8a5b38ec15fb5bb88a060a17587a2590,4,,,2017-11-23 00:00:00,2017-11-23 18:51:44
b6cf78ed26bf134c685f26e3b1d504d1,d0083f5db0e3fade5d9a7dc768e8df46,5,,,2018-07-27 00:00:00,2018-07-28 01:27:13
0e429163a3f30ebdb4d4f73e8576cc98,6dd0712b5d9d31ab2b006f7b510e8720,5,Muito rapido,Melhor compra do ano.,2018-06-23 00:00:00,2018-06-24 03:53:30
189edc5ccfcce54a90ea284275d9fbc5,65d20cd74349cb427d7feec3567a6fd0,5,,PARABÉNS! CHEGOU BEM ANTES DO PRAZO PREVISTO E O PRODUTO É MUITO BOM! ,2017-07-14 00:00:00,2017-07-15 17:48:23
205165be8675106bad0bd90afce13e79,fd9486ae13f513ac59c3f6c23bb003c7,5,,"O produto chegou exatamente como o combinado, eu recomendo!",2017-05-11 00:00:00,2017-05-11 21:24:37
e1a424695e403367e373d7354d1724b7,f23a4132d42810c7f591d372282ae3eb,3,Produto Ok,O produto é compatível com o preço.,2018-07-24 00:00:00,2018-07-27 01:24:41
9afd160ca68dac6dc38317da96e3a283,93b74681985a4a11ca3b48be35576434,5,Ótimo,,2018-07-26 00:00:00,2018-07-26 22:57:27
01788a1b8aad462f685abc88df6411ce,835b4e81209a4b39fb6142da1591bd88,5,,,2018-02-16 00:00:00,2018-02-19 13:32:50
72b0dcff99764950aaec9b52f0a804e3,277652d641a561b871127afe3f44b952,5,,muito satisfeito ,2018-04-20 00:00:00,2018-04-23 02:41:17
645d383353c45e9d42b84f054cb1afe0,b8fffd71202e7086dd751c257751b3dd,1,,"Película menor do que a tela do celular
",2018-08-01 00:00:00,2018-08-14 21:55:44
684100e32e9d790233b7314b745ba71d,1072218ec4a811eca0a85325da45ac25,4,Super rápido,,2018-07-14 00:00:00,2018-07-14 19:29:43
f487db2da4a05477b855baa14da975bb,0c9f8646d592c21c2015b929996427af,5,,,2018-04-07 00:00:00,2018-04-09 20:28:35
6e8314a5c94950d3e88876572f703440,0171ca1dc94d8ebde8bbd3b686f44c41,4,,,2018-05-13 00:00:00,2018-05-15 16:20:36
8d3f01f0e995c61e2ed4afc6f6b55a6a,14bc0695cb3e3a338887d250c7cfafb9,5,,sempre gostei de efetuar compra na lojas lannister,2018-02-07 00:00:00,2018-02-07 12:20:30
d91f04359c74d68b5c252480e682f414,dc9a75be849e46bc94aa327ac9bc13a8,5,,,2018-04-20 00:00:00,2018-04-23 21:00:54
cca5d66cb791bdf727246b082e277a98,c61f24b4d04a247a7b8f182d3bdb7e18,5,,,2017-04-13 00:00:00,2017-04-14 02:09:10
e13ec6f240d3a8d113945906b19d2fc4,1fbebbbba3149f89e410951ca531cae2,4,,O anel ficou apertado teria que ser um número maior. Como faço para trocar..,2018-04-14 00:00:00,2018-04-15 04:37:30
55505b569f79dc826cf7de4e29e0fdf0,1d7f3280ef428fd4fb454e6d0d1fef43,2,,o material do produto é de qualidade inferior ao esperado.,2018-02-21 00:00:00,2018-02-22 11:27:46
b33cbf4242c7b915a2aa8b494f4890c9,292fa4655c8e30747b2b465a8f4d14f7,4,,,2018-03-03 00:00:00,2018-03-04 03:04:49
4eacf70563faad69e378f6109deec55a,6423db30ee1e8cbd5d066f414bde1a0e,5,Carregador bateria ,Produto bom prazo de entrega ótimo ,2018-04-27 00:00:00,2018-04-29 12:43:22
7e4dca270c9b10bc993ca798303a57b4,d1cbdd8ef126f25f75c37e56508061ee,2,,A qualidade da bolsa deve melhorar.,2017-09-12 00:00:00,2017-09-13 23:25:35
2239adf8497e14f61d1b3f633e4d8452,d2b4c76c2ccfe2f70c1488434a362f56,5,,,2018-08-21 00:00:00,2018-08-22 11:25:41
d9f8eed4461afefc86a847b911c607a0,7ec0aff65eb09ca0d03ca5b64e67e4db,5,,"O produto foi entregue no prazo, o guarda chuva é excelente com muita qualidade.",2018-03-17 00:00:00,2018-03-19 22:41:21
50cff0af444a94c06081d87004438128,7219bbc67d036600cbc65e84abfd581a,1,,Nao recebino produto,2018-02-07 00:00:00,2018-02-09 18:45:15
d509849c6a17a9e9e00e2e8f86bc3fe7,ff85c3e4329457e83cb474799a257ccc,5,,Tudo como combinado.. estão de parabéns ,2018-01-22 00:00:00,2018-01-22 20:33:44
0e0c9b227d4a6870c170a4acfbb6f8a0,f1dc649e1ea6789e7eddbdaf40aaddb1,5,Satisfeito com o produto!,"Foi muito bom, dentro das minhas expectativas. Vendedor entregou o produto antes do prazo final, bem embalado, produto correto com nota fiscal, tudo certinho. Está de parabéns.",2018-08-10 00:00:00,2018-08-10 23:45:57
5958110bdd5d4ce1bae6134fc5a8a545,1e31e7d6f842d0b5d1400ed7b6306bf0,5,,,2017-11-25 00:00:00,2017-12-03 12:12:13
f58d80c36f3130c0f225de98e0bafccc,898a1fd98d5540ee9b96e742c76877df,5,,,2018-01-04 00:00:00,2018-01-08 23:43:50
579bffe7330fcb668d718b6559b3fcfd,98c9976c0165c833a2233f98969d1b36,5,Exceção ,,2018-04-24 00:00:00,2018-04-26 17:42:01
c95500c332d84f02204bd3cec5eb2d18,6ae725cd09f998296a4f043e8b3fde4b,5,,,2017-05-07 00:00:00,2017-05-07 17:42:28
9386f8c41313ff34512cdf634de1cb1d,994138db2313a294b3d23c7cf6ee7389,5,,"Gostei muito do produto. 
Chegou bem antes da data prevista de entrega.",2018-02-01 00:00:00,2018-02-02 09:13:23
820e87df5a935ff5805f67624b427ac3,7b1e7ecf29040bd9581a1577a522548d,5,Produto não especificplás,Quero devolver o produto e comprar outra cortina de tecido,2018-05-03 00:00:00,2018-05-04 00:57:05
7838ac03dae8876c0455255c51873950,4b8bfc23c1469d2169ca53287207a0bd,4,recomendo,produto atendeu as expectativa,2018-05-30 00:00:00,2018-06-02 02:10:11
ce730766c8e012790a93e426dcb7fd3b,75b71f40b3c71469d12c7e4dc2ce0794,5,,,2018-02-06 00:00:00,2018-02-07 10:14:28
24c4fda3bc9c6206eb098e21df7ac023,4146f35ac7a7ef4e39fe344e563c1e3b,5,,"Sou cliente a muito tempo das lojas lannister.
adoro sempre fui muito bem atendida nos prazos e produtos.",2017-12-06 00:00:00,2017-12-07 13:08:14
0214ac8d8e874cd934cb7c1c3e116761,e11acf37c1371426d8e6ff3c89f952f8,5,,,2018-02-25 00:00:00,2018-02-25 22:10:26
8a24de8190b2938850f35024877ce8bf,bedc87ce363e6bf8c8868b96b2213ae4,5,,Ótimo produto! Recomendo!!!!,2018-03-10 00:00:00,2018-03-12 13:38:49
cbc912e5918e710e5f5cf60f83f16b66,daf946e879dab6e7e6b3f968297c3fe3,5,,,2018-02-17 00:00:00,2018-02-18 00:31:09
15c72b68259c35ea984ed16bf7633730,7eebf0a4be5859d04ca7da2ce039c044,4,,produto de qualidade ,2017-03-22 00:00:00,2017-03-23 11:01:36
96a758a8efbd43c00f778b9644360292,3e73a3d4003ea03e955b2fba57e2dc79,1,Veio faltando mercadoria,"Essa semana recebi o produto, mas não veio completo, veio apenas 1 frasco , sendo que no anúncio dizia 3 frascos. Aguardo posição da empresa. Porque até agora não tive nenhum e já entrei em contato ",2018-08-02 00:00:00,2018-08-04 03:02:09
b3b360e6be703d9bc15878a75aeaab6c,a7013426d43f0cb36c5dbe09b84c9f96,2,,"A cadeira não atingiu minhas expectativas, não recomendo esse produto e acredito que produtos como esse enfraquece a aquisição de produtos pela internet",2017-03-22 00:00:00,2017-03-23 10:37:07
751cea5676370ff939cbe9eaf176a26b,c5ba516dae0f7c34ba8ad92dad570249,5,,,2018-08-30 00:00:00,2018-08-30 20:59:54
7fa2cc5387908e0da57dd377e52c99d3,f0cb299a9702d7db4e501895d61d2baf,1,,,2017-07-05 00:00:00,2017-07-06 00:22:29
eb93a3f8df39b0737a1c8066735ba153,9040ee228f2a73cf71c59e19d2d1f1d8,5,,,2017-12-01 00:00:00,2017-12-01 19:17:00
c8f38e89e4791a9da52d33aa36ce5a1e,a5bb45ed4fdd4becba2dd4f863580dbb,4,,,2017-10-19 00:00:00,2017-10-19 15:37:07
fe63bb5e5847bea6382d800028e4ca0e,9a29901dd783afb25b9daca2a52ae1e8,5,,,2017-09-27 00:00:00,2017-09-29 22:07:04
d828f643e1e7f5d10acb73accf079829,cefb2c1509c176244d633a5f3f38e24b,3,,,2017-12-03 00:00:00,2017-12-03 21:22:45
2588680763b03e5e9dc9bee4865a2c6e,707ce3d3698a90d1ab9d9c2dc47223c2,3,recomendado,preciso de ajuda este meu produto veio quebrado e desde que recebi estou entrando em contato com vocês e não tive nenhuma resposta.preciso de ajuda por favor ou vou procurar outros recursos me ajudem.,2018-05-10 00:00:00,2018-05-11 13:54:43
f5920a2b7295ce8b4aaaa0e15630589e,96950c37f6e45106dab4a4fd012e1ab9,1,RECEBI PARTE DO PRODUTO,"O pedido é um móvel com fruteira, acontece que ontem, sábado dia 09/06 só recebi as bandejas da fruteira, e a nota fiscal referente ao valor total do móvel, foi minha irmã que recebeu, q]",2018-06-10 00:00:00,2018-06-10 18:39:51
a3f39348f4c5550a031a0fa72eef24b1,baf54302abe3b0c2c43c2b55b0212a01,5,,,2018-08-18 00:00:00,2018-08-20 19:34:22
3058caa14cbdac741c17eb300fdb96e1,ce500b2ca0d960f937fb4d24282d3291,1,,Preciso de informaçãoes sobre o pedido que não chegou ainda,2017-02-16 00:00:00,2017-02-16 16:42:35
f9ca3a8f117fb15d21f675f6fa171989,64e19c385c1026d61f22cdf85a0b42f8,4,,"recebi a cadeira faltando dois parafusos, fui no comprei e montei a cadeira",2017-05-17 00:00:00,2017-05-23 14:01:46
230b5cf9f3dce16bf3db4c3d596725fc,9f358b9edd5ae6ebf530277dfefa73a0,5,,,2017-12-11 00:00:00,2017-12-21 15:12:49
b6ff098401ec84fd6cecf46f4eb9c124,5476692f5bd7809bea1c3e1b737f9246,5,,,2018-01-27 00:00:00,2018-02-09 19:37:34
3a0377c52ac84cf8a0dbc8fb56f62130,37cbd81fe098c8e061f8fc93ac29ff2d,4,,,2018-05-08 00:00:00,2018-05-13 15:34:54
95cfb15ad3477fec574b561d1daea972,4ed4a6e12e74982dd78c78df1ed3f372,1,,Produto veio com defeito,2017-08-09 00:00:00,2017-08-11 01:29:09
324f719a599fd47fc3cdb7d0ac621212,0a15572811e0bc23e2963de1cdf344f0,5,Ótima ,,2018-05-05 00:00:00,2018-05-05 23:37:14
c11831da09c607f8870fe82d609db9b6,e55fb3457f263ce9c93e88a934d7cc17,5,,produto chegou dentro do prazo e em ótimas condições. fiquei bastante satisfeita,2017-09-17 00:00:00,2017-09-19 21:05:12
f44a85cc5523284d5fc256b538cd334b,01f74d38c7379a28cc0ac3d90e80c7ea,2,,,2018-02-28 00:00:00,2018-03-02 17:08:50
9d43a2e010823550990caf8da851c5c6,46795c1677a7a4a3d2f8687940051b57,5,,,2017-07-26 00:00:00,2017-07-27 12:22:51
bdc23538cbdf9e32f1f74cb7194e73ff,4f04cf5f96101782fbd1b6cf9ec942ea,4,,,2017-07-18 00:00:00,2017-07-19 16:11:02
3ff3719e8e7587037db3970adce5ee68,b0c04ea907df18b10625b845cb6ddc10,5,,,2017-12-28 00:00:00,2018-01-08 20:17:59
855b736a765231a15a8c1f0b52341bed,95f55726bc4e323e44e57778ca84c0b5,5,,Obrigado pelo produto minha mãe gostou MT ,2018-04-24 00:00:00,2018-04-24 21:13:27
7649f28b65ccbc21f948f7b2382e5c61,aa2ae4efd578f1c304128a899e4d1a17,5,,Ótimo recomendo é ótimo,2017-06-20 00:00:00,2017-06-20 15:44:09
923080df199e47f1fdd973befd0cc28c,87af7bf20f2a742dbb71cdcf0f8475c8,5,,,2017-12-13 00:00:00,2017-12-13 22:52:13
cf6f9fbba4008f410f08d47ae3cda467,e0d87dca2f843a0581d3fbcde874e712,5,,,2017-07-05 00:00:00,2017-07-06 00:37:14
b2352c2f691ac17ef875f5fa7d7d64d4,38878bafc676263af50211706ab39e7c,2,PRODUTO FORA DE EMBALAGEM,"Produto sem embalagem e etiqueta. Não entendi a proposta. Creio que veio de uma tecelagem, pois os lençóis vieram sem embalagem do produto e etiqueta.",2018-05-12 00:00:00,2018-05-12 17:57:08
ef6801f915e493be753c75957be53945,fdef371165dea256526258defc0b326d,5,,,2018-07-03 00:00:00,2018-07-03 20:52:47
981290e12579d10fcfffb15a51bacd69,d1ccec3180d63d8bfd37f65d34f07da5,5,,,2017-02-21 00:00:00,2017-02-22 10:28:47
f3d0350960174c3565d9fe28ce4917e1,74748a8ba7d523ab46fe3354996609f6,5,,,2017-02-15 00:00:00,2017-02-16 02:49:19
17f80c61921482e0f80f8d260ab99e6c,7fe938a0f8240a6154b0bb4b588ed606,5,,,2017-06-24 00:00:00,2017-06-27 19:03:28
be1f20d419eab33d8a88b2f457568b83,9d812ac753da7008021863feabbd291a,5,,,2017-12-12 00:00:00,2017-12-14 21:53:05
916e081bd89e2556ac9685139f1bfd26,098e4bd227693adc9a292cf3a42ea7a4,5,,,2018-05-03 00:00:00,2018-05-04 17:04:23
591b2cc6047b0028a09794055c0d48e4,7b1ae58b5229a97d804f2275f3cbd3ed,5,,,2018-05-29 00:00:00,2018-05-29 22:50:42
793bd00c8d4931466b7fc473f60fbeba,77d5d33e7905054cee0bdb3dbebe4f1c,3,,"A peça maior veio com a tela solta , as bordas veio sem encaixe. Quadro muito frágil. ",2018-01-27 00:00:00,2018-01-28 14:58:23
ca8268e52130a8c373fccf43c7118d8f,2e58b7c9ceac16033e568d728d30d620,5,ótimo ,Fiquei contente com a agilidade de vocês e a preocupação que vocês tem com os clientes. Parabéns. ,2018-08-28 00:00:00,2018-08-29 10:56:25
c91a9ba98a902b90f45b10390d29ed0e,628c4dc07e38c6a4309d58e8a42e2f27,4,,,2017-12-30 00:00:00,2017-12-30 20:30:57
49795a72baa406aaf2bb26129f215acd,3dbe04fd06c3b63be0dae1902b9013c2,5,,,2018-05-26 00:00:00,2018-05-26 20:56:13
93673033fd50d8cc561aed73e7d3b846,72221bc9de65dc6a45b9156909d2b6c9,5,,,2017-08-01 00:00:00,2017-08-02 02:47:24
ea5bf50c8966a10616f642df8d912ee1,7410535fe6a922518e4f862208c066bf,4,entrega pontual ,Entregue conforme prometido ,2018-05-25 00:00:00,2018-05-27 15:15:36
dfa26d3e2ca18d0a30cc4596f0f189ac,4cb0286c9f5805ddd172e00cef67ecc3,5,,,2018-06-21 00:00:00,2018-06-22 16:06:43
36e0ca1d983c89c037aa69f3f9d62545,403e499c55ee10e52fbf26762b33a5f3,5,,,2017-09-16 00:00:00,2017-09-16 17:42:47
013d040c07a9d6dc10611450ec3c16e1,fd85717bc49c767347b7b46317392d7d,5,,,2017-08-30 00:00:00,2017-09-15 20:12:51
c9f5583aa2d28241bd7b0a4c99e02ed7,2e5443881c945a3b7a3927fc969e1858,5,,,2017-12-15 00:00:00,2017-12-15 21:12:19
d959d2123a2f28fad7885ab1b8f1903c,cd323a618a599ad1cedaeb75d1d5b8fd,4,,,2018-02-21 00:00:00,2018-02-22 01:30:20
51066b1ffffdf9949d76a31dc8bb5ec1,6bdf9b89e5c81ead45dbc0a260dfbf13,5,,,2017-09-30 00:00:00,2017-10-04 00:18:09
8bfe543c47a5e61f6bd9c69a75913880,0ea08b72c67b53b70201a88bf14a417c,5,,,2018-05-19 00:00:00,2018-05-22 10:00:19
d108b0b1eb80fd6dc32c96f611eb9793,5433a0ef395e151f154279cd3fcde661,3,,MERCADORIA NÂO CHEGOU,2017-07-09 00:00:00,2017-07-17 18:21:23
713d4d920d3b2531cfa5e805c225aa2f,c2e9150ecca583eb68c1e2e2b650caac,4,,,2018-06-05 00:00:00,2018-06-06 02:13:01
76490235ad8806ae84bba549abe4682a,081409ec388a7be098904b884d149db0,5,,excelente produto preenche as necessidades indicativas do fabricante,2017-06-30 00:00:00,2017-07-03 13:04:16
9a6ed2d8aff06a8a18b189770c51435f,c645c38b97d82c6a042adcf18df3daf3,5,,Ótimo,2017-12-07 00:00:00,2017-12-07 04:58:13
fe08abed6e3e88e27c34a021975c8ac7,e8fe4d0ad665d8d3978e9a8e1bfcf686,5,,,2017-05-18 00:00:00,2017-05-20 14:12:01
88c0e5057b3efb4c2e575a8179ee01c0,8c5318153ba4cd0a91405a8733338fa4,5,,,2018-07-03 00:00:00,2018-07-04 17:03:32
48f01f67601c62008e89181649ddd4d7,75b6f8722f53c2f4ec267dfeaaa8808a,5,,,2018-04-06 00:00:00,2018-04-11 14:06:23
ad11670bd11cfa8837b848607f44f555,c55dca0234aa65398ed85315bcf5b062,5,,,2018-06-21 00:00:00,2018-06-24 11:41:53
836201d06d9018b468736ec678eaa74e,d2cbe14a29b243f01171170540ddc94d,5,,,2018-03-20 00:00:00,2018-03-21 16:05:23
13e2f8a0fa3e5a849c159d632c74391a,30b949a0f71893bbe321509b0d32bcc6,5,,,2018-04-21 00:00:00,2018-04-21 20:34:07
6266c9620223c9218ea9e3088c4b40ef,f9d6e4f177c33d17573279292f1473e4,4,,"Produto excelente , pontualidade na entrega e bom preço.",2017-09-15 00:00:00,2017-09-20 19:15:38
33e9e4a3b2e109d14a0ee690fb198a7c,b87cca02954de7fab0d5546843c56acb,5,,Jogo de lençol muito lindo...macio e aconchegante...ficou linda a minha cama.. ,2018-02-03 00:00:00,2018-02-03 22:19:44
9932f3f6584b563571fd717c108c4b68,db60e917f3e707779a0efd2b52354951,1,,"Apenas o primeiro quadro foi entregue. O segundo deles, no valor de 119,90 não constava na embalagem. Como proceder?? ",2018-02-17 00:00:00,2018-02-19 00:01:42
cfd1907915255b60e773858afc941d0a,b8d5cd6eb84d7b61c5c77ac4cb0b90b4,5,,"O produto chegou antes do prazo, vem bem embalado, o que evita quebra. Amei o produto, super lindo.",2017-10-20 00:00:00,2017-10-23 11:25:45
31b3f0045fa9d6badf6fc42d09a12259,5f2e44ea1fc61083103e1a75f61d2bdf,5,,Muito bom,2017-02-17 00:00:00,2017-02-17 10:32:15
852b352c8f8581c2a72e947f2c0b711e,543933b39ebd50e13884fca2829ccdf8,5,,,2018-03-10 00:00:00,2018-03-14 12:30:25
420cbbaf26551d24408164025b017d16,eaa755795bc07ae1c3d55d7f6efe1dfc,5,,,2018-02-27 00:00:00,2018-02-28 00:20:30
8e06903374b7ee0504efcc83be9ae806,fb260abf14e47c95a0b19acb1ab3ed43,1,,"Paguei frete e tive que buscar o produto. Sem falar q o frete foi caro. Demorou para chegar.
Só acho que o frete tinha que ser mas barato. O frete acaba saindo no valor do produto ou mas caro. ",2018-03-21 00:00:00,2018-03-22 02:16:19
1e5e6343cd50bac0d85ddbcddad30ba3,e4a664fb766c91a75ec091362183c42f,5,,,2017-12-01 00:00:00,2017-12-01 04:20:13
65555d5e431955d9bda7e546492614db,f014dfdae1ca2bda29bd1c98870ccd49,5,,Recebi tudo no prazo,2017-05-16 00:00:00,2017-05-17 15:27:07
b54d5d950028ca060e7f4da5933df2ec,b677863ada4ac26c87c61f4e1ee78b85,4,,,2018-07-01 00:00:00,2018-07-03 23:18:28
0ae33d56c27c21b90f3a99e6faccdf26,7c46b5ee3a6b6152b85d5d245784bc25,3,,,2017-09-21 00:00:00,2017-09-24 12:44:37
797125597a4eb8da4a0b1011bd3b22e4,6cd30de23ae80f0c8c7439acece7ecd5,4,,"Embora a descrição diga que o produto é super resistente, ele aparenta maior fragilidade, mas funciona. Falta um manual de instruções sobre a regulação do tamanho, o que pode resultar em avarias.",2018-02-17 00:00:00,2018-02-19 12:45:29
1dce1b1b7bc36395e71ff9e6bed66dc2,12f55fbb20dd8ff71113349776b5642a,5,,,2017-10-11 00:00:00,2017-10-12 19:47:25
02ab568c48760903bd69b7257a197bc3,40ccf6af09b0aadbf3e2710fb2f17715,5,Excelente aquisição,"A bomba é ótima, não dói e é fácil de ser utilizada.",2018-08-04 00:00:00,2018-08-07 23:45:53
3fbe4ab627b9a33901fa137749ce3f25,4754d7bc057483f912a675e072cd7437,2,,"No pedido foi feito encomendando 2 unidades, porém recebi apenas 1 unidade e na nota fiscal constam as 2 unidades. ",2017-12-14 00:00:00,2017-12-17 20:43:32
48b94fe61f1b985f6b4d2195e6dce11c,a4101dff2487b4a3d89330b9fe480475,5,Boa,gostei do produto,2018-06-26 00:00:00,2018-06-28 16:25:36
ea7b4643013642721676e4f372c1c2c3,21b839e8ec7b148d9a2ed05f2a54a1bc,4,,,2018-05-22 00:00:00,2018-05-27 05:26:55
6c5bdb00208c44d691c5a49096ff70d8,dcc97daebf3b61efe164a8e507c677d1,3,,,2018-04-20 00:00:00,2018-04-20 04:18:00
3868a58d31141b666e4cab8dc9419d5d,4c68cc2a641de6ebea2ffbd6a5ec347e,5,,,2018-03-08 00:00:00,2018-03-13 21:48:44
843c2e1362b9d93dfb58de1f98ae1559,421bc5d68665463cbb939db50847894d,5,,,2018-07-15 00:00:00,2018-07-16 19:59:06
8d6dd147b195216c6d3b2ad2eed58c8e,3b49e8b3142b569c258368484a58bcea,2,,achei a cor fraca,2017-11-29 00:00:00,2017-11-30 11:37:14
94247035015131ef0ddcc13cb568f2a1,95fd03e2237bc14cf9c1b6d6abd6ae93,3,,,2018-02-06 00:00:00,2018-02-07 09:36:25
6bd07c162b1da3cd3c2cea9873683cb4,9147c16fab80dbd17a45d97f65196491,5,,"todas compras feitas, eu recebo no prazo, ótimo atendimento.",2018-03-21 00:00:00,2018-03-26 11:15:53
db62a0b7e102b1cce0695f9ac9273464,fcb6bb55e888419b146e0bd3c612a373,3,,FIQUEI SATISFEITA,2017-07-14 00:00:00,2017-07-24 14:32:42
6144f512ed1742ca2343a6669aa84835,6ab63ddaa43a0adec6b62f06e9128af2,4,,,2017-02-17 00:00:00,2017-02-19 03:20:29
2795267b1147077c347e9e214178c078,cb765962c1cf94ab1a1c8646ba7060c4,4,,Gostei muito do meu papel de parede. Compra facil. Entrega no prazo.,2018-01-17 00:00:00,2018-01-18 09:23:09
db0717037d1f006b38fedc4fd3b28f13,d3c74bb3a5ee89d1802cc0ab53474509,5,,,2017-08-29 00:00:00,2017-08-30 10:35:50
5e2675a6111ffda1d401bfd525ddc0ff,7a10cbd9fd10b327d327b5efa5b57ad0,4,,,2018-03-23 00:00:00,2018-03-23 11:07:43
cb7533018dc117bee1c0b3006aa82da6,32339685fefe9062d33175a4bc12d555,5,,,2017-01-29 00:00:00,2017-01-30 14:13:22
f34710f735c7004cd55c38d3ede09710,928491f9ad93ae20de89668ea4a968e0,2,Só a NF,A NF foi entregue mas até agora nada dos produtos. Aguardando a entrega para recomendar a loja.,2018-08-01 00:00:00,2018-08-03 13:01:53
7eb8a46d5a165e960020e6cc1355eb75,573cdc3b8d7f43d865aba5fbbc888802,4,,,2018-02-01 00:00:00,2018-02-02 15:00:19
96e8d29de2b2ee46fb52c662fa8bc818,9004b30a5d18b572f851753f41d795c8,5,Recomento,satisfatória. ,2018-07-25 00:00:00,2018-07-26 01:57:18
c0eb9f77659dde744b3323cb83d7941d,907057c26859398070400de963028855,3,,,2017-09-23 00:00:00,2017-09-25 16:36:47
33a67e99de7baa0bb6ebf4fc0fb0c397,5629fdbbd11b9755743ba8b8f517f8cc,1,,ja tem mais de um mes que efetuei a compra e ainda nao recebi o quadro ;.,2017-03-10 00:00:00,2017-03-10 14:55:32
cc8457e776e5b22cf088211bdccc162d,c82a457d646f77c8f151e12a3e517ed2,5,,,2018-08-16 00:00:00,2018-08-20 05:34:34
f4bb46fec8c63f84790391cc1357c79d,a42852c445a4b9e072a1cf6e90210586,5,,,2018-05-22 00:00:00,2018-05-23 15:26:19
032018dd21c15586c339723117ce99aa,d34bf1d98a956e38ca2dd1bd44f395ae,5,,"Fui atendido dentro de minhas expectativas, prazo, valor e produto. Além de poder voltar a comprar, recomento também...",2017-10-07 00:00:00,2017-10-09 11:46:41
da2fc63ce74855f2717261dbaaac1bff,a4e60f26b5298171b4a850402c2ae5e9,5,"Muito bom, entrega rápida",Produto atendeu as expectativas e a entrega foi rápida.,2018-04-18 00:00:00,2018-05-10 13:07:02
94214a1cbd92aeeccd44f5506187282a,ab292f6c11a661dd97feca37ffe7b162,5,,,2018-04-11 00:00:00,2018-04-14 13:00:37
234753c64f43af1d850584955452ffcc,af19170492290aa8663d820e73d09524,5,Super recomendo!,Que agilidade! Obrigada,2018-07-03 00:00:00,2018-07-05 11:20:12
fc9f9499af9042f29123c88e03f9fdfa,f4da7d0ac805794a8e666416f2c20f60,3,,,2017-10-12 00:00:00,2017-10-14 18:00:57
cd8565f51afd6831a8cc7432b15e9765,fd94e66307d89e3285cde20f9766bafd,5,,,2018-08-29 00:00:00,2018-08-30 01:17:47
bc91e54ed19ec8dc5b43859d7911ef00,01c0514b1f2a7375948323b959cc5682,3,,,2017-08-12 00:00:00,2017-08-14 00:56:59
a5b8eaa2899bdec6093c15ee7b15f43d,689338a5ff7fc20c596ee2695dfac8c3,5,,produto entregue conforme pedido e dentro do prazo.,2018-02-05 00:00:00,2018-02-05 18:12:13
ee2c7187998feddf5df961011c1f5f6c,0e80321be8a729339d21fdcfb58967bd,5,,Serviço maravilho e produto também!,2018-03-21 00:00:00,2018-03-22 11:05:14
603b312d0ba6291ff8c7a0c68371e1a6,0553f54e437f2d7fddccf81ae9a646c6,5,Recomendo,Todas as minhas expectativas foram atendidas,2018-05-16 00:00:00,2018-05-18 00:14:33
ef1f14ac37fbae91df317f4cb810259e,1b90587d2255b7eb1dcc4d2c7eba1c54,5,,,2018-01-24 00:00:00,2018-01-25 09:33:27
fa6b5066a6a79a2ec28d0237e0964ee3,f3381b1e6c37c70f2b3c9d211b166412,4,Entrega rapida como sempr,stark e a loja que entrga mais rapido.,2018-05-05 00:00:00,2018-05-06 22:50:40
ab7a13719cb4219fb3fcfd6c287716fd,eea58982d534991bfd7f844e9ff0e28f,3,,Ainda não conferi,2017-04-14 00:00:00,2017-04-17 12:19:14
2c4a0cee1fb912337e09bd3c62cf8910,e5cf005255a551709fd938c0c57e3d6a,5,,"O produto chegou antes do prazo e em perfeitas condições.
Obrigado",2018-03-23 00:00:00,2018-03-26 13:16:53
3bb574246b29223a6fdb1da6cab67047,db9a0f1b8fd85bdad5394dbdf0179aa2,3,,,2018-04-21 00:00:00,2018-04-22 01:42:34
b90c9b37380f7dd5c07ed5ae5530bebb,73a1720b600ec93e0cc37c3266c01452,5,,,2018-03-22 00:00:00,2018-03-23 13:56:25
b02c062e958c588131c00dec1f241a23,aaa3852a53f716761fff6b45173f223e,4,,,2018-03-07 00:00:00,2018-03-09 11:01:11
82c8e06e1c05da8ae837651ecdc40608,b981e23277787bf0b0f6055ee85a22ac,4,,,2018-03-07 00:00:00,2018-03-17 20:47:08
7cb3b3a6e4ed82781aeb97ca057a15c4,46cede2272077facfeb5aa257851d0c3,5,,,2017-08-23 00:00:00,2017-08-26 01:20:20
5fc243ed5ab3e14e59696da3ed543882,f930a1f6247ed00d6fa9d8a09782c7b4,5,,,2018-06-08 00:00:00,2018-06-09 02:17:23
1e92b3e035f0d9b738f6011a94932651,e4c09ee4522daa0f32bd2e6b2f5ed048,5,Entrega rápida ,Recebi antes do prazo ,2018-08-12 00:00:00,2018-08-16 01:15:08
23733ab6601ace7b0d0d12d2c34e9dfc,33b3e9a4e73233190d8644e4a37d2755,5,,Ótima qualidade e linda,2017-12-29 00:00:00,2018-01-03 00:15:47
df930a1619165132f8833ca42fd93c52,0bec9641279215e466966512f6b444cb,4,,bom,2017-10-21 00:00:00,2017-10-23 11:31:34
0e3f0b10027380cf706a6b91167c0601,4dbffcbeb7412cf8ebcbd77a6f0b64b6,5,,,2018-05-11 00:00:00,2018-05-12 00:07:06
f0817586f779302b8fbcf33bcb156af6,ccffb7374c0c5619226394e8b85e0746,5,,,2017-11-17 00:00:00,2017-11-18 00:11:18
6a66da79a40ba30f098e9123fa9101d0,693571876f68cfd82ad0772a4fe8136f,5,,,2018-07-04 00:00:00,2018-07-05 11:59:45
b1146910cd5ad602c0475b559e36830c,7107c5823a581db0314f8f0fa95f61e7,5,,,2018-03-23 00:00:00,2018-03-24 03:07:23
6306c312e1ca61cc7f44180f308d0d42,5b14a3d13762f195f8bcefc1c2eb767d,4,,,2018-08-10 00:00:00,2018-08-22 11:45:44
72c9717c53b1128809c499dad3710e76,cbf962ea0d3753eb77e28f576f636f71,5,,Produto de ótima qualidade,2017-11-24 00:00:00,2017-11-27 01:04:10
cdaaa8d76a6945c52889eca8b12b75d5,d7746bb26fc8c125b8f286378c23049d,1,,"Não recebi o produto. Ainda na espera!
att,

Mário.",2017-06-28 00:00:00,2017-06-28 21:14:58
a772ef874558736ae6892d83493fa6af,01156b662f3f47b249b5a8881d205f08,5,,,2017-09-28 00:00:00,2017-09-28 23:18:37
d70540e2a934fa34de2e1a0deb7a6c44,1b211e29b1a6d0431f4f9daff2f2e207,5,,Muito top!,2017-06-08 00:00:00,2017-06-08 23:09:55
5bca48888c37df859f8fa44f2e633f96,02b7e7c49710de373ce4bb83fd4bf81d,5,,,2017-05-18 00:00:00,2017-05-19 10:54:46
caaac848110409f69b7b90c5a4cc4c94,26c2b0e7dd3eb988721bb042f783c80e,4,,,2017-08-11 00:00:00,2017-08-15 09:07:19
386e3d3663fb7743c23d1287c1aaec67,e1000df659259b29cb73a4798ccd7454,5,,,2017-02-10 00:00:00,2017-02-11 21:05:11
0624d0ec20d86b39b8f4936da80afff7,7142b298b22a79a285d2ce792dc533a2,5,,Não dão a menor satisfação para o cliente a entrega estava prevista para 13/03/17 e foi a única comunicação que tive enviei email e não fui atendida no dia 10/03 me avisaram q. O pedido seria cancelad,2017-03-15 00:00:00,2017-03-15 10:40:56
8c43499cf0905ba311ce822697146121,db7374d1f9c8965e0fbbc1fd1cc916fe,5,,,2018-08-22 00:00:00,2018-08-22 21:43:33
e36ea6e3cce7c7de94cf2967ac11b23b,ce8394168b0c05b03e738537fbb29d2a,5,,,2017-12-23 00:00:00,2017-12-26 11:26:13
e0ea41105f3bbe321c55c2029964c8c0,210be0ac0c8d9589654333e9370c6480,5,Super recomendo,"Muito bom! recebi antes do combinado, bem embalado e perfeito estado.",2018-05-04 00:00:00,2018-05-05 04:39:55
cd5b09f07571be7de7a168bcf172a6b2,ef1af042323731907ad5d9feea27fc61,4,,,2018-01-04 00:00:00,2018-01-09 10:49:50
e0c045d2785c9f84bfe029ff47167e78,36740de778429748e1ff6077c7d85e5f,5,,,2017-07-15 00:00:00,2017-07-18 13:00:04
0f217f94422928a8120878beec196689,f822dff2daea3e02fd418699a1068326,5,,,2017-04-20 00:00:00,2017-04-23 01:30:15
c00fecfdae322d115d40c6498ca8d9cc,6f1a557c6045fc877a74713dd8a7399e,3,,,2017-05-05 00:00:00,2017-05-08 10:50:12
e4292fb33908ad30f72be646ae993509,50b8dbee8859800c77f56a85f7db69cc,5,,Muito bom ,2017-12-15 00:00:00,2017-12-15 20:34:30
085b13afc1fbfc06f4eced33f2e6b9f0,aeba924ab4196ee9a04164f22278f117,1,,,2017-05-18 00:00:00,2017-05-18 11:36:11
d7d9da69737773064a4f4ea7bb5c6e8e,7d8fb4d046d76c289bd66eb341bee09e,4,,,2018-06-30 00:00:00,2018-07-03 12:57:20
e948a1927f63a1d60bf33ddb335c0cbb,8bfc859f734def7a579d24fe9b618da3,5,Ótimo ,Loja perfeita ,2018-08-30 00:00:00,2018-09-03 13:15:55
228a25615ef0bf98bc82748242b51589,d8d8abd9a4aa1b36575678bdf5e9d23e,5,,,2017-04-01 00:00:00,2017-04-01 21:03:21
1b4aa71efe4e1e3931be30acc350887b,8981058485651cba8b7d9c332fd47047,5,,,2017-09-27 00:00:00,2017-09-28 11:37:43
60025b90e14804969d69eb764eb682a0,1682b18a188c5ffb35aa6fc06c836a78,2,,"O prazo de entrega é muito longo, demora demais.",2018-03-02 00:00:00,2018-03-05 02:38:52
1a6a79840391bedbf0a332184df23b3f,b9a6c5f5df52c7226ac85aee7524c27f,5,,,2018-06-20 00:00:00,2018-06-20 15:53:18
d65da0d380459ee3c500a261b6acabaf,02dbd29bc7a490d582762fae9f0fd997,3,,,2017-12-14 00:00:00,2017-12-15 11:05:19
513514ca94051ed3ef2fb5159df44cbb,c356aac7fabcd3bab9aaf9ce1f36b945,4,,,2017-03-22 00:00:00,2017-03-23 22:34:37
7fbd3ba118c563d9136f09e689018e03,a86fc4e81f6a746ed3fe4495a242e3e4,4,,,2018-01-23 00:00:00,2018-01-24 13:08:46
62cae14e35add3c347886fc9337e6e71,7bb862945115522f6861b172c72405b1,5,,,2018-04-14 00:00:00,2018-04-14 22:33:27
f232ed5794d74cffeeb70d27aa66028f,1b36920ded6f3aa566e53f04957af0e7,5,,,2018-08-11 00:00:00,2018-08-11 17:18:08
6146a9da93e8f3f9b4d24ddbb693a170,bb787d6e68f079fbf94e8df39219086d,5,,OTIMO,2018-07-05 00:00:00,2018-07-07 14:51:13
08527dde5a52974585a852bb9139ed1a,a5db57e596494a2570d250dea03da4ce,3,,,2017-11-07 00:00:00,2017-11-08 09:44:31
e6bd398847f0984aa8f5b5413b3a8dc9,1162cd6cea2c1d4d79492aef88f50618,5,,,2018-03-08 00:00:00,2018-03-10 21:58:46
a4975f22f2dd9e1427aaed080ec50942,eba5ed5e25b2381933d6f2a0227fd21d,4,,,2017-04-29 00:00:00,2017-05-02 19:08:48
6bc92786a5bd0870cd21303014d4c0c8,8c3078b30ae073033c2ea0964a5ada96,1,,Horrível,2017-12-01 00:00:00,2017-12-01 18:46:20
79a303aab9d9bc6c01740707d12a3fc8,843ad442f1f401e52f43a4b176e211fa,5,,,2018-06-28 00:00:00,2018-07-03 20:35:36
4a72d60222d2209e1aa183eaddc0827b,b19f37ba4b4c83791c9bead49f965926,5,,"Olá, o Único detalhe é q uma trava veio solta, mas n como n vai interferir em nada n vou devolver! Achei o carrinho bem grande, espaço e parece bem firme! ",2018-04-12 00:00:00,2018-04-13 19:39:28
7b4db0b85255217422668a3fe743f458,ee878ee16f84c47738cda240e8550a90,5,,As pilhas vieram erradas,2018-02-07 00:00:00,2018-02-07 19:29:47
68610875fc0954529b2169b03a55296c,027ae252d37e5527c2e109e268b222e2,5,,,2018-06-05 00:00:00,2018-06-08 12:14:27
59ca45d23b1061bc2f94269b614f2bda,8ecf04501b91702b0c93522081cea66a,5,,,2018-06-09 00:00:00,2018-06-10 17:57:37
bd26576eaf85aa202dfc26dfc09aa02d,2c898efc01eadc9d297ade3fd9fe540d,4,,"O produto e bom, o envio foi rapido.",2018-01-18 00:00:00,2018-01-20 07:32:38
bdf7a30058c2863083371bd7ad6c7a04,0c9f4cd9a2f5e3783d9ec0f4daa33741,1,,Solicitei reenvio do produto após a resolução do problema reavalio.,2017-09-24 00:00:00,2017-09-25 11:59:24
5942d4cb247afac31c7ff95cbb58fd6e,f08fc2a6ab902c89cb3ceba4c9daec6b,5,,Recebi bem antes do prazo final. Recomendo !,2017-07-04 00:00:00,2017-07-04 23:07:47
7ecb344ef4d1435f331c5410ce56e87b,67f755ebeb35fe46f6e389a1148a0f22,4,,Boa,2018-08-22 00:00:00,2018-08-29 01:41:14
989d142eb0b67da1e7942fdfa9a92cc6,6acc8234fbe95cdf6e5e160bc5a23ad0,4,Muito bom,,2018-06-13 00:00:00,2018-06-21 20:59:08
6fede56cb0643444a56fc227090605f7,03181fddac1b424c893821ec539b2abf,5,,,2018-05-09 00:00:00,2018-05-10 00:38:55
600fb0f8ed13e7e6d15f9f53fe412003,72074725a693246f2057f0d9e1c4398e,1,,A entrega atrasou sem nenhum contato ou justificativa. Enviei msg e ainda não obtive resposta.,2017-12-10 00:00:00,2017-12-10 15:13:00
15301c7ffc6e246c60a1ef7bc8ae1d0d,df8bb1c5e34a83edbd547f2fa290801c,4,,Os cartuchos estavam vazios,2018-03-07 00:00:00,2018-03-07 18:30:31
aa59b5033ced6929462d0c586e57dd8f,b2377b1954ac905f64a3797f58fc36d9,5,Super recomendo,Produto original,2018-06-13 00:00:00,2018-06-14 12:12:09
02220e30a4b7a1b199b0f1baec21e7e1,959815491185d6d44b4adfb9caaf3b9f,4,,,2017-03-28 00:00:00,2017-03-29 16:22:10
7009932289ba917d21f580f33bb36db0,5c1a7adae63c3dd38c445817f9947cf2,3,,,2018-03-27 00:00:00,2018-03-29 22:04:46
d209e984bf46bcb04dc431648a3f5182,d6f81840dedabe214cbfa42226e7dfd4,5,,,2018-01-08 00:00:00,2018-01-09 14:26:21
8d803d37d62788cccbae74d7baea91cd,fc7f5997b1623d9bc1427466a7a70b94,3,,,2017-06-28 00:00:00,2017-06-29 18:47:25
3b504a453164a4d81742cc58838d36cf,b95d64677c5c20bf3f29beb3c57a99b6,5,,,2018-06-27 00:00:00,2018-06-27 22:07:38
dbab814b566f82dab9fb89ae6b5001ac,a2f9ff7df829bc4345e5cf8b5bab2e85,4,,OTIMA,2017-11-25 00:00:00,2017-11-27 16:25:11
a94d5081a596887a51ad8947698c413d,b8c26c45a4adb8e4dbc205f147659a71,3,,,2017-04-07 00:00:00,2017-04-07 08:04:14
be4d71bc07273579e2262f8a0b72b743,7618b897317b5a4fc4f1b15666f3e24b,5,,,2018-06-06 00:00:00,2018-06-08 19:41:33
505bdddb010fa846e3217c0155e05a50,61769896c818f7de2c326dfef69551a6,5,Excelente,,2018-05-04 00:00:00,2018-05-04 22:21:17
38ca70688d192155a791b03ca18abc17,bbf7ad105edc929937625364891dc8c6,4,,,2017-06-23 00:00:00,2017-06-26 00:42:13
8892d9e70de3e86e4281abee4daa125b,6fae9a0c40ff98d96a5ce24aed7ad0c7,3,,chegou no prazo,2017-12-23 00:00:00,2017-12-26 22:51:39
426e4c273f92559bdc3118892650f3f6,06b29dbcb820a53c15525933a91ada27,5,,"entrega no prazo ou antes e produto correto e sem avarias, muito bom,parabéns à toda à equipe.",2017-10-20 00:00:00,2017-10-21 01:34:08
b20801e04a99b49faa3f9a97b39e507c,2d78939bfc4d766dcab37fe477841c1a,1,Recebi só um dos 2 itens ,Comprei 2 chaleiras com infusor mas a empresa só Entregou uma. ainda estou com a caixa pequena para provar que só recebi um dos produtos. Quero reembolso ou entrega urgente da outra chaleira,2018-05-29 00:00:00,2018-05-29 18:51:29
0f4fe3f20953183f75882dc98c70c039,2ba1f687634de479f8b6f7c483597793,4,,Produto bom e entrega rápida.,2018-03-15 00:00:00,2018-03-16 00:21:15
0ba8ff1a2b3967c4bc27d7ed2074b7b5,027286057add812ecb77ad0b23604c06,5,,,2018-03-14 00:00:00,2018-03-21 16:27:45
a2e8b4e665acb20e3882024253228712,2d5a9031ce30f2732d18bb3722b887a4,5,,"Produto muito bom e entregue no prazo ,recomendo.",2017-06-02 00:00:00,2017-06-03 18:06:00
5ea229689a99a45b59c3b41979c6dd12,7708348e3397bde852e5dade4c632d8e,5,,,2018-02-28 00:00:00,2018-03-01 05:15:15
4f0b1c23ce177e70f59b4fbc8e23fa0b,b53273dc08d42154a427ce58148a7664,5,,,2017-12-07 00:00:00,2017-12-07 19:50:43
6a7b099498b42849ad8e4fdb2b3ecb8b,f0c11cab63a210c8c102b31a8edd69db,5,,,2017-08-19 00:00:00,2017-08-22 02:03:31
fc63cb40e62e6243efef9a40f4487978,da81fbc27b55e0f3d2813cf2078dc780,4,,"Problems existem, porem, necessario compreende-los.",2017-12-13 00:00:00,2017-12-15 03:27:35
851e89ad7b98aeeb25ab87a3554b584b,4edf2392a7d2397850d5c53a1df11921,5,,muito bom,2018-07-31 00:00:00,2018-08-01 10:27:29
dc39fc96133cf9aca4270c1b936d26ca,4ffd41fadb59bd398d869be78f1b2be3,1,,,2018-04-12 00:00:00,2018-04-16 12:12:22
f4903d2abc5dfa2af96e957936ccd0d4,3dca6d9d8b512cc7f4b303e609b8c0e1,5,,,2018-06-21 00:00:00,2018-06-26 22:48:23
eaed2620c9d962f483981840a7b2336e,65c599e3998c4243f4e62affbf5bcdd7,5,Boa,Muito Bom ,2018-08-24 00:00:00,2018-08-27 01:44:20
aacf6f81f78d28d3b1da243e211605c4,fb66173878dcc988e4e3e1151901b298,1,,"Quero saber quando receberei meu pedido.
",2018-02-24 00:00:00,2018-02-25 00:56:43
fa93ccb6be83a4fe024c7bb36558fd95,0b87d9e59c7c19b041fe36e77aa33a42,4,Excelente,,2018-05-23 00:00:00,2018-05-24 20:06:50
6abd9acbd52e53738a9616da475e44ec,d924b2f481ea43a95856d604e81f9219,4,,,2018-06-27 00:00:00,2018-06-28 08:35:46
971aae411ac211717e47589495e77217,56b6c0c35525102d39f7314a90f95977,5,,"veio correto, no prazo nao tenho do que reclamar",2018-03-13 00:00:00,2018-03-14 10:47:26
18544cc999b1b55ff82fc58e440db7b1,e9a0ea38c9ccce5af1c178330ebdf3b3,5,,"Entrega no prazo, tudo OK !!",2017-12-01 00:00:00,2017-12-19 19:02:06
32aba2ed799d374584f8fd4eea6a4378,672e1607b26c5a9e1ec3e1e537af3257,4,,,2017-06-15 00:00:00,2017-06-16 13:30:55
e10962d371021bbe9f70edcb5e3b8e7b,710bc497ddb33d94263a302f17416924,5,,O produto foi entregue antes da data.,2018-02-15 00:00:00,2018-02-16 20:36:28
c5d326330fa0e0bab4652aeeeff6f809,8a80054573ee01a321c77752da93566b,5,,,2017-12-05 00:00:00,2017-12-06 09:31:04
1e715cdc9c87384f35b21f947028d3c2,973099d5fd52c77163406f2eba72dfc6,1,,Demora demais pra entregar,2017-12-16 00:00:00,2017-12-16 20:36:54
e3434c1024a85c2296e9cb3f5fc69969,eb4c34f6c71f98b594e9df32d8e3c851,5,,Excelente produto ,2017-11-14 00:00:00,2017-11-16 23:44:26
3efebd3f541f29c580265cfc6bfbd0e8,566c5bff1142c9d6003a83fd2e8ad1e5,1,,"Não recebi nem receberei minha compra, gostaria de cancelar o pedido e que o valor seja estornado, grato",2017-12-19 00:00:00,2017-12-22 13:47:48
0daa8709b5972fc04b4ff4e16656bbc2,c8b5282d408a1646c2b36a65f3d6fc80,5,,,2018-02-16 00:00:00,2018-02-18 15:32:45
5ba552f6a978e273f1a89dcbcb15c590,2e823fe077401bf3d30b8a47e324571f,1,,"como ainda não recebi o produto que comprei , não posso recomendar esta empresa para ninguem. ESTOU CHOCADA, POIS É A PEIMEIRA VEZ QUE NÃO RECEBO UM PRODUTO QUE COMPREI NA lannister.com. ???????????",2017-03-24 00:00:00,2017-03-30 22:54:45
7a7f4815533e7ee0ba05f5bdaf0b84b5,d9855ff1d7520c1c5397b65164c32477,5,recomendo,,2018-05-03 00:00:00,2018-05-03 17:51:21
40ae52377c2233b73bf6ea8dc2d7df36,2fb37b5e58616af008e9835632fdce7c,5,,,2017-05-05 00:00:00,2017-05-08 10:49:06
4626cc2c31f40a65ebb675b02abda468,32bc89adafbfd38be0cf6931769c6a6d,5,,,2018-08-06 00:00:00,2018-08-06 18:47:35
14eb9125873935d546d0014924e29fb1,d322a3ba4223a4f30fb7c76c8202563d,3,,Demorou demais.,2017-10-21 00:00:00,2017-10-23 14:12:19
bce7be0c4ed3ca2922cef8ac2423a5de,52cba627ccdd9b94ac5a9be42d31b58a,5,,,2018-01-09 00:00:00,2018-01-12 10:09:44
dfaa5eaa0c6455c36de7c843104772e4,cc2a815c27056f7c5770b6a14d422863,5,,,2018-07-17 00:00:00,2018-07-17 16:30:12
70ab791eae5d8cac9e0887bf50343037,97ea8a6df3851db9452426e8aace15eb,3,,,2018-02-22 00:00:00,2018-02-27 13:27:32
fd903bd42e1770fd51573b86349477a1,62ad575f01f34c4defb94b0a1f56b577,5,,Tudo perfeito.,2017-10-26 00:00:00,2017-10-27 00:07:15
9091382ac74a62f5384471e453df0e48,cf18cc607f8e7571b9df511e66edb910,5,,,2017-07-27 00:00:00,2017-07-30 19:11:47
36ff0a11992ccd130332e7ea1887af48,1539409c01ad8a5e32a2574668ad975e,5,,,2018-02-01 00:00:00,2018-02-04 18:30:22
c70feef6b3356b88562824a348c414f6,1764b7f40d0e7f04994494ffabf34ecc,1,,,2018-03-09 00:00:00,2018-03-09 13:13:24
1c9b965575ce36519e5065662c06406e,3762c0ef92b5bc397671e6d7e6d5672f,5,,,2017-08-23 00:00:00,2017-08-25 10:18:26
a0ba97ce98f76cf57bb2c5530513be70,7033745709b7cf1bac7d2533663592de,3,,dentro do anunciado.,2016-10-25 00:00:00,2016-10-26 23:52:15
23858b806b4f44681dec4e5b24357914,ad6b07be756ec7284a64503ac34f6975,5,,,2017-04-20 00:00:00,2017-04-25 20:49:49
8ee270c95a00b193df4564079ba5488b,2592a2d249009fdfd066161c0c2a726c,5,,Chegou antes do prazo estipulado. ,2017-03-28 00:00:00,2017-03-29 13:57:21
481b67143c4bcbcf5004c14de61c9a93,7bfa5cf288b9dab1fe987fdde74c14fd,5,,,2018-08-21 00:00:00,2018-08-22 00:43:34
954356367a6c1aa132f08545df7e6298,f8e1b50625c5fd41815f3af6e9dca501,5,,,2017-06-23 00:00:00,2017-06-26 16:30:46
3ef209b875a83df0af48195127081dcb,529a18626bb2bb7907cfcb5b5f2b0e6e,5,,,2017-07-27 00:00:00,2017-07-27 23:28:17
b0d326858e6c2927aab2a0bba89c5744,68e4d7b489562de5ca0a4486d7d0c3d8,5,,,2017-08-09 00:00:00,2017-08-09 23:47:34
7f5e5e0a3d48d2f2b443c45a7fe8d267,be75420cd32a5c26b69ec360e62b65f1,3,,,2018-01-30 00:00:00,2018-02-05 12:12:18
ce2267ae0802ab999b4b133d8a9f2bdb,d95c203ba62b39ad3c3a2df8d5e7c052,5,,,2018-02-28 00:00:00,2018-03-02 19:12:29
453591e158535ee7c367609391ac4af5,7a0caf0ff12b2c5b07c8c653fb6ff5c3,5,,,2017-09-12 00:00:00,2017-09-13 01:09:20
147a139a7cd827aeef7b238c22945296,ade4397f52cb13f72b87939c8250e292,3,,,2017-10-13 00:00:00,2017-10-13 21:29:35
1ef52114791c63cb2c5b6de3ad5e70b9,513f43ba9ea592cb81880aeeb11f08d4,2,,"No pedido, a cor era preto, mas recebi na cor branca.",2017-05-04 00:00:00,2017-05-08 20:32:42
869b7f58742ad9ef60d7a51e30891958,7cc6b9b998cb009fe458744cc5ba5f54,4,,Veio Sem carregador,2018-08-18 00:00:00,2018-08-21 03:21:30
0fedbe8feb2475623adaa716a36ca841,4d23a772e8fc588881020cd749f76c8f,4,,recebi o produto dentro do prazo exatos 7 dias apos a compra.,2017-06-22 00:00:00,2017-06-24 13:44:20
009697e999d896dee6aeebff3ce01111,a6f396e6584d25c2b097d0dcd625f10f,3,,,2018-06-13 00:00:00,2018-06-16 21:46:54
5b5dd7d52edca0a845aa074a673b3632,57faaa762a71e0603439c7a742527524,3,,,2018-02-02 00:00:00,2018-02-05 18:52:57
fe59e3eaf7d06c5f27c075198a72ade1,375e5c646664c609938372d3f62da9d6,4,,,2018-02-08 00:00:00,2018-02-09 18:22:51
1ccab01ba03957b0578b69094a8116af,1cbd4699bdc656606f114d4710bf87bd,1,,,2018-03-31 00:00:00,2018-04-11 11:38:30
c8d67fede61f65cea25def2dfcba8fd6,de76f809479b8391b6166b1448d83f3f,3,,,2017-07-07 00:00:00,2017-07-10 12:51:00
5247997bc84587c8125a38b3c9562a30,04b9ffa87087a2450449da3911146316,1,,Não recebi o produto!,2018-04-27 00:00:00,2018-04-30 01:02:35
f994b1d9d7cdbcecc05d7e00c4132956,53b8913fe5c632a9aa10069a33aaceb0,5,,,2017-12-03 00:00:00,2017-12-07 16:44:41
13d04f80e8f0a8bde444f63323ce1d71,47206fff1e56391bf30b5acbe7f5f7a2,5,,,2018-05-23 00:00:00,2018-05-26 14:42:29
5881fb2fa0a740c90e81213ade99b27a,bcce0481b3f582ede8d29c5b4bcdffdd,4,,,2018-04-21 00:00:00,2018-04-23 17:02:07
477e4a7c873c4b2979f7f38e5b53c571,d5af6d41c141d7f5e36c08e509167d01,3,,,2018-01-17 00:00:00,2018-01-21 00:27:07
7c8fc98362b4f28eeecd63cd465188fd,6c1e09e4c733fbc610ee1737436f8a5b,4,,,2018-02-20 00:00:00,2018-02-21 11:48:35
4d0b94b13b9966be8f4dcf8d08da7c9c,042649285cd08ef7c546445419b43407,3,,Apenas não recebi emails de confirmação de compra nem andamento do pedido. Nem da stark e nem da loja.,2018-03-17 00:00:00,2018-03-20 18:24:31
e9f8830d7784724663ad841c84ca28a4,575d8ef8d005dd6e8f39b314079973ef,1,,,2017-12-20 00:00:00,2017-12-21 00:45:30
2f8e0d667ba5eef628ccf5e206e61e83,7d9222bcb9fbdafc453620f32f6fb996,1,regular,material inferior ao esperado,2018-08-04 00:00:00,2018-08-04 21:02:36
3dc475ff52641ff5a077254d7fe582b2,53b48de8c162b1a00ace27c3c0a9b148,4,recomendo,minha filha adorou.,2018-07-31 00:00:00,2018-08-01 17:27:58
fd28001993786b93c7fe5fcaf5485ed9,4647f189e31add16ebebc6f67a6b6dc1,5,Excelente ,,2018-06-13 00:00:00,2018-06-13 08:48:58
151192b30732c42139058602003305c4,5c110a6989b5bf2b90e611d478bafa3e,5,,,2018-02-23 00:00:00,2018-02-24 02:40:26
bca9f15ccec755e2124696e982cc5a2d,077b4b3a3d03fcdfce6a94e53ccdb3a9,4,,,2017-12-01 00:00:00,2017-12-03 20:28:21
08e80c63e8936e8ff6e78bdf23f95573,9a5ceb5fb7ad11f5fd1be2c87e632562,5,,,2018-04-13 00:00:00,2018-04-14 11:49:37
132b78d708697abd36e413f1cb3e5bca,d394b412b6d133b86365feb125056e5b,5,,,2017-12-06 00:00:00,2017-12-07 01:40:35
6f1cb542b867357a14fb67027fa1e9a6,17d018174e8bb3a09152f926cc684ad2,4,,,2017-08-22 00:00:00,2017-08-22 23:48:13
a4bdc83aa9f73e836c4bfe0f14da902a,1ed3c7f08656149896b3e30bff0ad3ab,4,Bom,"Produtos entregues antes do prazo
",2018-05-15 00:00:00,2018-05-15 19:13:39
91ff927306f05ce75c5fbc5c838ccd28,da53145615b1d679fc6a9f3121d8bd85,3,Produto NÃO 100% igual.,"O suporte que comprei na 1ª compra gostei muito, por isso resolvi comprar mais um para dar para o meu irmão.
Ocorre que no site mostrava o suporte igual ao da 1ª compra, mas quando recebi o produto, ",2018-08-23 00:00:00,2018-08-25 13:22:11
80abaa03b334ac0220f989337dd98ceb,3d5651800efaa81c9c96808ded6f145e,4,,"Uma loja excelente, entrega 🚚 rapida",2017-09-23 00:00:00,2017-09-24 02:39:53
d39dc821401edac27f4c016ad54f0109,56f3eb3f797bf95b964817291410d0a2,5,,Super Recomendo meu pedido foi entregue muito antes do previsto ! Chegou certo e em perfeito estado.,2018-05-30 00:00:00,2018-05-31 13:29:09
aab2cf1c8d9b6a7ee3508ce9b91d0ade,c5dc5eee680080a268100b420f8e960a,5,,,2018-06-06 00:00:00,2018-06-07 02:00:14
f4e46354e0f577109f610bde000e2ed2,a7abe735fa002a72636ab38fcac70330,2,,Acho uma Loja maravilhosa que tem tudo que agente precisa.,2017-08-09 00:00:00,2017-08-10 19:24:17
9c3361582da963830ce4947df6f55b60,97bcc96998b24fe6ee7cec4ae04001df,5,,,2017-05-23 00:00:00,2017-05-24 20:34:53
99cc6fc63bda0948218bfd747229c758,6621d32aa07764fa7759c523c9001bb2,1,,,2017-12-22 00:00:00,2017-12-24 11:55:07
d7b79fb1e0df698b7ee1f34fbebdcc69,fbc5af15d5085c218e6b1ee0b94c3620,4,,,2018-07-03 00:00:00,2018-07-03 18:56:58
b5aa12ce2eb2dd8de9c623a221399ae9,ccf9f826a9a2889f396bc19425443c9c,5,,,2018-02-06 00:00:00,2018-02-06 22:03:55
fa1669a9d789697202f425fb093aeac0,fe437c0788b9f47d5ec164c87988cbae,4,,,2018-08-02 00:00:00,2018-08-04 10:34:10
03783bb1d317fff9bc2d869654447c68,a83755325957c8eed972dc614210922e,5,,,2018-05-16 00:00:00,2018-05-21 19:42:09
cd4638d96bb4a760dd4d397f59e68db1,09410001d65f75b36821f9556694a895,5,,,2018-06-09 00:00:00,2018-06-11 10:25:45
11b51c0d3829f80db77b70924d3af654,fee5a1127dde04aca98c3dd84e96d471,5,,,2017-10-12 00:00:00,2017-10-13 01:50:25
d6290b7d49b64302bace2cd51ecf2725,96ed1598c0605903e3a112a907f54700,5,,"A vendedora foi super atenciosa, ligou para confirmar as medidas e enviou um email falando sobre o atraso na entrega pelos correios.
Capa e galochas ótimas. Recomendo.",2017-12-09 00:00:00,2017-12-17 14:32:02
3abaf6217e7c80e962446cc98ab6b74a,63271c4f926901533f34d374c4126952,1,Protudo diferente da foto,Quero devolver produto ja solicitei devoluçao,2018-08-01 00:00:00,2018-08-01 22:09:19
3756e3931a1d87086db8cf4c5b1ce60a,2064a88a243add2e2cc03b9c6043e616,1,,O produto veio com defeito e esse site criou mecanismos pra simplesmente não ter nenhuma responsabilidade no processo! O fornecedor Itap Modas - Itap Moda Eireli ME É UM HORROR!!!,2017-10-11 00:00:00,2017-10-13 20:44:37
dec6acb717d9ae0df759085b843f518a,fa4f63175b284248b89a46c3b7e7bc12,3,,"O produto estava com a embalagem violada, porém, testei e não tinha nenhum item faltando no conteúdo. ",2017-04-13 00:00:00,2017-04-17 16:41:51
9ef82d6c1b8ac9bb2b9de0e100d91d57,e73c4ecd46f3549fd9ebcdfab800cd28,5,,,2017-02-23 00:00:00,2017-02-25 19:43:11
0826a3d39869bed34b66337c7a109680,29182856a24c6eeb1d7b81ba1fe63190,3,,Xxxdf,2017-07-30 00:00:00,2017-08-01 21:15:30
27ce937326297ba7fb18b0cb3a960a95,f577c78346131418552c3d7fea582723,5,,,2017-09-26 00:00:00,2017-09-29 01:12:46
66fe4fcdc8e65674f74cf12d6d0a2c39,232ed087a5c59841a1a56af1fe8d797d,4,,produto exelente recomedo sim,2017-05-24 00:00:00,2017-05-27 01:12:37
f9aa6fc9c704abca98221664caed5fc8,f9f75601353a50e58746860ba04dc47b,5,Entrega rápida! ,"Entrega rápida, produto conforme anunciado! Recomendo",2018-05-05 00:00:00,2018-05-06 03:45:16
c0a0676632aacbce27ab017dbf44690e,b7441c24c727cdf423f8339a62447193,1,,,2017-12-15 00:00:00,2017-12-15 07:26:26
88ea1168ec004363e0b838effe39c63e,cfd5d5311ae38742b4ecdbcf4c3662a7,5,,,2018-02-22 00:00:00,2018-02-22 23:33:47
f446d1bd5cb103499ff18879c40fc9d8,71cefe5177d8b6b11dce9fa4060f01cc,5,,,2017-08-22 00:00:00,2017-09-01 14:36:02
e48f558fe88425520bd1bfa667714a3c,d899e9de06c12640420a628524e4c092,5,,,2017-04-12 00:00:00,2017-04-12 21:12:27
289a00c228bd5984e66fee7e3fb0a7a7,8549f693ac0aefd770eee2cdd7e18e08,5,,Entregou antes do prazo. O produto veio muito bem embalado.,2018-01-12 00:00:00,2018-01-12 18:54:56
b8a36aa1b77a98e947fcc51e69747530,1226bc7c4bdd186e5e12d4c3ced73cac,3,Excelente,,2018-07-04 00:00:00,2018-07-05 03:41:16
172016d0d5e0782e613f074fb309a741,e020c537e96d13d9331a1badf93b50d1,5,,"Ainda não instalei, mas aparentemente é bonito e de boa qualidade.",2018-01-25 00:00:00,2018-01-28 01:26:36
ce1597b6599be8b70c52aa3cc29f07d7,fc52f0b6b2799aab381d22c1500ec63e,4,Excelente qualidade,"Gostei muito,satisfez minhas espectativas",2018-07-26 00:00:00,2018-07-29 11:09:23
1f13da30e937fb82ac15ca7cc20e4537,2f8f31eb2f7b6572836d662a6625c8e4,5,,,2017-02-15 00:00:00,2017-02-16 15:22:45
9de20219695940aee04aca28293f7869,403fee786bf2a91a88cb6bb0ac68d07f,5,,,2017-10-03 00:00:00,2017-10-04 14:26:48
53fcf7bb6b3358f6b19bb0ab6203e7a7,5bd6d7a2a88f8150d8fa5b7e9158ec7e,4,,,2017-06-11 00:00:00,2017-06-11 19:01:44
3cd9ed4a22081cacbdadab3ea0a4700f,a07355f9fa72ba9605c5e87a93ceac0c,3,,,2017-11-28 00:00:00,2017-11-29 00:09:31
a74f5f5c9c3ced0834d77149657c517b,ab722aebd7d92f979b381ec1d4080551,5,,"Bom produto, igual a descrição",2017-12-06 00:00:00,2017-12-07 02:28:07
e71b2c040bdd87f9765aa83c4c3a6b02,1a66f333fc14fa09a218cbb11f00233d,1,,"Já fez um mês e ainda não recebi o produto.
",2017-09-10 00:00:00,2017-09-10 12:38:47
b3b742da519e2722df2c6aba11324c71,70c3ef96b8128e86a710aea11adf6e63,4,,,2018-01-08 00:00:00,2018-01-08 15:43:09
df267a21d1889fc2e94794b4a61d577f,0449fc8e83f3042e2e415a2bc3f2a424,5,,,2018-04-28 00:00:00,2018-04-30 20:35:12
11a5d0aad0d7e50c560a5090a53e3c3e,275116adf4704cb53a1108b906bd2434,1,,,2018-06-26 00:00:00,2018-06-27 01:59:27
e9f2a24e5adc2810bdbf57a2b25548f7,b345a3528956237e1d8907b94d5e5829,5,,,2018-03-07 00:00:00,2018-03-08 12:15:44
8fc224fdf8c1be306ff0d0c541e1b28f,2901c587ddc2733afdf68e81b98d2c0f,5,,,2017-05-19 00:00:00,2017-05-23 12:53:01
5dd59df9921255e70037d6ec56496fc6,25348d7abfa3893731e3836aab2f6a6c,1,Zero,"Muito bagunçado, não recomendo",2018-07-29 00:00:00,2018-07-29 12:02:58
99f7cda40471ad775f47573d1e006372,02e8498a91ec0e72dfaff47b27c805a3,5,,,2017-11-19 00:00:00,2017-11-26 10:45:01
7b9d9a26603e3b4e7b0470cf4035ca96,d401e4eb313c624cb7c140e43e38192e,5,,Linda Almofada!!,2017-07-18 00:00:00,2017-07-19 12:05:20
f0307f05bf524c649e370775d673660c,e6d3b5b66f40a99ac01da49f4c543e36,4,,,2018-04-27 00:00:00,2018-04-27 16:17:43
07a181986bceb9c42643bab1661d923d,234ac296ce754ab2518ae1bcde8b0fea,5,,,2018-03-15 00:00:00,2018-03-15 09:30:44
97fa654d4319038211982f1bb1c34cd6,521a65cfd386ce592bb2ef094c71ed9a,4,,,2017-11-11 00:00:00,2017-11-13 15:52:04
a730905d27b05bb297af6351bf6f9396,584c2b6afebd2ec8c284ee84f4c79ebf,5,,bommmmmmm,2018-04-13 00:00:00,2018-04-15 01:16:44
6e74c56e2e5031c976ee1021e02361a7,f71f7cfa091dab4d5aaef7195c37c986,5,,Fui muito bem atendido. O produto chegou antes do prazo estipulado. Agradeço a atenção.,2017-11-28 00:00:00,2017-11-29 10:34:57
5a0f8e5d90407378564ddd39eaf9e9df,2e2a0af256d902ab2e816447f6f531be,3,,"Os cartuchos da impressora vieram com defeito. O preto não funciona e o colorido não funciona a cor vermelha.
Lamentável!!!",2018-04-11 00:00:00,2018-04-13 10:45:29
39a6d1e1461789d9d0dfb850ef396d51,54745af3cd64e980bb671452c9b01d15,5,Estou muito satisfeita.,"O produto é ótimo, mas infelizmente não veio um manual de uso em português.",2018-08-28 00:00:00,2018-08-28 21:25:20
b3d910d279fbb1b3f983f83bef02ed2e,e61f15c94900d1cc4cebd96be96f3823,5,,,2018-02-27 00:00:00,2018-02-28 02:35:52
34b0f2c191cefae77a0805d4c54e5410,ff54c442f3e9f50941a09dcf4e061e6f,5,,"É uma empresa confiavel ,",2017-02-26 00:00:00,2017-02-27 23:22:56
cb5ba2a39e7aec23350c6e20169224b0,1ddf482b18254ebd8a07327e9e07aed6,5,,,2018-02-15 00:00:00,2018-02-17 16:03:00
8373878b009cd82112e2d81b29c924cd,f962d2edc594dccae522feb6446d2104,4,,"o produto é bom e não houve prolemas na entrega, so me enviaram a cor erada, mas td bem.",2018-03-15 00:00:00,2018-03-16 14:46:52
b962f302b43079158e183fb525f4eb9d,744b5f76be2964239912826181a4cf54,3,,Bom!,2017-07-27 00:00:00,2017-07-28 10:59:43
ff21d9d0b039135bba78b4407c8cc109,802c6194741628ea426c4d7a4e55707a,5,,"Excelente produto! Só que comprei king e mandaram Queem. Vou ter que devolver, uma pena. Queria pra logo !",2017-05-03 00:00:00,2017-05-04 12:30:07
e53e33d7ccf04ba597c13b135e4f40dc,3bf31ab7902ee8a53800c1f3d57651eb,5,,,2018-05-10 00:00:00,2018-05-11 01:06:21
16f66d9ebc27c101487ccb78a8bbbaa5,abe45c6183ce8438e33286caf45374b4,4,,,2017-06-28 00:00:00,2017-06-29 18:08:34
ef676613f617acbc037f2051d37740d3,51b75c5c75f715e5c1fbe8300ede89bc,5,,,2017-11-23 00:00:00,2017-11-23 16:12:46
49aece6f6e8e0ecd96f7de0eb1876713,8fc946cd9c823c0d350def51cea2f603,4,,,2017-11-25 00:00:00,2017-11-26 11:28:06
08b463bc3af6bc7d3073147ee3ea4987,17e6035d2c8a3c133174ada65347a2e4,5,,,2017-05-17 00:00:00,2017-05-20 14:04:05
a4480d6565048ea43ec25f519d540614,ae5d768eedbb1d0d2d3cf01e6b844739,1,,Muita demora e nenhuma informação! ,2018-03-23 00:00:00,2018-03-24 01:15:13
39d256bb3a9def647d7dd7ec1d230068,664544bb88aaff855be52c01210033a5,5,,Entrega super rápida!,2017-04-20 00:00:00,2017-04-21 10:44:56
75cc0072ec066199f0767b82f4d547ff,55c22802abda3dda5ccb0d14c0123915,1,,,2017-12-21 00:00:00,2017-12-23 08:34:47
aafcead368453eda37d82b328c1201ce,9cff260db4eb043dedd6f2f62286c602,5,,o produto e excelente,2017-08-10 00:00:00,2017-08-11 11:21:08
b3c6bf6d28538218ccc3e044a1a5265e,5a40c1e92e3512536d5910f21f5e1856,5,,"Puffs chegaram antes do prazo, tudo certinho!!",2017-08-31 00:00:00,2017-09-01 12:05:22
a83ba01cf2dd20b484d36c5951a39c19,7a37faa848114c1dfbe6b90f15af98fa,5,,,2017-05-27 00:00:00,2017-05-28 15:13:24
5c2a98615a8208ed9fc34b854d6f1816,13188f2e3cfdae1480d1552e58d19d7d,5,Bom produto,"Entrega rápido, gostei da qualidade da torneira.",2018-07-27 00:00:00,2018-07-30 02:15:44
1e6b5cd80b5776427752b5f56d52bf90,7c7b50bf10378ca615ca44f0413bc73b,5,,"Preço ótimo. Super bem embalado, e pretendo adquirir outros produtos brevemente. ",2017-03-28 00:00:00,2017-03-31 03:37:48
b52a0211205e28cee2a9a261d7075b5a,92b8ad8746bdc2d63f544dd75b17d7b3,5,,Sempre bem atendido. ,2017-06-30 00:00:00,2017-07-01 01:52:05
1dcbcb6149a797cce18672cc04fb3794,3d3977c331c2a5e7da23ea7057a4c317,5,,"Ótima compra, o produto chegou em 2 dias úteis, super recomendo :)",2017-03-02 00:00:00,2017-03-02 19:33:47
e616b348778e650de7a779047c1be655,354894de6c4b417d6144c2f4a054416f,5,,Produto excelente.,2018-03-27 00:00:00,2018-03-27 22:21:32
35a6b0d779ea67b7bfb784560255774a,8aa9548fa899cb3509257727e76fbfad,3,,,2018-04-12 00:00:00,2018-04-12 22:07:01
6ad9dadbe5938122927699df79fc6b2d,1b3870263ab7aa66a5e2ca30df8fd3d7,5,Super Recomendo,,2018-06-09 00:00:00,2018-06-11 10:42:01
c1dd7c6a2154caaf1a6accd68842286f,09a38776c4e31230864f867821174daa,1,,nao recebi o produto,2018-03-07 00:00:00,2018-03-08 20:48:39
ba79c175e4189c5539cc784616697949,6d92b8b8958a7955c3184410f45293f3,5,,,2018-05-09 00:00:00,2018-05-10 12:35:39
704c70c3840ee1310b3e187112375ee0,457cb961f89e32569e2d9a737a65b3bb,1,,,2018-03-18 00:00:00,2018-03-18 09:54:55
e567ce750252ee51158fcff22af3723d,f939e2a89376e44158657a15465cacce,1,,,2018-03-22 00:00:00,2018-03-26 19:01:40
f508806e6d1d8b65f09b1f050e3c9276,2783cfcf916c2cef168f19a7a2e45e45,5,Super recomendo,................,2018-07-31 00:00:00,2018-07-31 18:53:49
aae14327e70d5b8e332bec53f990d370,ec3bdf0a23bf186cbcc4708cbd0245b2,4,,.,2018-03-16 00:00:00,2018-03-17 11:30:46
d33da30c71cd1e6cd526c22ff7a4d708,a711032f5b2df3b039238b1a273076b8,5,,Ótimo atendimento!,2018-04-23 00:00:00,2018-04-24 01:08:40
ba1dc8aadabc04fa4edf131f7f4a6afe,ba51874504000c8e2b9d439d66b6b099,4,,,2017-04-12 00:00:00,2017-04-22 19:08:45
a128b975b09df7d8d883b187bfcf2de5,e3ee317683c1cb4df51994ca63755d6d,5,,,2018-06-06 00:00:00,2018-06-09 21:23:49
54019ddef4d6ea25b0f8d4397359060b,246e0ec5d427eaa6bd4569ac799d4f37,3,,,2017-05-05 00:00:00,2017-05-08 01:03:05
b134e4cba11f44870e3bab33e8ba4674,f6ba6de181266b918292db17ba6616b8,4,,,2018-03-08 00:00:00,2018-03-09 16:37:37
28d02fc2c046de815f884506da28d07c,63f6e76a9eda18784ab77b51eb55d816,4,,,2018-05-05 00:00:00,2018-05-05 16:50:13
d743a5fbbc67e6f77299d8ad9ed4bdf8,f90e3dbda8d123ab2f100a1538f5a43c,5,,,2017-12-08 00:00:00,2017-12-11 17:57:56
3d29058e19b8997119863b7ff81e7532,88f183200120ee67658ffac046c2c078,5,A excelente muito Boa ,,2018-05-29 00:00:00,2018-05-29 22:36:33
046045f9742036ad9b52c19b4e112697,4f9b6a9b3216925859301fc767b0fece,3,,"O produto é muito bom! As cores e a combinação de luzes são muito interessantes! Porém o produto foi entregue com 5 dias de atraso, e a embalagem estava aberta e toda amassada.",2018-04-15 00:00:00,2018-04-23 13:13:40
617a26bb66641ff5db0b949bc502e8fe,5b738ce26271347810fcc1f0b853fdb5,5,,,2017-11-02 00:00:00,2017-11-03 02:03:27
ccb38f0e52509f7c213416f9fd891bc3,130d0e27289efce0e9d8d74c3c1d43b8,5,Muito bom,"Belas peças, produto chegou bem antes do prazo!",2018-05-02 00:00:00,2018-05-02 08:37:22
c2bf59a271141f1d0b304d47946c9ae6,682332c2474e425ea23c40848faa25e2,4,,"Os precos nao acompanham as promocoes de outros revendedores,
o que tira baratheon da 1a opcao.",2017-11-10 00:00:00,2017-11-10 20:04:33
83c4f54bd18decda21d563b5ddf5558a,897ec6416d50126a9061626f0fc2d658,1,,Recebi o produto com defeito,2017-05-19 00:00:00,2017-05-23 17:53:20
eb83eca6c97a6e983b2ae962c4d898fe,4609e3dffa747068028fe0a5962b41f2,1,,"Comprei um cesto de roupas e 4 tapetes. Porém nenhum tapete foi entregue, só chegou o cesto de roupas. ",2017-11-08 00:00:00,2017-11-08 10:32:17
c6cff776f136b6e0d68112eae8d20a98,ad20d0dfe5b91c07df72dff0206aacd9,1,,,2017-11-11 00:00:00,2017-11-13 08:51:35
5787f56c7fe393d2754fa4c9fc360ac0,8fe860202f0d87213c4056f1030ae367,4,,,2017-12-01 00:00:00,2017-12-03 21:26:32
78869498cf4fa18c659a978c8d2399cb,afa2c425be2efd14c19b4a0aa62f9b59,1,,Não recebi o produto e empresa informa que recebi.,2018-03-24 00:00:00,2018-03-26 18:47:40
17978d122d677e7ac00789654db3af34,c2392e568835f3d748e67d74da04c934,4,,"Capa com bom acabamento e material resistente. Valeu a pena, adeus poeira...",2018-04-06 00:00:00,2018-04-06 16:17:42
acbf2b473c1a3f584f1cd42ade18d906,122e2899f5b25c99d52cece91999b676,5,,,2017-08-29 00:00:00,2017-08-30 12:02:35
16d6a72b031bbcceca1dac7ca55e7891,ce6d6c97c681b91f6a645bf24c8da7ff,3,,Não era a vara e nem o molinet da foto e não tinha nenhuma informação q a foto era ilustrtiva,2017-12-14 00:00:00,2017-12-19 22:34:58
38e460a32d4678af3570a66a785be53c,5a72aaf4a78a5e2b0ba132b0e9c21fb1,1,,Péssimo ,2017-12-19 00:00:00,2017-12-19 23:55:00
dcb1cd0035fd33c94527a53e8fc5d042,5875e5804ca85e3b4c8dda7a7dfce4cc,5,,,2018-06-30 00:00:00,2018-06-30 20:53:22
7659115d9b283d2f49b56622d8c4af99,d51d47c376acc042f6cd2811a08b5c62,5,,,2018-02-15 00:00:00,2018-02-15 16:21:49
60e1ba35384ec22b6c4f64f8e5ef725e,cb064e8f8f0371573859e393d973c337,3,,ainda não testei o produto. achei um pouco frágil. não sei se vai dar para dar chupeta numa s10,2017-12-08 00:00:00,2017-12-10 22:26:35
81dc7f59b718a112348845692c91b0f0,bf30a3536883051dca847b3f007a9963,5,,,2017-08-22 00:00:00,2017-08-23 21:16:10
3c1f6707dbaa217838703568d6e56452,fd038d8e957d1407c9928ef57603146e,5,,,2018-01-25 00:00:00,2018-01-26 11:08:51
ee2a465552e68fb30b2185f46fa565ed,b012c1697921f54e80780e034a93c871,4,,,2018-02-04 00:00:00,2018-02-04 17:24:01
7ab588d830a754a9dc59ea681901fad1,c191988613dfd09d8904cc6b1147012b,5,,,2018-02-17 00:00:00,2018-02-17 17:03:20
76d143f51d89ead96814bac36797382a,309de5faf9baa8961fd068f3f4e44dcd,1,,"infelizmente não tem como avaliar,porque não recebi ainda o meu pedido.Enviaram pelo correio e não foi entregue! Está parado nos correios,era para ser entregue até o dia 07/03/2018,mas não entregaram ",2018-03-09 00:00:00,2018-03-09 18:16:02
4722caf85a7a8d67718ce27066d45120,4c79c1a76f404601675c1fa508a3f839,5,,,2017-08-12 00:00:00,2017-08-14 12:21:59
a2ff477bb48ace060ce1fbbb69105c69,0eac9f8e158a0eadfce8c9da8547a8ce,5,,,2018-05-15 00:00:00,2018-05-15 19:10:47
5aced2d81ccfa9b67a8186369d55b3c3,a90d54c4e730c3f73f5fbf256ebe58e2,5,Ótimo produto,"De acordo com as especificações e entrega antes do prazo. parabéns Americana.





 
",2018-05-11 00:00:00,2018-05-12 04:55:22
f7b4d26ee98e67801434a11a6c8561fc,f8b158fb8ab6cc090f0746a1eabd2e01,5,,,2018-07-04 00:00:00,2018-07-05 02:48:21
ebc14f2a8751892c6d3fc4632babe50b,c565668594ff62ffd95ef9f06d90742f,1,,,2017-04-20 00:00:00,2017-04-20 09:38:59
55638e0b6ed409af9ea9fc1b9fa6016f,f9bdbd23ce1300c00fbe319f518dcd74,5,,,2017-08-29 00:00:00,2017-09-01 02:07:52
4108aad80563b14695a8838efde60dc6,af6e44b9d409160a33f41a80537af9b2,4,,Recomendo o produto ! Recebi dentro do prazo de entrega!,2017-10-19 00:00:00,2017-10-19 19:34:33
33885dadbb5e1363adbab24fb29256c0,048beca6ccda094fb80bbc704d7c493d,4,,,2017-05-09 00:00:00,2017-05-10 12:57:27
9b944ac590fe75604bfea6669340dee2,71564d5e5450bf310e411bc3087b2903,5,,,2018-06-23 00:00:00,2018-06-23 22:32:42
77e7959d15917863373b6a6fbeba5135,5e092cf7a8c77ef8b4592a9c656c498f,1,,"Comprei um kit de tesouras mas só chego uma.estou aguardando a resposta de vcs para sabe qd foi recebê o produto completo, pois peguei por 2 e não só por 1",2018-01-27 00:00:00,2018-01-29 19:36:42
e0bf5de58e5b0767ba445f1500a7d531,8d994041d6127d2acc8d13aad557e75f,1,,"A loja enviou o produto via correios, que não funciona! E não recebi o produto em minha casa. O mesmo ficou no posto e no único dia que puder ir até lá e devolveram ao remetente e fiquei sem o produt",2017-04-21 00:00:00,2017-04-21 12:55:35
41bd1cc0d4979d40814a23908c72b37c,7229fca9b269915fc63b44434d20828a,5,,Produto de excelente qualidade. Vale a pena o custo x benefício. Entrega antes do prazo estipulado. Recomendo ,2018-08-21 00:00:00,2018-08-21 23:39:43
5dfddc38f480c96759b371501fe313a4,491a23e567ce4c273419a63a41ff5876,5,,"Mercadoria recebida antes do prazo, gostei Muito, agradeço o vendedor, tudo certinho, recomendo.",2017-11-18 00:00:00,2017-11-20 08:25:11
3b96dc5d43554dd389d4e64a774c91dc,60218eecf87eaeb58657769f328f2726,5,,,2017-09-12 00:00:00,2017-09-13 08:37:42
68a97595d96f3890eb24bd5bd2654339,0a472c47d928bf4cd8b6a7a30345eeb7,3,Produto com defeito,"Bom dia,

Recebi meu pedido no prazo porém o pushing ball veio ressecado e descascando. Como devo proceder para receber um em boas condições? 

No aguardo,

Vanessa",2018-08-28 00:00:00,2018-08-30 11:14:50
fb5988c4c14974cf9a5734ec15e6ba67,4094718231b77af3cc0b3916449a1704,4,9,,2018-05-15 00:00:00,2018-05-16 09:46:54
0ad8630853345945538840bbfeca0c5b,9b41629ccbc3ae4be489cb815f3653f5,5,,Empresa maravilhosa!!!! Entrega efetuada muito antes do prazo!! Muito obg!!! Muito feliz por mais um sonho realizado! !!,2017-06-09 00:00:00,2017-06-10 00:22:27
c9a3f3ec82e99366c05f603261fe4629,3218aff04047889f8c6eaafbbcb4ea4e,1,,"Comprei o produto dia 12 de dezembro, prazo previsto para chegar dia 05/01 e até o momento nada de entrega e nenhuma satisfação. ",2018-01-07 00:00:00,2018-01-08 21:57:46
a3a394f225725ae91ff1c82d031a351a,7368d87533725a6bef612cdc83678f4f,3,,Comprei 2 luminárias e só recebi 1,2018-04-21 00:00:00,2018-04-24 13:36:16
8f17f1c3d4d38c48da3ab6082312ed8b,87a0cbc974ca0e017a65daacd3b3e2d6,5,,produto muito bom!,2018-02-10 00:00:00,2018-02-10 18:22:57
9e85a6cc149bc8c02c563a2b17b4a27a,1c9ac08a8e474b38e9231382778f7eb9,5,,,2017-08-19 00:00:00,2017-08-20 12:11:55
a06d0a0d40ccd5d5e6dd2fb452198cc5,49aa82d12066e455617693a42d2b8bb2,4,,,2018-01-17 00:00:00,2018-01-18 10:53:21
cc1ce095d850d1d931b32f706b1885b5,0bdba50744ca6b6e2c44940e00050e5f,5,,,2018-05-23 00:00:00,2018-05-23 23:22:10
9211cda67b3d22c67f0651aa5760ea8a,a6d9999c33b017f6d907c296e13db22c,5,,,2018-08-04 00:00:00,2018-08-04 18:49:21
20bab9d822020a34164b9357d7e5e46b,883454d5fb48deb4193c387cf1c64a49,5,,,2018-01-09 00:00:00,2018-01-10 01:09:21
fa7a4150c773d5fc68b3928a7350a594,71f52dc8aed2976ea632b8888e4c18b8,3,,Bonito mas a qualidade não é mto boa mas para o dia a dia é bom. infelizmente,2017-08-11 00:00:00,2017-08-12 04:40:41
57c8501579fffb918436912f9c148a77,d505b1d74b4f7e22869e627c8331338e,5,Super recomendo!,Produto de ótima qualidade e entrega perfeita.,2018-05-25 00:00:00,2018-05-25 17:51:44
a76a5749429d208052bd7c3a828a404e,5c4f206f887c5afc6acb306477d65807,5,,,2017-06-06 00:00:00,2017-06-07 14:16:52
1733261f54993fe82aef1c2c2454d9c0,5d1aca6ae03324b5398c241b3b402be7,4,excelente! Recomendo,"Recebi antes do prazo, embalagem perfeita. Recomendo.Produto muito bonito.",2018-06-14 00:00:00,2018-06-18 17:38:10
41e4dd2d40f1c1f03dfe771fcfc0ca8a,918b23cbb191b942f9b138e7aafb295c,1,,Não mandaram o produto da marca que comprei,2018-01-09 00:00:00,2018-01-15 15:13:35
453dd8151ff67c2eaaddc66c29281046,dfc7b55ee482374556356b94afc9b841,5,,,2018-07-24 00:00:00,2018-07-24 20:46:14
342a1a973efaeb8731783c12181444e9,d2616f825b0e4b6d022b711bbdb684bf,5,,,2018-05-20 00:00:00,2018-05-20 21:57:04
7b606b0d57b078384f0b58eac1d41d78,2f8f31eb2f7b6572836d662a6625c8e4,5,,,2017-02-15 00:00:00,2017-02-21 23:30:22
421810c67d69224d6c194d458971729f,1f9102e61cbd0d6147b706875c920a72,4,,,2017-12-08 00:00:00,2017-12-13 20:00:21
e4e50748d2d683f0d3de0b2089265b22,e0c51c7d23c16c36c365b7ae8bbe6782,3,,"As peças vieram conforme solicitado, porem as medidas não vieram conforme o pedido.",2017-03-14 00:00:00,2017-03-15 11:41:06
29e83569a2a659f3b87ac73fa1127811,33f11ddd5042dcc18008c3f804d67a7c,4,,,2018-05-10 00:00:00,2018-05-14 17:41:27
ae21fece743052b0c1a2f60a32a205f3,25461ae3c4bf9bf6e41a3a163f763c8f,5,,,2018-08-15 00:00:00,2018-08-15 23:06:19
417c8364fec556a58a5f8a741fe4ab54,cb1529a953c6df155505c4e2863b3b10,1,,"Fiz a compra de 2 itens, paguei o frete e esperava que a entrega fosse na minha casa. Porém tive que fazer a retirada nos correios e pra minha surpresa quando cheguei em casa e fui abri a caixa só tin",2018-04-21 00:00:00,2018-04-23 13:07:13
c796513a460c9400abb9bf09b2781e92,4ec3265e1601e14b39e11dee2e1d5fc2,4,,,2018-04-27 00:00:00,2018-04-28 03:20:44
3df4fcbb88c8c369287a85f708db236c,da2875319484a07f1f78221c26e013c2,4,Recomendo,Recomendo comprar nesta loja. A entrega foi pontual.,2018-05-24 00:00:00,2018-05-28 14:19:46
23ee6bc2492808dca0e807e131ec9aeb,2ba1366baecad3c3536f27546d129017,1,,"são muito mal para atener os seus clientes, não entregam a mercadoria no prazo.",2017-04-01 00:00:00,2017-04-01 14:34:36
71174191641391b1cbdf5bbebb8ddbe9,7645406942825a748f5db38c177b0a5e,3,,O produto não foi entregue. Tive que retira lo no correio na segunda tentativa porque minguem informou o horário de funcionamento para a retirada do produto. Não fiquei satisfeito com a entrega. ,2018-01-28 00:00:00,2018-01-30 14:12:44
e3d8fe8438deb7ef64c67191c0a1835b,e18cae15f26662973fbe293e695ffcef,5,,,2018-05-10 00:00:00,2018-05-13 11:02:22
9ddc165fa13ef1d774d7e5321f185f77,12aab7cb25bc6ae86c66cb3e7dc35a76,5,,,2018-01-04 00:00:00,2018-01-04 21:40:33
4dc739f912bdd343da538a11a58d6e20,618a75a5455f1971e39c8bec6af25e8f,5,,,2018-02-01 00:00:00,2018-02-05 11:44:05
ce1f46d52af042c7936a40784cd85808,04ca915235b56ef2ce81703cdaa6a24b,5,Super recomendo,,2018-07-11 00:00:00,2018-07-12 10:15:05
e6848c9faf7555af4da8643964d1cd7d,f0b2da40b961baf662d31db42b3964e3,5,,,2018-02-06 00:00:00,2018-02-06 22:32:36
7c729bc3828f5baf702d79b310c636d0,a8fff3e04abf1de340f6a42662daa292,5,,,2018-08-21 00:00:00,2018-08-24 09:51:25
0fb289126ceedb9e9152ee2a14a040c9,03d3db2eb72705d4b4dd30987cf610f8,5,Produto recomendável,Os produtos chegaram dentro do prazo recomendado. Já usei e adorei. ,2018-04-25 00:00:00,2018-04-30 19:18:50
f0d2d74671b7dd12a36a57ad0f1c3049,6f9f51617d16189c2f4cd4e84f92afce,5,,,2018-05-05 00:00:00,2018-05-06 03:51:13
7d82e30f7dd69bb5d8cc65d6b36a6554,d6237fdd4409fc71fc2c074235e97f73,5,,,2017-08-05 00:00:00,2017-08-08 08:00:59
c0f66744cd165482a6d6ea9addc0affd,914cabf51526006bf195df40d4dba379,5,,O produto e a entrega Superou minhas expectativas.,2018-02-21 00:00:00,2018-02-23 20:17:19
3c7f4cdcbf2c61fae3ba04b1bf510dc3,7d78ea68e694cb6df0997bb8dca5cf15,5,,,2018-04-03 00:00:00,2018-04-11 19:00:55
d8b8c3f5718b703ee67dd9208982a67e,ea5a5e11ad8f97f731325b326cc2f3e5,5,,,2018-02-25 00:00:00,2018-02-26 11:40:56
1330977b1aa6a5131e093d01cad67475,61c43e2be518cd9179a53918b43fba4e,5,,,2018-04-24 00:00:00,2018-05-03 01:18:31
c1439edf7989cc3211ab687f34a7bf53,c0aad5efb9be7c339afb7dedd1acae49,5,,,2018-03-10 00:00:00,2018-03-10 23:10:12
c54ac306f38a00dd2b0f1aaa130ad16c,97c3de93ada0e07c7a8e01f130462293,5,,,2017-09-01 00:00:00,2017-09-02 02:29:45
71bfacefbbbbfd66d032a72287a23abd,af3f498fca7722127e186f59f88fc4c3,5,,Serviço e produto ótimos,2018-02-08 00:00:00,2018-02-13 11:08:52
cd3a06bc65317c6680f5f2ee72cb1651,bbc45552d5a935c8786792578b3828b2,5,Muito bom,,2018-08-24 00:00:00,2018-08-25 20:37:41
5393c2ea903d663f7f9c55fa1f67654a,8e47a04b25d7a7075064e8e0bd2e0318,5,,,2018-04-06 00:00:00,2018-04-09 01:45:57
84d0121666494edd2453709ac73f084f,270cbb69c57b4df6be5aede2871bdd55,5,,,2017-12-06 00:00:00,2017-12-09 01:50:55
a9ab835bc8f5cc23295acb351854a830,67b0499c2ebfc14f8d5f507ac029a683,5,,,2018-06-23 00:00:00,2018-06-27 11:43:08
3beaa4beb9e2208c065d77e6f3d37bb2,d7289e919ed445fbccb678459efd3154,5,,,2018-02-28 00:00:00,2018-03-01 00:34:45
98055b7eb803f672d968cb2189f9ce40,a2195cafb7379fd5abe516cac08e7fdd,5,,"Excelente produto e linda, ´toma qualidade. Entrega antes do prazo previsto.",2018-03-10 00:00:00,2018-03-21 20:41:20
2cb38ea7eb239ffde6e01a3722cada7d,083a4afaefd6690e5cf5918275c4e413,4,,Ok,2017-10-04 00:00:00,2017-10-10 19:09:34
ed77ab117ee482ebaa2314f13d95a4dd,3f1c4123df68ed12bf22445ce4eedb40,5,,"Em mais uma compra na lannister.com fico muito satisfeito com o produto, valor e prazo de entrega que superaram minhas expectativas, pois chegou bem antes do previsto. Os parceiros da Amer. São show!",2017-06-07 00:00:00,2017-06-07 16:37:52
508dae7a8d57af2cd529676dbab12561,72440dd8694d68e0ec2dd68e3fc3cbab,5,,,2018-07-11 00:00:00,2018-07-11 13:33:58
28a332bb894607d759398e88e65bd044,4f8fb49bd955f713c79333a0a2d9da57,3,,,2018-01-11 00:00:00,2018-01-17 23:25:50
edf0db3607ec113d9c0cdd0fd0e14b8d,5e8c4235c5941812c1831d835ae020fd,5,,,2018-04-24 00:00:00,2018-04-24 23:58:47
4557ac44a08e8e27cc4a6a2fb37d8344,ca786c07fdbcd2a6beb42eab64c23a3e,5,,Ótima entrega,2018-03-24 00:00:00,2018-03-26 21:50:21
89f820429b1db81e8641b5dfacd072b5,04689f2d82bbf4efb4cd3300961d4211,5,,entrega rapida e o produto veio em perfeito estado,2017-06-21 00:00:00,2017-06-26 16:48:21
92798f6d636213be9b393e920e3d162a,d8f9cc275e4ac13af22f90e26f535e87,5,,,2017-04-12 00:00:00,2017-04-13 04:36:27
3c13b1bfbeb1111f4842bdc89f3e54f1,c70ddc702499e20988c929a93a3f1c57,4,,"O produto chegou sem problemas. Mas, eu comprei 4 toner da mesma loja, e eles chegaram um por um... teria sido mais prático se eles tivessem chegado juntos. Foi uma sorte estar em casa todas as vezes",2018-01-25 00:00:00,2018-01-27 11:40:32
5c76511e9f54f229ed950958c980a7fa,e750c043ac98c8eb957cb52789f126b0,5,,,2017-02-24 00:00:00,2017-02-25 01:44:06
afe99ddf7b41c50e61799cb3b0215aff,1f3c0a87c88ece858b2f766ae1952dc2,5,,Recebi o produto antes do previsto. Parabens lannister.,2017-05-25 00:00:00,2017-05-28 20:28:56
5b5bfb2a6bd5ea8f0f923474a890058c,c4474cfbad07cea75b27b984b1c687be,5,,"O produto chegou até antes do previsto, pena que já quebrou no mesmo dia em que comprei,
Péssima qualidade!!!!!!",2017-03-30 00:00:00,2017-04-01 18:48:54
5ac621f07bffede8f98981812466c4d9,c1455c8a20a788e3c2d4093001d92c05,3,,"Recebi o produto correto, porém o valor do produto na NF ficou a menor, R$ 172,00 sendo que comprei a 219,90.
O valor do frete calculado foi R$ 18,90 e veio R$ 93,00.
Gostaria que viesse com correto",2017-12-30 00:00:00,2018-01-04 01:10:21
87e92a4f5fee40f90ebad99d3b1987cc,b49fb5d1cf86975cf5a295431c278a33,5,ótimo,"Muito bom, no prazo certo",2018-06-21 00:00:00,2018-06-23 14:54:47
5fc3a668e63f3599362762a13cef68b5,76ed9741ef1e5ae8641e9c885d775c82,5,,,2018-05-19 00:00:00,2018-05-21 20:41:40
04257ccbaad222fcd408b94f3081fdcf,5479f014d5015a0feaf35483c4bb73b3,5,,ta de parabens,2017-08-18 00:00:00,2017-08-19 02:08:39
0437e19f437a02ab0d355e0fc71f22d8,03138c298bfe1ee7855eefc9442346a8,3,,,2018-07-15 00:00:00,2018-08-01 19:29:51
49bcdaf1eedc3adff2839f2eb5f55031,f84e156e1671129eb01e38a679129538,5,,,2018-01-20 00:00:00,2018-01-21 01:35:38
37dddf2d45d45bbd66790dabc9efa71e,c98f20eb107a235a15b60b2b5de731da,5,Excelente,Tudo ótimo,2018-08-18 00:00:00,2018-08-20 10:42:50
70df8846d99f9011334e7c0725c47e65,53893bc57fd2d4ff7dc5e76ad4773540,5,,,2017-06-02 00:00:00,2017-06-06 14:44:17
5f7a55171eb2746ba5f8e60c8d7eec1e,992cbe3e064cd39f9ccde60a29ffcd3c,1,,,2018-02-11 00:00:00,2018-02-13 11:50:56
df7cf7e5408bb6b56863a21966ff2547,ca7c7cc82b6d5531b6ff87a7e232357c,1,,Comprei um modelo e enviaram outra.,2017-10-19 00:00:00,2017-10-19 14:39:02
08011a674e3adde3e3556c9c74c85e92,9d747ac28c9c16805493c802a6ebafff,1,,,2018-02-01 00:00:00,2018-02-02 02:08:13
71b684e9d7a7ee502618574b1c04ba0f,65b8cbd6d0ad97befea844cc40817ccb,3,,,2017-05-24 00:00:00,2017-06-17 02:19:23
3f156089722da246ce00beae37f3c7bc,8173203a530c14fc205d5f87801b227a,3,,,2018-07-03 00:00:00,2018-07-03 19:08:02
ae097d696746511a3d09405dd9714b3d,89e2bc56c561f718d762250d9d6eb0bc,4,,,2017-08-10 00:00:00,2017-08-11 23:40:37
eab1aec14cf6d80890a3048b68ecb28a,87e7c081b88206fe9809796ba4e0ccbe,5,,,2018-04-20 00:00:00,2018-04-23 22:00:19
c58cc3f669819c8d61f1f2c86ae9f9ce,1308ad90597fb922916cd20eda3d53b2,5,,,2018-07-03 00:00:00,2018-07-05 21:03:47
28c48ed624ccf5855344639da4ffb854,862cca64868df4c3a3f0058a93aef465,2,não recomendo ,Recebi somente uma parte dos produtos.,2018-04-27 00:00:00,2018-04-29 21:54:53
503555307eadcc057de5564bdfca9046,fe550a071fd93fdf2ad73e26e878ea3d,5,,,2017-11-08 00:00:00,2017-11-12 14:22:30
29c55c384cbf612e098a1734a42592d4,086f617d66181efa193629791e0a9076,4,,,2018-08-22 00:00:00,2018-08-24 15:11:40
3a589aa3602a75a12f038eb4b7a58fba,797cbe6650a540e0515a523152c7f868,5,,,2018-03-03 00:00:00,2018-03-06 02:25:36
fe49e817b32604318325531d264b51e0,cd3e9759dc483946db2133168746fddf,5,,,2017-07-08 00:00:00,2017-07-11 19:45:25
4b1cf4629cdc2c979e5a703bff14fb81,1d0ec3f28fc4f0dfe429d70f0f2acf7f,3,Entrega,Muito bom comprar com vcs,2018-08-28 00:00:00,2018-08-28 20:49:30
5acf58e2073ac1c2c34453509c0a37ee,86bf07c0a6d01d38dd8ecd1a1b68d139,5,,,2017-09-27 00:00:00,2017-09-28 14:04:13
849e619034fb57e87893c35f6b2fea66,5c4a0229b56d3c41da2609ef3f048293,4,,,2017-06-24 00:00:00,2017-06-25 12:19:36
6fe3b192b01d2a11fb4c0d5c5b01e8e1,bfff22b563631e997a4a22dd4b87abc2,5,,,2018-04-10 00:00:00,2018-04-11 10:57:28
28749be4e9f00ad1305d70a22faa6938,4d34da0824213ee7962a5c5ed32b3f51,2,,,2018-02-22 00:00:00,2018-02-23 01:04:51
cd841775a8e6799e7c117fb72318da77,2790c1db6fab421570c3a789c96ffd46,5,,,2017-11-22 00:00:00,2017-11-24 17:36:29
a92c614a4532442d08c2498c2bff63a3,db91650415685ed0ea57e9d3e47bf887,4,,,2017-04-12 00:00:00,2017-04-12 16:19:54
74baf03c01898fa8bb07580d1b2e0630,ab74c0e5d243c75a0289ac0ed8811a97,5,,Recomendo - tudo ocorreu perfeitamente.,2017-07-06 00:00:00,2017-07-07 17:05:41
59b6b4103875281c68c3240c15db84e0,c13a4b8b536a4584745b7d62ef958ee7,4,,,2017-12-19 00:00:00,2017-12-21 10:18:22
4fea089659b78b233489192ca88d8448,6390d8596b48fe36ecbd508af3770dec,4,,,2017-12-05 00:00:00,2017-12-08 00:30:08
a2de5444519ee53529ee85b41dcc2d8f,1e8653b2cbcdd39e513300acd653dd60,5,,,2017-06-01 00:00:00,2017-06-05 23:01:11
59ae784a4b793e1277ed02f6aa85135b,2fe2b3f315aee60c3f8f15af8d3e0ab6,5,,,2018-06-14 00:00:00,2018-06-14 20:42:38
1c5509fa6d800dbb1bad2f0eeb14d3e5,f9cfd7e4eb2776cec1a63a59a1305e9a,5,,,2018-08-29 00:00:00,2018-08-30 11:28:39
d83d345b51a00917f7cdb9f2b30d8980,faee84a4283f8d770ea390010415ad05,5,,,2017-04-04 00:00:00,2017-04-06 11:07:48
e0170621fe848c043110a9638c37ad93,360d1b0085f85a626f77b5fe558e8ae8,4,,,2018-08-02 00:00:00,2018-08-03 13:50:58
425a811f40352e1d374eebebae5a8a73,056c68d093c100017aab1f00f260705c,5,,,2018-05-01 00:00:00,2018-05-02 12:05:54
5d50c6ae6b5209402b36473dbad11740,7bd04fdb3a54efa83cbf7320b1bb4b6f,1,,"Não gostei não mim deram explicação comprei um produto e veio outro totalmente diferente,na imagem não descrever se e 1 litro ou 500 ml",2018-08-02 00:00:00,2018-08-08 19:13:14
043c67f027b78ef02f256e7964e28efe,1ab14cf1dddb5af11ba2016a5368c210,5,,,2018-05-15 00:00:00,2018-05-16 12:27:47
72670cacdf95d373cc638d30551de3aa,ffb8f7de8940249a3221252818937ecb,4,,,2018-08-01 00:00:00,2018-08-03 19:24:11
4834290e28c650c35dd108b6013c5da1,59322ccc8917e2a716dfd4f60499b983,1,,"O produto chegou com defeito,não esta ligando",2017-07-18 00:00:00,2017-07-18 23:23:54
576bcaa2ef8f316d8f47f6dd5b537b82,54f0988d1c9f5f7f90410c09b2cbc6e5,5,,,2018-03-09 00:00:00,2018-03-09 20:09:09
fbaaab89772466bc264324d80e04bd83,1d637e7a91e7c3e0e94a91cdf693855e,5,,"Ótimo produto,podem comprar é maravilhoso!!!",2017-12-14 00:00:00,2017-12-15 14:06:54
7c3dd526a33b91d7add4bf3b553bf947,3b96533b1d556ba2db462f837d839dfa,5,,,2017-09-13 00:00:00,2017-09-14 01:16:32
5634e69c94c442771e2520e6d870b871,407fe646704ea7828e324c8ef7e7e616,5,,,2018-08-01 00:00:00,2018-08-02 13:49:47
18cb0179882672cfda1a52ddb6ceeb24,28a77826d03dfad917f9b8d43d06341e,1,,Comprei 3 toners mas só recebi 2.,2018-01-17 00:00:00,2018-01-19 16:23:47
b91ec4b047be78b2822cf8aaf61bf024,57a0aadef1c7db2296177ef296c89517,2,muito demorado,"Provavelmente evitarei comprar novamente, pois a demora na entrega é muito grande.",2018-05-22 00:00:00,2018-05-25 12:53:12
a61eec5fe947261a670aeed60162267e,9371a323185fe5bc627ed3065bf2fcd8,4,,,2018-04-05 00:00:00,2018-04-06 19:43:21
f4839f938eff2babf3927e642972e8da,d5beaa273a2549c34c6660bb0fb23543,3,FALTA AINDA 1 PEDIDO SER ,"Recebi apenas um dos produtos. Nao sei por qual motivo o RELOGIO LED SPORT BLACK nao me foi entregue na mesma embalagem, ja que o codigo de rastreio e encomenda foram os mesmos. Espero receber em brev",2018-05-20 00:00:00,2018-05-20 21:59:00
df5595ba836d9cabb26876b752fe8fb6,983ee8a15c6bc4fab3c4f5503259ed37,1,,,2018-03-31 00:00:00,2018-03-31 13:33:33
32cea6d22c3ad0f41b0434a00dff423e,e077d52f6cbef7bb5e3e3e147e44a189,5,,,2017-11-29 00:00:00,2017-11-30 14:34:17
09207e4102e61cbebe0b37f10d5aff32,70c0f518419924f19c9878c5b40a185b,5,Ótimo,Perfeito!!!,2018-08-29 00:00:00,2018-08-30 11:12:28
dbb7834c8d29e116fbf3c68a34cc3ff8,b50788fa41255b57ddf0782d1fc0ad2b,5,,produto dentro do esperado...,2017-12-31 00:00:00,2018-01-17 11:58:58
71f13e1f8c15227a34a2eaf4c7e8cbc2,3cd74c600666380ec586606e62f1d20d,4,,,2018-06-13 00:00:00,2018-06-13 23:54:14
f1b28d8389b384304d4158835b926fac,0452166f3b0d8e378179ecea1efdfe05,5,Excelente produto,,2018-08-15 00:00:00,2018-08-20 12:04:36
55f4ea6e39a5762b65d7d3e54883fdc8,2147876cd801aed5f273ba360d0960ac,4,,,2017-03-11 00:00:00,2017-03-12 11:43:07
dd6f65a64d6025cfeefa3b6c34d0bbb9,a2cb7138f0dbd806834e29cecfa9f454,3,,,2018-01-18 00:00:00,2018-01-20 22:20:10
96d308c91f38ae2c99da987849a9e0a6,73c0786753e32171d5d1bba1e682b4ba,5,,Produto entregue antes da data prevista. Parabéns,2017-08-18 00:00:00,2017-08-18 19:32:52
cec1a6e47c108f2344abd8a25e7b02cd,e9977cc6d0f97447ef0f4fcc2e082fc8,4,,,2017-02-22 00:00:00,2017-02-25 04:19:33
768988829402e0284324ef2957d4f0d4,afc1b46f2cb4b3f0d3432cae0af0ea75,5,,Produto Chegou rápido.,2017-03-17 00:00:00,2017-03-20 15:56:44
d3c5a0cefc6bd340ccb36f7d031263bf,45a48df7b18435ce6e3c03ba6c6c2386,2,,"Só o tecido é muito fino ,mais muito linda minhas meninas amaram,entrega antes do prazo muito bom! ",2018-01-31 00:00:00,2018-01-31 21:31:38
ba9f93c820bc0011ec9815bc7249bf0c,d99c77f6eb93e9cdfca26e997f54530e,5,kit capa + película J5 ,"Loja comprometida, postou rápido, respondeu todos os questionamentos eu recomendo, produto de qualidade. ",2018-04-28 00:00:00,2018-05-03 12:24:10
96dd80246d2ce18f06c16098d5c9e340,fa3e74dbf7c2669de4cbb7d68adcb17b,4,,,2018-08-28 00:00:00,2018-08-31 12:09:24
36b2112a14ea4f5e4890a98031e2ff2a,b68c121f5fc81ef3aedc751e4f53987c,5,,,2017-09-29 00:00:00,2017-10-01 23:56:38
35886c5828f54c45695a12a28404aa82,94c61f1ebb6e6f2da2d8a0d7ac853729,1,,"Infelizmente o produto veio com defeito. Acessei o site da ""lannister"" informando que quero devolver o produto em razão de o mesmo ter vindo com defeito, mas parece que falo com uma máquina.",2018-02-23 00:00:00,2018-02-24 02:39:55
312f7af9ec4b72dbe68619fc5880d72e,11b6318ec732b94b5593c66ef1f37863,5,,,2018-05-19 00:00:00,2018-05-21 19:43:28
4c0558aa62f9c68bfdb0e74f1a64ce07,26bfc6c6251ef7eda55f7bc7f11e9647,5,,,2017-07-20 00:00:00,2017-07-24 15:12:31
f8d114a0fff151605ccaf887dbb17441,df3330ae0fa0cb3d71397806c44980d2,5,,,2018-02-09 00:00:00,2018-02-10 00:44:09
0cc470813fcfeccde404b6ef88fe76e6,12cfc50e5dd5eb78bd329c22b46da0b1,1,,,2017-07-12 00:00:00,2017-07-25 16:29:02
2f058a24a72255fd26b95cf3f16677ec,68709f86fb9eba39721082ba8fcb7047,4,BOM,BOM,2018-08-09 00:00:00,2018-08-10 11:49:11
e8b6553d30e6815dffe0bfd10999090d,382fe4c08d9dc3aec94cd1aeca20b992,4,,,2017-12-14 00:00:00,2017-12-14 19:55:45
07c9ec2ce10f6967173c603a2e3c6392,d32fbb7b9c7d393b293c80e66091ee4b,3,,,2017-09-16 00:00:00,2017-09-18 22:41:51
c9317f668bc275d2ff5aea671664b589,0c5f595f24dcb36af04ddd9c0655d4ab,5,,,2017-09-06 00:00:00,2017-09-07 07:11:54
0c3c96e7c91b2c3044278861f50a9332,e928f5fbefb30f228db4678d9222b231,4,,"O acabamento da saia para box é feito a laser, e quando abri a saia para colocar no box, caiu no chão do quarto todo excesso de tecido do corte a laser. Deveriam ter retirado esse excesso de tecido.",2017-06-18 00:00:00,2017-06-18 14:28:24
b4c2df98dfbd8282a1b02b207503a0ab,7533c29b86f583d04968e271bf52fc3e,4,,,2018-01-26 00:00:00,2018-01-26 20:53:10
8814901ffba8db40a3c034df7e80a8ce,1b2da30f37813b73fff52c5d5f6cbcac,5,,,2017-12-21 00:00:00,2017-12-22 10:28:00
c02468a6a0192a529a45d2e50cb52f6a,ec99cf3ef9a84993f1e55aa4fc615c42,1,Esperando,"Estou aguardando a dupla de quadros, pois so foram entregues as cortinas!! Apos receber, altero minha avaliação!!!",2018-08-18 00:00:00,2018-08-19 11:28:35
220e2317b1c6943f1773c06afd1320fb,bd6a4be98625711812fdabccdcdff8ca,5,,,2018-05-04 00:00:00,2018-05-04 21:53:59
b58e1de68449620f8fa3c9b71629c3be,06a1b81d611c5616272de7c53c41472e,3,,,2018-02-28 00:00:00,2018-03-02 03:43:17
b433bc4ef86efebe59ee749b936ff184,54082a3f0c13598bb5c2b3bb78bbbee8,4,,,2018-06-29 00:00:00,2018-06-29 18:55:43
792a8e117cf8aa1a34382436bb75d0c2,3785ffb02b0b201a23df7daf357c271d,4,,Muito bom ,2017-10-08 00:00:00,2017-10-08 19:38:10
e7ea8e816e2651a8cd50dd5f2d215b78,bba17d97a5a45416d0782d5d07fe740d,5,,,2017-12-29 00:00:00,2018-01-02 10:17:43
47e191e3b31501c26db65139dd86be92,73573871323db760fe4f1b0c508ecff0,4,,,2018-05-31 00:00:00,2018-06-02 16:52:54
5adf63b4b619ced567f8d60d72d1e87f,7068aef0fc98a8ad539101be36ca41cd,5,,,2018-01-23 00:00:00,2018-01-23 19:35:32
72c621e569b75a508f1872104c6e3154,d7bcf8ec332049e572643a61c63f3651,1,,,2018-01-12 00:00:00,2018-01-12 21:30:10
4e61f3313d592acb2be58eff6fa13cc8,10ed5499d1623638ee810eff1deccded,5,,,2017-04-19 00:00:00,2017-04-20 17:54:36
36b667e948f42c12bf6a93d94cc0c81f,7f43dd9ca3fa1b6ac3d26dabda86d82c,5,,,2018-06-16 00:00:00,2018-06-17 08:51:26
c241bfd38cd780b0cde0d759b2cbee63,91bc1260ece478b989b1ea298d153ac8,5,,,2018-02-07 00:00:00,2018-02-14 22:03:29
2f8fe2797c58078f4a9d8cc71702a20a,9553913bb01853f78a265724d13eda3a,5,,,2017-03-08 00:00:00,2017-03-08 19:23:35
009e24bd86b93b700e4eb03f283ad4ba,587379acca182c8e157e4dc7c8923131,5,,,2017-09-03 00:00:00,2017-09-05 20:25:47
7fbb8e9c6d237e733fe242d10169d673,4bd99e53cba81bfc30dea95659b864e7,3,Led queimados,Um relógio veio com alguns leds queimados.,2018-04-27 00:00:00,2018-04-27 22:08:54
94213f1db5417565148101250153734a,4b42a606687e048a7a33669b84bf8690,2,Insatisfeita com a compra,"Gostei muito da pontualidade, da mercadoria,mas infelizmente o produto nao foi entregue todo. Pedi 2 kits e me enviaram só um. Como faço pra receber o restante?
",2018-08-18 00:00:00,2018-08-22 01:31:33
d56bd5c149eab5fb3c5dd215e8d05828,3c6956bf8f0e149d42761d50bf2ccb84,5,,,2018-06-29 00:00:00,2018-07-07 21:32:54
5f2524161d49676eca94c63f86196df8,24c6142a989e2c7774a57791c8cd449d,3,,Mandei dois emails questionando pq recebi somente um produto dos 3 que adquiri. Estou aguardando retorno.,2017-09-16 00:00:00,2017-09-18 17:36:39
c6664f8b591f965603f11dd76c8d3610,82857312ad869f872b950b616dc58273,4,Compra de uma prateleira ,,2018-08-10 00:00:00,2018-08-10 10:48:12
1d90dc444afcaaae38dd84ab89d982d6,a0bd30e5d025046a3a4bc67e02ca6a3a,5,,Produto igual o especificado,2018-04-06 00:00:00,2018-04-06 21:07:11
ba9b1ab14c43f0a25a6134180aef6bb1,719c1d51ad40a458c511ebcfcdd0ebda,5,,"A entrega foi bem antes do prazo, o que foi maravilhoso.",2018-07-22 00:00:00,2018-07-26 15:12:29
9c630f704cb58991320990581a20bb7b,c6fc08f61ce9c85486883b096d38432f,5,,,2017-11-29 00:00:00,2017-12-02 01:08:51
55bb8e267a4a3de93b0392fd9c0b7423,f09afa8a9cfcfba64cb18282881fe509,5,Top,Top,2018-08-28 00:00:00,2018-08-30 20:11:50
474909a44444fb374f6d39af8e90e3cf,34e974a7933cdef65a81519b29e3bb26,5,,"Empresa séria, entregou o produto no prazo. Super recomendo.",2018-03-28 00:00:00,2018-03-28 12:50:11
c4b1dd646c6e60f50ece7bbb79455520,28ce9f21d700f4d00c2d53fe829911f3,5,,,2017-09-20 00:00:00,2017-09-21 01:28:55
02bee19b10ce75d95ff387ebccf2b2df,64ffd968be8339d1911ef7957f314421,1,,,2017-08-20 00:00:00,2017-08-22 11:12:33
51a71df77bff4a4ff75ca87c7550fe1c,bd72f84bd892f4e829d7fa262004487d,1,,"O atendimento pela central é horrível. Ninguém atende o telefone, meu produto chego errado! Vou reclamar nas redes sociais ( não sei como essa loja ainda funciona) é melhor fechar com um serviço ",2018-03-27 00:00:00,2018-03-28 03:01:00
3282904559557e9efdbb842a2dd83033,a9495ad773a18a329a4f9e514f5c1c9f,5,,,2018-06-15 00:00:00,2018-06-18 12:46:47
874d9d39911fd291a25d66c3b440a9ca,1067b1fed93022ff928077f4db144386,4,,O produto condiz com as minhas expectativas,2018-02-16 00:00:00,2018-02-16 20:12:33
95c1ec08cf1c9c8fa3f083af38d35d6f,c40e13850994649006f28cc890cc4c64,5,,Excelente vendedor. Recomendo.,2018-08-25 00:00:00,2018-08-27 14:29:38
ec95fe83ed6c181f6b0e7aaa6e3f76c8,16d65d58409db5d0534f2fb1817696b0,5,,Tudo ok ,2017-09-05 00:00:00,2017-09-06 11:56:19
e4969ca49bd69a19b492e011fc8e0f48,41d047e77cc83775301117a02c15b4ca,2,,"A encomenda chegou no prazo, entretanto veio com marcas de uso, sem os acessórios e isso não é correto. Já entrei em contato imediatamente e não fui respondido.",2017-07-29 00:00:00,2017-07-30 21:59:52
470f439e820c914345ef98cd21bb7891,166a835dcb0ffdb5d917db2a93358502,1,,"Não recebi o produto, tive que buscar nos correios, e ao chegar lá, não havia produto, apenas um envelope com uma nota fiscal, estou aguardando solução. Saiam fora, não vale a pena.",2017-08-01 00:00:00,2017-08-01 16:21:42
c1e69eccdc285e2da2866f178daae25b,9d878626f2f4299a286c12663698d2d8,1,não recebi o produto ,não recebi o produto que comprei e paguei,2018-04-22 00:00:00,2018-04-26 13:08:01
03aa7541b3525dab85b34255ba1c1215,fa1885a7cb632c832c660cc710bae77f,5,,,2018-04-20 00:00:00,2018-04-20 10:21:36
a7cf2b03e50106413ee7715385c253a3,c064d2ccc74eafa9f92b6e742708b48c,2,,,2018-06-01 00:00:00,2018-06-03 15:52:27
3b5391a79b8c4e511c7db2c9234ece59,3d76808da6242e8c7476a606fb6b5935,5,,maravilhoso,2017-08-16 00:00:00,2017-08-22 16:13:35
abc02d91c621de476d2ad25d6eba5f62,db655922543a6cebb4a48f8290405a60,5,,,2018-06-23 00:00:00,2018-06-25 23:13:49
009a72fbf45dbdd5fdf1e833ebd88711,c8a713dcca463bb2802f76c94667b413,5,,,2018-07-29 00:00:00,2018-07-31 16:41:19
d926e41f5d8da4624f4850e60d7fc8fc,40dc2ba6f322a17626aac6244332828c,5,,,2017-10-14 00:00:00,2017-10-16 20:28:24
049c8284b929c7fa788a9304e3f7a7cd,654236657c61378a35416f08170ff0ad,1,,"Pedi e paguei por dois produtos, recebi um email não tenho como entornar do meu cartao6",2018-02-27 00:00:00,2018-02-28 00:24:38
04b864df69259d7372fd50fd10d05bdd,3c1ceafa085d9c28c784b0ad99895a6e,1,,Só chegou uma capa a transparente a fumê não chegou,2017-04-19 00:00:00,2017-04-19 17:05:14
886aaab9032de087ea52a4ac360a222a,bbeabf588cfd1094a645e92fcf277020,4,,Produto conforme esperado.,2018-01-31 00:00:00,2018-02-05 22:55:50
4042600b42cf58d9d3472584314bb16f,0e259b373316a562c9e71cd725ce1120,5,,,2018-08-26 00:00:00,2018-08-27 11:12:34
048856ebf5063cfe3e9516d21e97cb1d,3fe67b23f3a9532482fd5c6dda351895,4,,,2018-01-05 00:00:00,2018-01-07 15:24:00
af31416af114cb9dd3d106489f6e4fb4,cca8f1b678e3b808b83f6466b048dc85,4,,,2017-04-28 00:00:00,2017-04-29 17:47:39
ed6312acd795b9ddc847d2b9f109f815,f849f319243bc7755c4fa9ccdb35eea7,1,,"Nunca recebi o produto, entrei com o pedido de reembolso e fui ignorado!",2017-12-09 00:00:00,2017-12-09 07:24:18
8176e8dd1d7df9a91e00007557eba356,11642e99761a28ab38643f6a876f4e9b,4,,,2017-12-21 00:00:00,2017-12-23 15:10:31
ad0b21f9e9968657a6cfa590ec78eb23,5fe46d14177744ae2180101ce19bb414,5,,Produto de excelente qualidade. Entrega rápida. ,2016-11-02 00:00:00,2016-11-02 21:12:20
74e4e4990b37a16f32a15efb28d8636e,ba19b234cabc645ff31e7c3a0076de18,3,,"Dentro do prazo.
",2017-12-20 00:00:00,2018-01-03 19:30:07
149d36de4c38179a2fec154930fc4592,34d7c2c94f8f4d4f2153adcb60b22145,4,,,2017-10-15 01:00:00,2017-10-16 01:27:22
04186860d50395e232b510d39a72666f,8691ef52aa97f8ba6d500780b5897e04,5,,,2018-05-19 00:00:00,2018-06-10 18:48:59
de383f45126bd92bb6965942a11270c9,da1a0dd3bf29adb14c8a77fca7388c11,5,,,2018-08-07 00:00:00,2018-08-08 11:58:00
6b0fc067e6cf235925d1995818181952,7a43439d03078dce6fa291258b5d9796,5,super recomendo,"lannister nunca me deixa na mão nota 10
pra voces",2018-07-07 00:00:00,2018-07-09 17:18:00
63ad75e924448de77d16c8531b293416,e35b8d9f66d207952c74878ee321a213,5,,,2017-08-25 00:00:00,2017-08-26 17:12:15
b1951fbd538997ac0fe35c284e349a2d,f8898796f33b7a0741dc0cf4f54c0001,5,,,2017-10-07 00:00:00,2017-10-09 12:13:52
9593960e209f0e91a1e71c9e8bee043f,b3e2b81932a8bc32dfffd128937c3c5e,5,,,2017-07-11 00:00:00,2017-07-14 02:17:20
ec808260f43cf1265d8ee74b7a3e1459,af87d49b5a2696414bd17915b853c941,5,,,2017-12-06 00:00:00,2017-12-08 12:07:37
1b3b554186c17b4b95292ce62d710f07,c9db1bfe07af2c4724a461a704c1ec67,1,Não recebi o produto,Realizei a compra em 30/07 e até agora não recebi o produto.,2018-08-12 00:00:00,2018-08-13 12:41:40
409934c79bbf9e7ad12a9cbb819a84ca,937ca79de438593867663c25fd34ea4b,3,Produto incorreto,"Mandei e-mail para lannister, mas ainda não respondeu, deram prazo de dois dias úteis que irá encerrar hoje.",2018-08-26 00:00:00,2018-08-28 20:16:05
4f3d56c16c0bd229568350824ee4390a,1a48f3d99685123b98d34bcb7337810f,4,recomendo,"muito bom, cumpre o que promete.",2018-08-17 00:00:00,2018-08-19 23:01:35
a38d231c541a1cdc604640b66340b824,6228b5ff5e2a9f1cc96101d4c6c08d10,5,,,2018-05-19 00:00:00,2018-05-20 22:09:22
04aa9d7842e1825470bc937547658c08,d9e85a628a68f162d46b273ae52d0119,4,,,2017-09-22 00:00:00,2017-09-28 15:33:17
d96df1c7e161b088e9acd804ca7926b8,f7abaa156e535f9204ac0cedab166bd0,5,,,2017-07-04 00:00:00,2017-07-06 18:01:53
9f29d235c8836a14bfec98053f11b1fa,ea1210816b91efb1908d9ba1bbcdbbba,5,Ótimo ,"Produto ótimo,recebi bem antes do prazo.Muito satisfeita.",2018-06-15 00:00:00,2018-06-16 12:28:51
0fe3a2cf04cd756066ea40376ddf40f4,5953d2dd57f0e259f8b8489c37556e00,3,,,2017-08-25 00:00:00,2017-08-26 02:24:02
949a0bbf2522686d5092c1142729de78,7a5f69256be6f46a920fd29453aecd15,5,,,2018-01-24 00:00:00,2018-01-27 11:53:16
e8ba5ec028ada1f73891685551e78b7f,00471463a6106056c1a2a809f70de640,5,,,2017-10-13 00:00:00,2017-10-19 14:10:40
b7b577431f27313f717e77b986d26004,c94ddd241e51ad691efa43aaee5b7f7d,5,,O tapete é lindo ... recomendo!!!,2017-07-27 00:00:00,2017-08-15 23:47:21
20a7c58ce8276bf357b87167bbbe8772,4243bef9583d689a9c8fe6f055cef332,4,,,2017-05-06 00:00:00,2017-05-08 21:18:16
5e06f8ef90e1cc25130a360330420f69,9878f33f592676d910a779d534fe5024,4,,"Produto de ótima qualidade, mas veio faltando o suporte , aquele que utilizamos para transferir ou transportar ventilador de um lugar para outro.",2018-04-03 00:00:00,2018-04-06 03:30:56
d01f71e34f79fb3e427edcdee3b4a15c,4429817093ef382ad98f0d8471211146,5,,Ótimo atendimento tudo foi perfeito. ,2018-04-10 00:00:00,2018-04-11 16:33:30
335e69d2aa05283c5188e0a3aaa2f04f,2bad074d8cb50fea70e0a12bc2ee304e,5,,satisfação ,2017-06-13 00:00:00,2017-06-16 12:12:01
a9568cda1a14543542103b46e1af341c,a60cfae2bca27cb006f446f1f04cb730,3,,,2018-04-07 00:00:00,2018-04-08 20:48:38
73ef422892dcc1a21396b294e29199c5,67e871df7739d67a0a128b9e66a3620b,4,,,2018-01-10 00:00:00,2018-01-10 23:49:18
3a146d6748a8a1d523f5c0a9e8cc3e45,8ef3801f58da6b652a3082e1fa5b6589,4,,,2018-03-20 00:00:00,2018-03-20 20:52:07
28e1bd96e9f8efc7919e84eedde24997,5fe9874b96028c851e35c1c28aede4c2,3,,"Entrega antes do prazo, produto certinho..porém achei a cadeira meio bamba..mas nada que impacte muito!",2018-01-31 00:00:00,2018-02-01 10:48:22
b33b089bad9db4387fd5825334403185,14feb2791a33105fe2092f7ac34e3200,5,recomendo,produto bom e chegou no prazo,2018-05-17 00:00:00,2018-05-21 19:06:27
8e13d2fc070d5b5cab85f58e307d59d6,9372445ddc10678e804717702a911665,2,,"Comprei 2 itens do mesmo produto e tive que pagar 2 fretes... Acho uma sacanagem isso, e também chegou 1 produto e o outro ainda não",2017-03-22 00:00:00,2017-03-23 15:21:09
a10547a41727e4bb333053af30f3d646,257b54c7aa667fa7865055803a58a737,2,,,2018-02-04 00:00:00,2018-02-05 16:39:44
70d1474f99a6bf0c79f654f8844ba404,59dccb56096ce22662c9a3f2f2312f39,1,,enrolaram para entregar,2018-02-03 00:00:00,2018-03-02 19:16:33
460fd104599c6ac0138f7bd54d495750,c37564a174d094e685810303fd46b582,5,,gosto de comprar nesta loja.,2017-05-31 00:00:00,2017-05-31 22:30:16
d4a226db5649dadce8ac176f0e2f9de4,61adc85552ac2f95e8d9ce8274b3bdaf,4,,,2018-07-13 00:00:00,2018-07-16 12:13:20
78491d95f0bc51681aa96276cebaa50a,fd0926fd1e8031a9cf228b88589a085b,1,,"Produto entregue no prazo, muito extenso ppr sinal. A capa nao ficou totalmente ajustada ao aparelho. Furos do cabo de dados, microfone e audio nao estão alinhados.",2017-04-08 00:00:00,2017-04-10 21:15:53
b88f7135cf846fbf94161fbaf325ceea,132ab6f8e1c86c21b064ee8832129bb1,4,,"Obrigada, o produto chegou antes do prazo e é muito bonito.",2018-08-28 00:00:00,2018-08-29 11:24:35
67a82fab284b84ea0b756091fb0f9cca,3c9165fe4078dc576322edf3612985b7,5,Muito bom,"Chegou certinho, antes do prazo. ",2018-08-29 00:00:00,2018-08-29 19:39:03
b196670f5730b0f0f7136c246c4a19b7,93e66102f38a99ee0f9f24af6d0ce1d8,5,,,2017-08-05 00:00:00,2017-08-05 20:04:43
7c5a7e5e91085eae354ab6acfbeeee28,c5012f56f488e3d08eb8140afb31342c,5,Ok,Atende,2018-08-22 00:00:00,2018-08-22 23:06:39
86f8837a69282ab8cbd21ba20ad6bbeb,c410904a63a021b7cc16816947ea4769,5,,,2018-04-17 00:00:00,2018-04-18 17:50:51
962fd3578dca58fc967b8e3835e8729b,7263a9488004df94487b7f970be3b91e,5,,,2018-06-22 00:00:00,2018-06-26 00:04:44
06a062247925c3473e4903bb35d6ab32,41b0453ab02025f52af28600854f3682,4,ótimo,ótimo,2018-05-12 00:00:00,2018-05-14 12:43:32
9e458589684a37279022a15d18f6b038,b0708857586f16e3ada17925950a87e5,5,,,2018-08-07 00:00:00,2018-08-07 23:36:28
f8b347971c699033a78fd19f0873ca18,3e8b39fabf5f8739a37c9b4cac46bcb6,5,,,2018-05-03 00:00:00,2018-05-03 23:05:20
4d2ae908810bf76631f2a90041c03f66,01e6f40a293da5a9dc11e49695c7541d,5,,,2017-06-08 00:00:00,2017-06-12 02:14:33
468746099d2c116413643b9387bd0593,610978786c543b1b75c537dcd82a8d10,5,,,2017-11-11 00:00:00,2017-11-13 09:48:33
c12c236c611c2277a7c49bedcb2d5554,27d6233886151ecc1ed368ce120ec5cf,5,,Excelente!!,2018-05-23 00:00:00,2018-05-24 03:35:39
395e66ea9a53a9b9b32a43901d32030b,90a6c3a55e9c9cf3db4bd490b9ab44c7,5,,,2018-03-24 00:00:00,2018-03-27 08:08:42
526422b1e00d40074041807ac1b515c9,0bc9cc637f074aa7df9fb7f206125066,5,,,2017-06-02 00:00:00,2017-07-13 14:24:36
707a4c2adc47f99577de107167bfb0e8,f570a11e0e7dd954267c529ff67f4bf7,4,Parabéns,Produto entregue no prazo correto.,2018-05-23 00:00:00,2018-05-24 12:57:04
de3992fc503b236ac735e2378ccc93d3,c5419fa3198a4e2caeb715ce9fe9a6e2,5,,,2017-03-22 00:00:00,2017-03-23 11:35:23
0791b1d42d8d20f16a50b29f1d36042e,6c5560ced6024f245a79e10108dee769,3,,,2018-06-01 00:00:00,2018-06-04 14:50:09
81938eb406bf52e109e7500a83c9d7eb,c9c52a54f8c144ef40de99a8a74a3ec6,5,,"A culpa não foi do fornecedor e sim dos correios. Produto muito bom, já usei fazendo trilha de moto e tá aprovado.",2017-07-28 00:00:00,2017-07-31 16:41:50
ef3656b076b413909f6274612b0e072e,ad45318f69f5c8613267854b52b2996e,3,,Produto atende às características. ,2018-04-17 00:00:00,2018-04-19 21:37:09
aa58ea838bbf45d79e4cb3f3745c2ea0,6f5287c7bb4cef1435b9666c23c54f9e,5,,,2018-08-18 00:00:00,2018-08-19 00:01:09
86c412159a9e2eba83aec8f4eec30b12,91fbb4bf79cbb5c19eb018248c0fe683,3,,mochila veio com a costura soltando.. nao pedi ooutra porque preciso muito e iria levar muito tempo para ter outra,2017-08-26 00:00:00,2017-08-28 17:28:04
61634761a74ea7da85151cf094e88306,0724cc371750e7fdfe769d2a8bdd5b92,4,,,2018-02-04 00:00:00,2018-02-06 12:32:34
f545e23727c03249b313da893f19b2de,1aa78d3a94e9d8054d63fd230c076bf6,1,,"Fiz o pedido de um violão (+ acessórios ( e recebi uma bateria. Passei horas tentando contato com a loja para que a troca fosse feita, mas nenhuma resposta. NÃO recomendo! ",2017-11-30 00:00:00,2017-11-30 20:31:41
aaa74698cecc3c3cb2e152420b19c559,2c3a7da8d1c6190209fd4c1a9e3d79c7,5,,Muito bom,2017-03-17 00:00:00,2017-03-18 00:49:47
1996fae666e7fdc84917c85db933deee,c3be15258fc4adeb2c7569983b4afb99,5,,Loja excelente. Cumpre o prazo.,2017-09-23 00:00:00,2017-09-25 23:24:55
f3f589dc2629c3bb8ce85df81dcab339,febcb6742e4652312e996b6bc7fbcdd8,1,,,2018-03-30 00:00:00,2018-04-12 15:02:42
341c2a04e0506d94e0fda5a93a7907be,e5e1c16f3df58122b4b4c212ff8a9439,4,,Bom,2017-06-21 00:00:00,2017-06-22 11:10:15
1713797be41b9721bfc6386590851d4d,32e3f54d03f202e02cfc79f9fd91fd06,1,,"Já entrei no site e fiz minha reclamação, pois, infelizmente, o produto foi mal embrulhado e a maquiagem veio quebrada e danificada. Gostaria de receber outro produto ou meu dinheiro de volta. ",2017-04-28 00:00:00,2017-05-02 19:27:22
42a4863ff0253161df27f8f123e845ec,8849e8100a1269ca2a5606e5a0fb6c07,4,,,2017-07-13 00:00:00,2017-07-13 23:09:42
c2398ffc712a6b357c625a63ebeda77d,2b781b53b653523cf1337a742b71aed3,5,,Entrega rápida.,2017-10-21 00:00:00,2017-10-21 16:50:31
0247e27944b82977f107c04c498a4875,fad1e133ca16d525f3b6e2ae6008840e,5,,"excelente empresa recomendo a todos.
O produto foi entregue antes do prazo!!!",2017-08-24 00:00:00,2017-08-28 21:34:59
096f4dbaade4de3f3b6ad73b4bc2c5a3,c9c197c62cb2a03cfd83624c690744df,2,,,2018-03-19 00:00:00,2018-03-19 21:08:08
e0159245718e8bf21999aa2de4c2c36c,e30e1b2d38289d666f614ee04f5951ba,5,,,2018-03-24 00:00:00,2018-03-26 22:02:00
7177b0d791beb900ab8906e728b29455,22393c9bb58fd23ba0aaf68dab5094cc,5,Relogio casio entregue,"E a segunda compra q realizo neste site e todos entregue dentro do prazo mesmo com a greve dos caminhoneiros 
Parabéns a empresa 👏🏽👏🏽👏🏽",2018-06-05 00:00:00,2018-06-06 17:54:34
a8cf0ae69badd34710e2f571430c4d74,26c032093452825fab1ef0adcde581ac,5,Revomendo,"Entrega antes do prazo, produto exatamente como está na foto, de qualidade, recomendo.",2018-08-24 00:00:00,2018-08-24 10:16:17
a9d12f430f377628c35e5ea8ce7c37a8,49feda914c01f29c2cfdf7708278752e,5,,,2018-07-03 00:00:00,2018-07-03 18:23:50
d24f29f37bf2b021492de406eafe0992,7837962c3d0968b066e6e54738c2f307,4,,Entregue dentro do prazo.,2018-01-28 00:00:00,2018-01-28 23:21:56
6efa360af67391bedc8f2454aa502494,8304f049f874798b19276d475a0b1851,5,,Ótimo preço eproduto,2017-12-27 00:00:00,2017-12-27 18:33:55
e4418d4f1ad07bf42c9615948320c949,8b50d4c9560cac1625c6fd9f536fc780,5,,,2018-05-04 00:00:00,2018-05-07 13:29:02
3a94b2e3f1f3126c1e8e05e30775d7dc,f05fbff4a434f4d0c1e09000bf45f06f,3,,"Não recebi o produto, mas recebi o reembolso sem problemas.",2017-07-09 00:00:00,2017-07-09 13:39:55
0f5b2cc86d0db25a25375099d6a9d204,652feb1d4ad368d93e848e3e211445e1,5,,,2018-07-27 00:00:00,2018-07-27 18:58:13
49d7cb7036524859d51e77463e9d4f9c,1aba68837cfafa9cc4bba58efee87d4a,4,,Fiquei indignado por que vendeu,2017-11-25 00:00:00,2017-11-28 02:38:37
fa4963b31bf78e710e59a6a837f6a11f,086ce45c7045b3c6a4b503bd3ec73413,5,,,2017-12-20 00:00:00,2017-12-21 15:51:30
9dbc5cd097efd0edac9a15506808b1ae,f1ec76883496424477c5c8162558a911,5,,adorei prazo de entrega,2017-03-17 00:00:00,2017-03-19 13:16:14
0aa57ca4a0aeb1c545199fb83232cb43,22c129d6b11c5113aafece4670d8719d,4,,,2018-03-07 00:00:00,2018-03-10 02:37:54
d4eab4abbb06cb27ddc9c126c8ac896f,0546ac640227025eb2df422b1f613f66,4,,,2017-06-30 00:00:00,2017-07-02 22:34:53
ba49cde9c4022c85fc1a48de0a3eb441,a3e9e5209110a0dcfe5b20b01e6a69e7,5,otimo,muito bom,2018-08-02 00:00:00,2018-08-08 17:26:14
ff09244e9614f2d07702b25c3e2c6caf,e536cdf72fac1ac0394ce265d37d22e7,5,rECOMENDO,pRODUTO DE BOA QUALIDADE. pRAZO CUMPRIDO. eXCELENTE,2018-07-24 00:00:00,2018-07-25 12:23:27
6c301dd23bcc0a3b7dbbbb7b708ab102,e417eb578007d00c0b658bc321e625fb,5,,Produto muito bom e foi entregue bem antes do prazo previsto ,2017-10-14 00:00:00,2017-10-15 02:01:32
5cb9e34468bf4ad65598dd4108ac2b75,2346e1104a4b18a23e6dc6a87c2d1b8c,5,,,2017-09-15 00:00:00,2017-09-16 09:57:25
2a5a94bcbc6296bfe547ef3878c029cb,1c2d22c1d55459e10c141fba4eed75be,5,,,2018-03-06 00:00:00,2018-03-06 16:55:01
aa173c18bbb400a845d3cb04182496e8,042cfa84b1415cdcea821bcbc1bb8f4c,5,,,2017-12-23 00:00:00,2017-12-24 10:26:46
bbc0b1c5829620534d731d7f4dc8272b,6e53f3d94a384e3e000da1b6d43641ab,5,,,2018-08-10 00:00:00,2018-08-13 12:01:35
d748d6e910e20e15256bca3d5fd666c5,ab8fb8695d598ca38617cc9ec507bbfb,5,,Muito bom,2018-02-22 00:00:00,2018-02-22 22:15:34
1a9575b1dd7667a908df17255bf76ed7,6aa12b7bccdfe9396d5feb50030e1b3f,5,,"Amei os produtos, foram entregues antes do prazo.",2017-10-12 00:00:00,2017-10-13 11:16:30
ebc9c29d8fde23345b7f177b9c89ad65,c000556923c9e9f96eb1121213f153b0,3,,,2017-11-30 00:00:00,2017-12-01 00:16:37
f9a2c289c263a2933330f9b2d9476e9c,6c175759bc609d6fa9c693e5d24aa77d,4,,,2017-10-04 00:00:00,2017-10-05 17:41:30
ddc9864d03d9781ee7cd7ac46912a20a,91b429393d223b94094f2b7671a634b9,5,,,2018-04-27 00:00:00,2018-04-28 01:33:24
d4ad207d1b4f0c361edf36898d699517,17229fc3b255deaf774bd892c1673951,2,qto ao baratheon sim ,"A bolsa veio com a costura torta no ziper, e nesta costura por estar torta, não foi costurado o ziper, então está um buraco, não gostei, preciso ver o que devo fazer..adoro o baratheon,mas não produto",2018-06-14 00:00:00,2018-06-16 14:13:44
b16f83a4b8747d3008cfd54e6dec03de,55ef1695189508c09b58080d53d2b32e,4,,,2018-07-11 00:00:00,2018-07-13 12:27:28
b81094a8655c09f05a683150771e1813,5a63932fb14d73f88cac39e052c92be4,4,,,2018-04-11 00:00:00,2018-04-11 23:58:55
1d7a85ea6d9c7aa926bda38e518c1ae3,d0d85933667e8a90939ca37947942b62,4,,,2017-03-17 00:00:00,2017-03-17 19:30:35
2ee16185f351da2d7de827c28626bb28,3751a8bfb64bf6096a8a42a76e4d9aaf,2,,Demora pra entregar.,2017-12-21 00:00:00,2017-12-22 10:55:59
2be97f09f7907159e40c7f49c46ca8b3,cf02431ed62ac1e9b3e2572201295463,5,,,2017-12-29 00:00:00,2018-01-01 06:19:56
ed92745ad1f6c4b4feb173552e6849a3,66bc92ed85c6ab828e10ff0cd1c5d026,3,,,2017-05-03 00:00:00,2017-05-06 01:05:12
8028eb3b4ef66817063e87726f020fde,e62c3201015050463bc2e3b6599a6bc5,1,,"Comprei o produto e até o momento não recebi e também não tive nenhuma satisfação de o que aconteceu. Que o valor foi debitado, isso foi.",2018-03-22 00:00:00,2018-03-25 00:20:13
5179a0fe8a9b8601de39a4adc481212b,2ae6bf810adb8aa11c97527eb4e62a15,5,,,2018-04-25 00:00:00,2018-04-26 01:59:50
0422d9cc34e36a7fceafd82d50e577a3,470ceef9068e1385a280703397af31e8,4,Otimo Produto,,2018-04-27 00:00:00,2018-04-27 14:13:42
888b370d671e768ff058ea33907b5648,e375d0d9503a5e95db66e6a83833b5cc,4,,,2017-10-03 00:00:00,2017-10-06 11:27:39
a65b9b4b7db11fd115ab73cc60ec5f8c,87f41ac2bb62582fa23ddb02b79ef724,5,,,2017-03-17 00:00:00,2017-03-18 02:19:38
d61959a38f225bd30d8a353a24cf1956,ab4d923f0c19b1189d542b64352de060,5,,,2018-03-15 00:00:00,2018-03-15 11:18:00
5f00ad589eb13afc4da4e327184c9a9f,2e2d43380f2a8c56a9378e75b9b474fe,5,,,2017-02-23 00:00:00,2017-02-24 00:51:41
c08f6048eeba1839bcc7ec38c0d2e848,4db79af544c8c9da4ef543192ec3179c,5,Super recomendo,Produto entregue antes do prazo acordado.,2018-08-29 00:00:00,2018-08-29 19:51:27
00e84b0855ef77f58007b90b8143d36b,ce7cf6dd8f80dfb98716950ae40eca59,5,,,2018-08-16 00:00:00,2018-08-17 14:32:10
61b3b1fd91a8df23aa3188a08c2cbaec,71488f40fcb86621a50c86a9e1ce486f,5,,,2018-03-19 00:00:00,2018-03-22 00:42:45
17beffee35d75b4c851384cad3bff013,99c272b1c830220b1aa0047b42e9964e,4,,,2017-08-02 00:00:00,2017-08-02 23:30:51
d877220c09ec06d6a65e351c3f7446a7,605b6e2919387ca3cd0480e7d420320f,5,,,2018-06-12 00:00:00,2018-06-12 21:51:08
27dcd226bf40307e2c3dd7dff805e497,483c0f7f44eec6fd0fbd90914d187226,4,,,2017-11-22 00:00:00,2017-12-04 19:12:54
52c29011bee58de1c89f4de9750f464c,19dc396137b147d804b74b9e5bbb9875,5,,otimo ,2017-07-12 00:00:00,2017-07-13 13:26:23
b0f0833a157dbb3d33ac2bf891aeacdb,ba3dfe274b92578ad6af3b17d141033c,5,,,2018-03-27 00:00:00,2018-03-28 04:52:20
95ddf97d294646fe0b04156a799d07da,6b0e4ed8dcbabec5410a8b28f0405cd6,5,Lustre duplo aramado,"Super recomendo 
Amei os produtos ",2018-07-14 00:00:00,2018-07-16 20:03:48
319cb3c58d82d2e2b9ae220b9e8ee82c,578e93018456eabf67495ce86d6e6315,2,,"Boa tarde, foi antes do prazo ",2017-02-22 00:00:00,2017-02-22 19:33:31
a47b3b42fdf8a73281e7f029a6062bdb,f25f425c1627a369f769d91d56c3da67,1,Não Recomendo,"O produto veio na caixa original, sem qualquer proteção, o correio durante a entrega rasgou toda a caixa, e ao testar, constatei que somente um dos fones funcionava. Pedi a troca.",2018-07-31 00:00:00,2018-07-31 14:15:54
1c66f5e133599fb3bf99d8b3c295b95e,4ef317aa4c1f35d3fe599a85512cda21,5,,,2017-08-29 00:00:00,2017-08-30 01:22:15
f31dc774303d3e6560fe524f3a13bc5f,f08e7cbe4ee33176122952f10c7128b6,5,,,2018-08-04 00:00:00,2018-08-09 00:14:35
036b244eabac2a6d9b42463768d989bf,1309fc445b40a153a53e94b46d2accb1,1,,"Prazo prometido e não cumprido.
",2018-03-21 00:00:00,2018-03-21 09:35:26
63aeb5b12f5fa56a143d545c16622728,2d395688fd6ae7eb8d492b8fd1ce287c,5,,"produto lindo igual a foto , ótimas medidas ,vale muito a pena , adorei ",2018-03-02 00:00:00,2018-03-03 15:50:02
66efb3fe4e0ba3fcb90a31c94dbd706f,d27ebef51c81419780e860d0278bf87c,5,,Nota 1000,2018-04-04 00:00:00,2018-04-06 18:16:40
2faf240bf7adb6d17d915cc3acbe5d0d,ee5e59dd35aa71f46adcd545eee0c87e,5,,,2017-08-02 00:00:00,2017-08-05 01:41:22
dcbba0f3f7456d9e67171682fb298074,52267d8c7f4a0227294efd0ef23fcefb,1,,Não entraram em contato p dar uma posição e a mercadoria faz um mês q comprei e não chegou,2018-02-08 00:00:00,2018-02-09 13:23:05
f57a0a150b1d1ee06bc7570f52047751,be13978ecac5e754184c77063ea75e2f,4,,,2018-08-30 00:00:00,2018-08-31 13:11:32
36ec7beab972a0bd81e25c048195342f,a4b276bd4a9eba543ec90cdf29a67308,2,,Razoável. Achei a manta muito fina.,2017-06-28 00:00:00,2017-06-29 06:27:18
578fcf3f7682b40525410b426451497f,c557060689aaaae43b1c0369e2a1e221,4,,Excelente produto.,2017-11-30 00:00:00,2017-11-30 18:00:40
259d7e24fdc165eca679122592e62d41,d6021b689d20a82e885a61d75888df6a,3,,"Fiz o pedido de duas unidades, mas recebi somente uma unidade. Não sei se os produtos foram enviados separadamente, mas até o momento não recebi uma das unidades.",2018-04-10 00:00:00,2018-04-11 10:16:52
422c1afb7640cc680806495e97b042f1,09b9b2b8758ca1fd4a9bcd3f2af6fb10,5,,Excelente produto a loja cumpriu rigorosamente o prazo!!,2017-11-29 00:00:00,2017-12-01 19:02:44
faa37bc9bd65952018be0bb674be9daf,99316aecfb3e31190e43714f7643a49b,5,Entregue! ,Produto foi entregue dentro do prazo e foi mais rápido do que eu pensava! Amei!! ,2018-05-15 00:00:00,2018-05-16 10:14:41
945206c1be3da6a3a0344ff00af84853,0d123aa33c3954b2685ef6807ffc9bc0,5,,,2017-09-14 00:00:00,2017-09-18 18:32:11
c9f1d2f4f9dde32a40234f32eb2c65ae,47476a4cdc9f6c8f0fb1517e2e557c5e,5,,,2018-03-03 00:00:00,2018-03-03 12:45:33
6e4344680dbd30c75f78394e0dcfffdf,ed3efbd3a87bea76c2812c66a0b32219,2,,O produto veio com defeito ele não liga não funciona quero trocar,2018-07-28 00:00:00,2018-07-30 11:06:16
9e3efc28340426dfc87cbbd843268fc1,8b8e2225e5e318a19d2d7a375b56350d,3,,,2018-06-24 00:00:00,2018-06-26 18:41:56
45d18f2b01f0afa66d3383cce1f2e8a4,dc30c49cdd7a0bbf562cd24386ea1a5f,5,,,2017-09-19 00:00:00,2017-09-22 21:27:29
2d46455a6bf30d2a661098355151059d,1e343afd4282a335a2d8f1c6690902a6,5,,,2018-06-03 00:00:00,2018-06-04 18:09:42
629a2ae931b417897d46071ae151af7d,67204cd665c7418b36623b21584dc92c,1,,O produto infelizmente não chegou...,2017-12-31 00:00:00,2018-01-02 10:58:25
e6b5b0e3debde223badf35b132bb21c0,7c32a0c8814b54f798f9359f20699633,5,nota 10,boa tarde vocês e pontual,2018-07-26 00:00:00,2018-07-27 16:04:20
4fd269a08d3a7728519d8332ddd08c4e,74016effecaa79d592487f6a4ee47d4b,5,,,2017-03-22 00:00:00,2017-03-22 21:58:32
909dc9574b05342248bb4532c0641734,88fcb8d7dc0b10a8579590c36f370066,5,,,2017-10-05 00:00:00,2017-10-06 00:38:20
9ed9a45da2571174bb728777487f40d2,6b313b07f096e0b9354fd4f097abaed6,4,,"Produto ótimo ,entregue no prazo recomendo",2017-08-16 00:00:00,2017-08-17 01:45:28
18633f3ccce07cc4c01a203d78c1c2d2,4abd25ff34f0b324cadc39a6529b05c8,2,,"Comprei dois produtos e só recebi um, já enviei dois emails ao vendedor mas ainda não obtive resposta.",2018-04-13 00:00:00,2018-04-14 08:51:35
48102aacbd01ead91b10d545f2b6dfcc,8afa2e5e1db419ca84b2ec548bcfa4fd,5,Recomendo ,Entregaram antes do prazo e com o produto conforme anunciado. Recomendo. ,2018-05-09 00:00:00,2018-05-12 01:24:13
cabb3ee680326de1e117faf7cdee4123,c69a753d027c44254d7964a47718c07e,5,,,2018-05-24 00:00:00,2018-05-28 11:28:12
8f3ebfcd5e5fe4e7b62d17838ad7c0dc,3c224717f735680c865cdb827b6c81bd,5,,Entrega certa produto bom!!,2017-06-08 00:00:00,2017-06-10 23:44:42
a0b607355c55f96f976655f6b28f1265,b0200f320613faea21c999a90efa28ab,5,,,2018-02-21 00:00:00,2018-02-24 13:37:17
b3b5de8de0875c0892dac314f06748de,81539e7eb97d9fba708603ac8f00b6c9,1,Péssima ,Não comprem desta loja! Tentei fazer o cancelamento da compra por 5 vezes e só fui atende depois de ter recusado a entrega do Correio.,2018-05-15 00:00:00,2018-05-16 01:03:27
e930bff7f72f5596835423e8a87b8ecb,d93ed72dc9abec13f2ad4ae2e531fada,4,Amei ,Só achei os braços estreito n cobre todo braço do sofá ,2018-07-07 00:00:00,2018-07-08 02:21:30
52544e7ce09beb4f77c3c660770b4f67,46756e8b057947b9f69b5a70f084817f,4,,"Não veio com tudo que disse que vinha , nas informações do produto no vendedor , informa que vem com gelo térmico , mas veio sem",2018-07-05 00:00:00,2018-07-08 14:13:57
303dd5ff0a34af71bd80f2cba790a190,2b4dd5231bfa1c6ad0442c5f1964044c,4,,,2017-04-09 00:00:00,2017-04-10 12:00:04
488ec1aa862d1f21dff2f2003838ca85,e6bcb00ca5426e9d00b50f8eeee367c7,4,,PRODUTO ÓTIMO.,2017-07-05 00:00:00,2017-07-08 00:40:26
3d02982f91553017416d6f4e961fc2ce,13a60be94bc36bf7c5f1e0a849cdd6e4,1,,"Problema com os correios, não realizou minha entrega, a lannister não me deu posicionamento.",2018-03-17 00:00:00,2018-03-19 11:16:54
bce7d0d68dbf441217cfb4ce595a82d0,3a9e44b449e2ec9986a329724bc824eb,1,,"Não recebi o produto, não obtive nenhuma resposta da targaryen apesar de ter enviado dois emails à empresa e os atendentes da lannister não resolvem nada.",2018-01-14 00:00:00,2018-01-14 02:52:59
caad716f44e307b272173533ca05c9ec,e8596a031f6814efc9b04e857f053ac6,3,,,2018-08-03 00:00:00,2018-08-03 22:07:03
86180d28009805b29dafecb0a672d273,e21965e5414f7e165a71649e68030100,1,,"Não recebi meu produto , o prazo máximo de entrega foi dia 26/03/17 realizei a compra no dia 18/3 e até o momento não recebi nenhum posicionamento por parte da empresa , descaso total , indignada ",2017-04-12 00:00:00,2017-04-13 04:13:55
94ebf7facfaecfcd7151ebb5eb98ac3b,91575acf2a356af85894e1c3b1612e81,4,,,2017-09-30 00:00:00,2017-10-03 11:39:16
4c3498d0bd369f0e8ad9c4aa4aa3d712,c9c382f83e175303a797ca7de7240679,5,boa,entrega dentro do contratado,2018-08-22 00:00:00,2018-08-23 11:48:07
99ab4427eb58f5b364d288a374ccbf2f,721c90253d3c1f625f71e2faf53a6b57,5,,"Produtos corretos, prazo de entrega antecipado.
",2017-02-04 00:00:00,2017-02-06 10:27:04
b2d03e4b730e0b8edb648ecd754a0eef,14e3b02a42f36ad7bdcdc8a0df427be3,4,,"Avaria na embalagem, restante 100%...",2018-04-05 00:00:00,2018-04-07 23:08:05
cd58b3b52d2707cb115de2c429125c5b,4c074254980764fecff977c97ce88c4d,4,,produto tudo em conforme a descrição,2017-12-21 00:00:00,2017-12-27 11:23:16
f31139781d6de070ff3eb9f58f74bde4,bbcd8e46520fed222134c829d40f79a6,5,,,2018-05-18 00:00:00,2018-05-20 15:14:32
68687a91d2496e895d28aba8936415a5,9f36a6b11ec95b4f8586000d49dae422,3,,,2018-05-17 00:00:00,2018-05-20 15:21:52
902d36dc3a5d4aaac9bc422102932246,0a9d793da20eb89ec326c840c46d7a9b,4,,,2018-01-31 00:00:00,2018-01-31 21:50:05
b3bef9674d4208b07c2313d1a6a62132,38b80ac02e3ce34b306483fc57a33bc5,1,,,2017-03-29 00:00:00,2017-03-29 17:06:08
503fca5bbe896722a4fc469d5f8519ce,a304e27bd17a57240cb6779d293726d4,5,,"Muita satisfeita, recomendo.",2018-03-06 00:00:00,2018-03-07 17:26:47
1ee1e6b29fadd9c04ad5a8621da01bc0,82f82b9841866db1e2221eb82a0a85cc,4,,Produto bem acabado,2017-12-05 00:00:00,2017-12-06 11:54:55
3b3c4285babc5ada121c163460da6ca2,f97b2bdfbaca9c2f04722d8cbc8cc8a5,1,,,2018-08-17 00:00:00,2018-08-20 22:11:42
78adf4b75add99875af29d70ffcbf878,b2e5be9642d390480c19fbc80e533de6,5,,,2018-05-01 00:00:00,2018-05-02 00:24:20
fcbb923cd7b45cbf7707f8669e88e559,64c04b1fbf1d65307ee77fa046ea3b7a,1,A entrega foi pessima,"eu comprei o produto e tiver que ir nas lojas dos correios para fazer á retirar 
mas paguei entregando na minha casa então acho que eu fui lesada .
pela loja recomendo o produto preço .",2018-06-22 00:00:00,2018-06-22 19:39:47
07f30776861c50133aa6d2269fafc1e7,be049b6fa688493e1676db5fafc0bbb3,4,,,2018-05-15 00:00:00,2018-05-20 12:38:28
0761191d550e6a7ccaca9d277277f118,2dd14275918584fb2a28d4a4300d01e0,4,,,2017-07-18 00:00:00,2017-07-19 15:16:24
ebe73d53029c5ffd1c8489f0f46d823e,825c221a4e981f278e9c5ec6ead83a3f,5,,Recebi o produto dentro do prazo.tudo ok,2017-07-11 00:00:00,2017-07-11 19:37:37
7a4b14b79bb1e7d642319bc184206bc1,c4ed5db53397cdd0f24bb4ba48f769f8,5,,"Não tive nenhum problema!!!!
",2017-06-27 00:00:00,2017-06-28 13:27:10
73adcd6b19a77f08b604c14a4280e682,886cadc098626f2e17d54f76b7bac8bd,5,,,2017-12-07 00:00:00,2017-12-07 23:46:47
cd37e4b8ea5896a3ec1ff03a4baf61a8,cd0a3a0546d575990039ca72965ced27,5,,Entrega super rápida e produto de ótima qualidade.,2018-02-11 00:00:00,2018-03-15 13:25:56
68e7c9eb4272b4dcdda722560a4358c8,93b68446f352031c3899ff57f76f0a68,1,,,2018-03-03 00:00:00,2018-03-04 00:15:53
d7a8a55b49ad133439500db6b4d41b0e,fe2f8677aaa66d2344481c0925170245,5,,,2018-01-20 00:00:00,2018-01-21 02:31:00
1b55ead0887f11a689c54b2cbbf8832d,bfa2d90f225e338dc4f848b58789a3e5,5,,,2017-10-03 00:00:00,2017-10-03 21:47:06
3e6d246f593be44db21bc56b2247b3f2,3be070ae2edd92621c933c5341674b4e,4,,,2017-12-29 00:00:00,2018-01-02 17:36:36
bc815bbe9f2507c6e7872cb73a5e73e5,cd49c5c6f772ac87200f116a7a5499e5,5,,,2017-03-15 00:00:00,2017-03-16 21:34:33
6666cca86b2483b7971c3ed8bca7b4c4,2049584f67990d0732321de66fb36c55,5,,,2018-03-23 00:00:00,2018-03-26 13:57:27
a0c203cb1d262ce1df976f5c34c006b7,65bbd0719855fe808bb19f62dfa9f42c,5,,,2017-08-24 00:00:00,2017-08-25 10:15:05
bf57fec970fd30f8b303fc9a789a851f,cf35cf6763e0db30babc4885c3b2596f,5,,,2018-01-30 00:00:00,2018-01-31 10:26:30
87efa865093101e041b6183d4f9cd7b7,04a59fe46fc5aa341da5378c195ed53c,5,,,2017-12-12 00:00:00,2017-12-14 21:47:21
6e33f3e6b714833fc0b23d604a0e3f5c,caa321f911edb4b272c5e4aa6df6be81,5,,,2017-07-26 00:00:00,2017-07-27 23:13:00
6e979a02afb0d0bcf5f37015664ff735,ada72a2d2e2c5621b9391b68e9cfa74b,5,,,2017-12-28 00:00:00,2017-12-30 15:46:55
fb3c9256a951c995aee9b8c7f96f5178,f3e4f521d6a68def7f89c8e9c8898829,5,,"otima
",2017-08-22 00:00:00,2017-08-23 01:31:16
ca4c23aac450c37fef4ef80267af713d,832c61671b530bdc7d56880581bc2146,5,,,2017-09-19 00:00:00,2017-09-20 23:30:06
14def4bb1685097bf69ce8c6f790a49a,5d389775a013b9eb8fcdab4cdc1eae1d,3,,,2017-02-11 00:00:00,2017-02-12 15:11:01
95cb598093ac4560bb69e48b5085a48d,f54985d5e0aa25e89765a7f3c1d7c445,5,,Tudo conforme o combinado.,2017-05-06 00:00:00,2017-05-08 12:54:46
35f99f8617e335ae7b1abb02b68ceb64,3bae20c7f7ad4cf125d51f381c55f8e5,1,,"Comprei 3 kits de cartuchos hp contendo 1 Preto e 1 colorido cada, total de 6 mas recebi em minha casa apenas 1 Preto e 1 colorido, com nota fiscal q dizia conter 3 de cada! Aguardo providências",2018-03-20 00:00:00,2018-03-21 02:36:47
06d8b827955162d7ece3705df6f43f0d,efe9bd98be3cb5cb5c87e7ca27abe613,1,,"O prazo de entrega era até o dia 16/02.
Até agora não recebi.",2018-02-18 00:00:00,2018-02-18 12:06:03
668b26291b490551ad7c4bda19eb477b,b0f093c9a7e135bb44a1e1bd7406ba30,5,,,2018-06-07 00:00:00,2018-06-10 19:12:09
97859cb375e228277a637a6b9c3c42dd,45881387721786e660460cd8bfcb2010,4,,,2018-05-11 00:00:00,2018-05-11 18:36:27
acd7452c330c06403b0792be2d201a54,9f7b07e872a431807e81c38d6328502a,5,,,2018-06-19 00:00:00,2018-06-19 18:50:10
4448100f266cfbf02b8ae7d269e0c5fb,da7b8d3f7de2b64a8d4f6d59b36159a7,5,,,2018-08-09 00:00:00,2018-08-09 21:34:07
b1b7385e7099091e647b085edf55934b,66c8dae0eb958ee945dc71efd0a99659,5,,,2018-02-20 00:00:00,2018-02-27 17:14:12
264e319534e23aa2356fb57ab00ff740,6f17dbe0baf3d45a1ddf91bf756dc359,4,,"O produto não é exatamente como anunciado na imagem, é da mesma marca, mas não confere com a imagem",2018-07-14 00:00:00,2018-07-16 18:28:50
e6d96ab3025bbb0b0ff69e7e38c09fe7,3d17d211984312889a4d60f359859535,5,,,2017-10-06 00:00:00,2017-10-08 20:39:40
ca777716cd3c88109e6005d702a9641a,5999ead09f96d2b827245b36f86901bd,3,,,2018-02-22 00:00:00,2018-02-23 00:06:54
9c90b3e21233d46f6f37a7cd31f8c789,606135eee1f82ed9f028183c267aa8d8,4,,,2017-05-31 00:00:00,2017-06-01 13:40:26
df37238b7dba8891daa40ba2b248356e,bcadceb3349706d0baa8857a30fe542d,5,,,2017-03-26 00:00:00,2017-03-29 10:10:56
2b334d5e20dc2c7428516d048ea22c8c,00fc308dd7f0937682698becaa9dcc45,5,,,2018-08-28 00:00:00,2018-08-28 19:59:36
9938b646f8e7e052ef8dd523dd0633cd,233f0d86db908dbeb6c2ae5675b31e71,5,,,2017-11-22 00:00:00,2017-11-23 03:05:47
23eb6178b1208f3a6f7439d54cd31d75,60ff47e655e87de64037be5d1f09ce7d,3,,,2018-08-30 00:00:00,2018-09-03 13:18:42
31182c4da9f7c5218159e071a305490a,3d0bb712c6a8ebe6bda01b3bdf6f331b,4,,,2018-08-18 00:00:00,2018-08-22 13:41:16
c44004d7e60dc281ebd5361b717570c3,5597332b7eded552f104108f22b023e4,5,Ótima,Muito bom produto,2018-08-18 00:00:00,2018-08-19 13:24:27
c5a706b5eb7a8d635ade0fc66534b6ca,8fe3b44d3161e377a52ba346b2b0ec08,4,muito bom!,Tenho comprado com você e tem sido bom! Espero que novas compras possam ser feitas e os resultados sejam os mesmo..,2018-07-25 00:00:00,2018-07-31 22:27:00
1d0663f158a109d9c3bdc2c7cf2c8fe4,42769a5163a34297f4458dbccf206b36,5,,Excelente!,2017-09-07 00:00:00,2017-09-07 17:12:11
22591316bceda940c081f2f151d16267,9e96e482f747d3cb997cff90397a37d3,5,,Amei,2017-10-20 00:00:00,2017-10-21 00:36:57
70ea1ba3386c95c93125d23168d30c1c,c6c96aae858cf470816e5080de363e47,5,Recomendo!!!,Recebi o produto dentro do prazo!!! No dia que chegou ja testei e adorei o produto!!! ,2018-07-24 00:00:00,2018-07-25 11:20:38
a774e4578f59c7903dc319b0fbdf1dec,0ddc479b3d0cef2274f5247136199011,5,super recomendo,,2018-05-22 00:00:00,2018-05-25 14:54:10
7dc43ec051bceec26b67d41ec63db8c6,8223c1c9dfe33eb14644dd34a5213285,5,,Esxelente,2017-06-09 00:00:00,2017-06-13 14:11:54
425819f28fd7aed15fc8ee4cf6322c36,7dde8d5a4f827143962fb226ff159518,5,,perfeito,2018-03-02 00:00:00,2018-03-04 01:13:03
ffa0d9ba2678dba5fa370295245f473d,641fb0752bf5b5940c376b3a8bb9dc52,4,,"Inicialmente, pedi o cancelamento do pedido devido a falta de atualização com o produto, hoje sei que é erro do APLICATIVO e não do vendedor.",2018-01-04 00:00:00,2018-01-04 18:29:06
e27308466c302cdb718c9586141541b6,3c39f4ac4b4520bfaaba2cee448cd823,1,,NUNCA aconteceu isso antes com relação às minhas compras no e-commerce das Lojas lannister. NUNCA. Ainda não recebi o produto e nem sei se vou receber. Peço entrarem em contato comigo urgente.,2018-03-30 00:00:00,2018-04-02 18:41:55
63c6cec8cb9a2d0990b33999810f3df7,aaae80f5b6239bd9e1b22e9aa542c3e8,1,,Comprei uma curtina q veio toda torta na costura da parte de baixo fiquei muito chatiada.,2017-04-01 00:00:00,2017-04-04 12:07:29
f678fbd0e1a479e1f6a7d77d616ec71f,306193c0f58d9f95461c43563b65166c,5,,,2017-10-20 00:00:00,2017-10-23 14:51:56
3700f8d8618f19efc7f9443bd41cc551,0fe8b4edfb85dd0eb662345e71b30378,5,,,2018-01-11 00:00:00,2018-01-15 00:06:38
1d65ee99944759a8fa17c28fb9b3dd9e,0510f632b86f01064ebbde67deb63bb5,5,Excelente produto.,Excelente produto.,2018-07-05 00:00:00,2018-07-09 00:31:26
cca4be456ffde65612afcf161fd36c83,901eda457aecf2fcb2639e4175bbbc6a,5,,muito satisfeito,2017-07-05 00:00:00,2017-07-06 11:48:21
86256e6ddb2e7655f62983e30f3683f1,a5dfe2f94a7c8cb55a435a6ed9fc2c12,5,,Parabéns ,2017-05-16 00:00:00,2017-05-19 16:54:09
8dc629bd953b1a400659c9f014d07c26,755a4d6ab201a238e51bc1d1ab18365a,5,,,2018-08-23 00:00:00,2018-08-24 11:21:58
2e72644377982a4ce77cb2c2d758ce59,af8f5400111370accfbc1ba9820c5d20,4,,,2018-08-21 00:00:00,2018-08-24 04:16:07
6d37eb645f46d37141215fa503053152,368df49737936bddc9d47a700a1920b9,1,,"Recebi produto da mesma linha comprada, porém a gramatura e descrição não conferem com produto comprado.",2018-08-17 00:00:00,2018-08-19 09:12:20
04aa86e5ef8901467892e11be1999394,16fcb558c864b7eb62bfbf4a55be23d2,5,Muito boa!,"lannister ESTÁ DE ""PARABÉNS"" POR SEMPRE ENTREGAR AS MERCADORIAS ANTES DOS PRAZOS!",2018-07-11 00:00:00,2018-07-12 12:21:06
cf92878dc4153ee8933d281f22a5a4cb,afd3ddd9caf7a0969cc51740136d4a4f,3,,,2017-08-15 00:00:00,2017-08-16 15:49:34
e86b5d5e16c105f4bbf17e988a1aecf7,65784d2ba207f200197a7f5ebb1f35fc,5,,,2017-05-16 00:00:00,2017-05-17 15:45:34
02dba8a33930b103f26c49320bafd8ca,110002a2f7cc77699dcd81a24423cfc1,3,,,2018-01-11 00:00:00,2018-01-11 19:55:44
793e6219b27af7df2c60c5eeb644019e,7dc9529b89630e97d20c9e3d125b8f39,4,,Na verdade a entrega foi feita antes do prazo indicado na hora da compra.,2017-12-02 00:00:00,2017-12-03 13:06:13
1c4303d11d168539c2a9d06f6a8dde28,1516bc58e1b5b8020aa6595d2e27e858,4,,Produto de excelente qualidade ! ,2018-02-03 00:00:00,2018-02-05 02:06:37
8b8f495d30fca09fdc8312e96de1bc47,b115422b830bf2840fccf6f0d6678ab2,2,,,2018-08-23 00:00:00,2018-08-23 23:14:33
6cc84e519feb21698b117826b6839b95,c57d8a1fea15380a18f9f81e1096ac9b,5,,,2018-06-12 00:00:00,2018-06-14 22:20:34
435e11365958e2b3954fb4694a2e60cd,868b169b8545e9a1f6390f46814c79d1,5,,Excelente entrega rápida ótimos produtos continuam assim parabéns,2018-02-18 00:00:00,2018-02-20 22:45:07
025c34afb23005b595fd09b0a4509825,be4bbf54d948c09c8aac488a1162c1e1,5,,,2018-01-09 00:00:00,2018-01-12 01:15:25
280a67dbad4cd05e3687ef13fa3239af,bd7e01b686605ad3276d16887069fdd7,2,,,2017-07-04 00:00:00,2017-07-05 04:22:11
9b1bdf46988605502224b074083756ef,2192c35277d9138acfcb6a068b54b00d,4,,,2018-06-30 00:00:00,2018-06-30 23:44:53
402563fbb2266f8bc453285348dbf304,a7e51dc801d3f66371a8896d54d04004,5,,,2018-01-28 00:00:00,2018-02-01 01:18:59
9fc1ef2d9eef8c641861596d9a9268e7,68fb895df51e234a55fbf5c30c873fd2,5,maravilhoso!,"Ameeeeei em tudo o produto, chegou beeem antes da data prevista, só elogios! Continuem assim",2018-04-26 00:00:00,2018-04-26 17:36:16
a634029c52042fda20d6e52f64b70498,b00e398b9fedc8b818679422af47d3ad,3,,,2018-07-28 00:00:00,2018-07-29 02:32:25
ff1f0d7ca797c3ef931c86803543dfca,827a916734ee2f155b25cd4ff2d8022f,3,,,2017-07-22 00:00:00,2017-07-22 23:39:31
2d42a875608af066a8d7de1597b5ece0,1c7c35deaf3a1639e247ce03babdfded,5,Transação excelente ,Otimo produto. Entrega rapida negociação plena,2018-07-21 00:00:00,2018-07-23 23:24:56
c931b10d00040366429d6f35406a9c1a,ffea79d8c5fecc22cbff0c54eda9b65c,4,,"Produto dentro do esperado. Entrega rápida, antes do prazo.",2017-09-20 00:00:00,2017-09-22 00:41:31
4c06384f533281e3e7d4b8a660825576,14eebf4ee4861266179c58676b1bccf8,4,,,2018-02-24 00:00:00,2018-02-25 00:42:14
6b9c44d921b57b402ba22e967aef8e4c,4f209a7c48b44a32ff3196ddbfb4d67e,5,Kérastase Chronologist - ,,2018-07-28 00:00:00,2018-07-29 11:38:13
4b722a92245b40c934b3b2a0ade2ea9c,e1a6a65ef3f7bc155b0e21555a728931,5,,,2017-10-24 00:00:00,2017-10-24 17:33:00
1b205b88dc9c3c2df8970d4e27926aa2,a427db09dd194740f13a3a2c7bcf38bc,4,,"me atendeu, mais não está reconhecendo o cartão de memória, dentro do esperado.",2017-03-25 00:00:00,2017-03-25 23:12:15
dfef52461c20d860475a5869d5e2c849,84b33f3ecdf8f82df2db1517f0f44396,5,,,2018-06-26 00:00:00,2018-06-26 16:28:54
1b0d360c98484735dc94be4ae54eb24a,0a7f4604ee9cab65020038275efe1d76,1,Decepção,Quase um mês e nada,2018-07-28 00:00:00,2018-07-28 22:42:21
4cdbd8a25899de91b1a7cd42afb69c48,060b8f810cc106b90824b59a26ceb0db,5,,,2018-07-14 00:00:00,2018-07-16 02:09:44
86cce89b64a569244f3306475a2e83ef,58215b758929434cfc11dea9a2238af0,4,,,2018-05-19 00:00:00,2018-05-21 19:57:21
cc6850891fefa948913c99aedc19a86a,a2360f80888ccaa4da649c8d63001de6,4,,,2018-02-22 00:00:00,2018-02-26 15:38:27
4979fced5e7a43e34d6e00308531be2e,8fa4c1bf3c1b27d1349e2aa934aed53f,5,Satisfeita! ,O produto chegou direitinho e antes da data prevista. ,2018-07-13 00:00:00,2018-07-14 17:08:44
f07bfa96cfd9712c2b1071d30333ca98,9def7a5fa150d19b1aaa252828db8df9,5,,Foi comprado as fronhas e foi entregue no prazo determinado e estou satisfeito com o mesmo,2017-04-13 00:00:00,2017-04-14 15:26:40
56060e632fedd3670d15504baf3c80eb,da7025e8d32030ef1d9e4a200eb7dcec,5,,,2018-06-26 00:00:00,2018-06-27 18:51:13
322d3ed960260e47815dc5a6c5abaf18,63c0020ee1a88750c12f6632247b323b,5,,,2017-08-23 00:00:00,2017-08-24 17:16:22
273772ba069caff28c68d335fff8e474,e98405be83624163fbaadf39f502cfb1,5,,O produto chegou bem antes do prazo. Parabéns pelo atendimento.,2018-06-20 00:00:00,2018-06-20 16:45:13
c5f798fc17e4356141ecd324d0a7fadb,a6b961bbc6456602f652d926ee9ccd0a,5,,Super recomento produto ótimo e entrega bem antes do prazo,2017-11-17 00:00:00,2017-11-17 18:53:22
b36561d43457ad7e070ce4541a12a7ef,7eddb5687b87b586fd0b69083ad64b43,1,,Lixo ,2018-03-04 00:00:00,2018-03-04 22:58:34
dfc84ec0a0252ddd73c75fdfff60e79d,fe59203fdf21267082352e201ad44772,5,,,2018-05-10 00:00:00,2018-05-11 16:19:33
6d1454c3367ee60f9026bec60cd41183,1b34f3de23ae790473c7e4ef6ac0b1f1,1,Produto fora de especific,Produto fora da específicação.,2018-08-28 00:00:00,2018-08-29 01:30:40
fdf8610b17133dc313d2d32dd01fa136,03e533f76e0f8827796f3d0a45c61dc0,5,,"Tudo incrível como sempre, lojas lannister arrasa sempre!! Parabéns e obrigada!!!",2018-04-12 00:00:00,2018-04-12 23:11:52
45f1334fb516cd73d00c950fd2603598,f580d204eb45ac888b6150ab3869fd98,5,,,2017-07-11 00:00:00,2017-07-12 13:27:31
9cf1c0bfa63e587130929eeec16f956e,9f106eaab8eb09ea2d05a1c71f8be831,5,,,2018-03-20 00:00:00,2018-03-21 19:59:04
21e7202cb20e7a54e30b112d39452961,4e27ad7f1a6821ceddc8442eb1875014,1,Não recebi o produto,Aguardando ainda o recebimento do produto. ,2018-05-12 00:00:00,2018-05-17 00:50:38
31064e8c3fe918db73cf8a7f2ba48780,9b4b42fc4f3a0ff13e896d031a9723c8,1,,Consta entregue mas não recebi! Já chegaram outros que comprei pelo stark também e esse não.,2018-01-12 00:00:00,2018-01-15 22:50:51
0acdf8b033af8c82a6f8b37c4f4f3a24,e61fbcff88b2b5f9097a31d1f3dbb1d6,3,,,2018-06-20 00:00:00,2018-06-23 12:33:50
683a551019f3edf7b15611ab3c1c95db,3a97b29009aa1ec54a67fd256b762b14,5,,,2017-08-23 00:00:00,2017-08-24 18:48:59
64980be3d13fa0cacc649aaf6ecbe02e,426d5abd8bde1dc9291aba9f7ebb22af,4,,,2017-08-30 00:00:00,2017-08-31 08:35:06
b1d03c47fdbb60f70f58b4d60b2271aa,9635ce9faca001ffd1c913c8e55deaed,5,,,2017-11-26 00:00:00,2017-11-29 11:43:41
4fd6d43fb8b2bad8cc665aa96b82accc,7013bcfc1c97fe719a7b5e05e61c12db,5,,,2017-03-02 00:00:00,2017-03-03 07:21:03
3da449f3f42e2495affe48dc7060e7cd,0814daa4d12a646aeb73c429d5852f4d,3,boa,cortina de blackout normal.,2018-08-03 00:00:00,2018-08-04 12:10:31
7d1e7996995c4bf7628fa0f5596d8858,bf38e43fc10f062f5be5368acdac8415,5,,,2018-02-17 00:00:00,2018-02-20 10:46:00
2a075bc5d5422ea2dc682360d3b741d1,803aa4666b8c108ee27e65f64ad038fc,5,Excelente produto,,2018-08-29 00:00:00,2018-08-29 10:02:29
e288342292a1effbfc20a9191abc7fdf,89e371394a8b2bf6c2648361a2e60b24,3,,"Vocês colocam que será entregue na residência e cobram uma taxa, porem, tive que retirar o produto na agencia dos correios...",2017-08-30 00:00:00,2017-08-30 17:13:41
30d6cd4cbb109ece804ad62e95772bb4,c0624f728b31f0d7f5bafce9731a953c,1,,,2018-01-19 00:00:00,2018-01-24 12:51:06
4c160570bbb2c54f8f5910a510ab62e2,ae447a66e51409933b4ca567ac6c8a48,4,,,2017-10-04 00:00:00,2017-10-05 11:31:30
35f71c119ace399625e16530a86d9205,0b8b249ad3dde632e5f162167e0b9f07,3,,,2017-08-11 00:00:00,2017-08-12 18:22:13
8532c31f13bd07242597756eedb5be4b,1cbfc1686ec52edcda358b248aae81fd,2,,Então pedi 2 arara veio so uma,2017-11-24 00:00:00,2017-11-24 18:21:34
0abc4570f1c6d241d4a1b4bd28617c54,46513a6be6229688ac9b3144f995f95a,5,,,2018-06-14 00:00:00,2018-06-18 12:38:34
32ced2224bb30b91fdd8c77b2c497430,d2ed261659527fede5c1fe6fc288c366,5,,,2017-11-22 00:00:00,2017-11-22 22:53:49
06a7be2874236ef025ccd5e8f74e5087,8021c3dc6a034e6f153035028d421c94,5,,Parabenizo a todos pelo excelente atendimento!!,2018-04-19 00:00:00,2018-04-22 12:49:42
edcd0e5a611d0863f8f761af5e7f2ee8,a66cfefa309e2beb4dbff4037b531ca8,4,,,2018-07-31 00:00:00,2018-08-03 00:25:33
eec26c420baa77839cbe7da2061b4b59,8533497ec8830f25e8a90bcbe74563db,5,,,2018-04-20 00:00:00,2018-04-24 18:57:35
da95bc5de0638935a395014b5e635694,a22775141b5e773fb0dec808e36bf9f4,3,,,2018-08-23 00:00:00,2018-08-26 12:21:13
33665b06a550a3afdc054dc51218044a,2f5c5719818df4d83050dd5174ca0288,4,,"Foi tudo bom, só os correios que entraram em uma greve que atrasou a entrega, nada mais, não foi culpa da loja.",2017-05-06 00:00:00,2017-05-08 22:37:45
5f4472e6d7a00244c2016b7bbc320002,717903b4b996a7ae799b0c76b779fa0c,5,,,2018-04-12 00:00:00,2018-04-13 04:24:19
3e646699ee9c6ed8a83ebb522db63c52,854f58d1737ef431b98a28f2149a7125,5,,,2017-12-08 00:00:00,2017-12-10 13:39:11
3ba25965c82da2648b34ee859d197c47,ff027db47fd74b1bcf2dd6c24f0b809e,5,,Tudo certo,2017-09-01 00:00:00,2017-09-02 01:07:55
2cb5532c937e0a0751325a8649391837,5dea3bf3570049323c58794169b7638c,5,,"O produto veio correto, no prazo certo, tudo certo, recomendo a todos.",2018-03-03 00:00:00,2018-03-05 20:14:26
c2c2b492b7af2d9bd43f44f2a5e345d3,583778f2a1b6b016b054423277086598,1,,"O relógio que recebi é uma falsificação da marca Casio, não veio em uma embalagem apropriada, não tem manual e ainda por cima parece usado.",2018-01-29 00:00:00,2018-01-29 22:09:44
26d730835bf3551c78b93d13cd53fd71,b7e0017e946ce377e3e0559d5cb1200c,4,,,2017-08-01 00:00:00,2017-08-02 13:03:39
078194c88c22f6a49c42cd05f163e306,d987cb7dbb81d5e2230b44b06ee52513,5,,,2018-05-06 00:00:00,2018-05-10 12:34:03
3e2aef89dd5f1091a4215a93a529c8ae,4ea3c6eaf3dc15ad857675322bfb6bd0,4,Atenção,"Ao comprar a panela elétric grill as fotos nos levam a crer que a profundidade dela é a mesma que a parte externa da panela, não é, é muito rasa, me levou a acreditar que era funda como outras que vi.",2018-08-30 00:00:00,2018-09-01 14:20:26
d3f6a183fd58d4afd1b44a1bb410d7c2,3a213fcdfe7d98be74ea0dc05a8b31ae,1,,"bom dia ainda não recebi toa a minha encomenda, pos fiz o pedido de 12 relógios de parede ate agora so chgaram 6",2018-01-23 00:00:00,2018-01-26 12:22:14
235427b929e21626335684f566baa770,652a34a98deb42a4ce9408d3287a100d,5,,,2017-08-09 00:00:00,2017-08-11 14:27:39
14ec320895739d4c5f0f33dd01419aed,fa0eabdc8b8a7fb4e0e95a2b70dabf8b,3,,,2017-11-23 00:00:00,2017-11-23 09:03:31
2c42ab04dea4997633269b18aefa6602,38c61d1bbf5143a8c347ebaa490e234b,5,,,2018-01-16 00:00:00,2018-02-01 15:19:34
c78b56e9abcb86780d41b2a455f4b559,31b5594fc512aedc5f790621219fd23b,5,,,2018-08-07 00:00:00,2018-08-09 18:30:45
648add5a08872983f363c73ee9d5a1a8,1498b25563986950783a674b05e9a526,4,,Produto dentro do esperado e chegou antes do prazo marcado. Agradeço e recomendo!,2018-02-06 00:00:00,2018-02-06 22:58:15
f16c80895f8d28b852a7c2e7f53c646f,59fcd6efd47e8f61ca7c5d872abe3ccf,5,,,2017-11-22 00:00:00,2017-11-22 19:29:37
9276b6ce694e93cf33996747ec70b13f,90ad1e3d82f91914b8daf79afc7d79a9,5,,,2017-05-31 00:00:00,2017-05-31 23:05:36
382e82ec7c18d2d896b971be1a245151,23e328eaf02d129b3928e8012ffe85fc,4,,"Recebi o produto antes do prazo, porém em cima fica dobrando um pouco. ",2017-08-31 00:00:00,2017-09-01 12:42:21
23ea0784cd50daa706251cd971f45682,2259c28617dcf9c2ed34e78bb3dfb562,2,,,2017-12-23 00:00:00,2017-12-24 01:33:36
afe61ebb3014ab3d06abc1cd6cab0576,dde5f036dff77c8687173aee04967268,5,,Agradeço pois chegou corretamente e até antes do prazo. Não sou de comprar pela Internet pois tenho desconfianças mas recomendo por esta loja.,2017-03-11 00:00:00,2017-03-12 14:19:17
99c160141728286efa6dbca85570dbe2,708819b15b92924c2b0045e5e0a41c5a,5,,,2018-01-24 00:00:00,2018-02-08 22:46:09
0e249472bec47b0c4b88a8e8bfa8d241,8b1a9c54d1ba09cc40591511d388d286,1,,Deveriam contratar transportadora e não correio até o momento não recebi minha encomenda ,2017-10-01 00:00:00,2017-10-01 04:07:46
3871fbbf3f0d3d972070444d247744cf,e0c49af20b2a6c2089f40a9d7a60d6a5,3,,"o Produto apresentou problema de funcionamento
nao conecta com o Smartphone ( nenhum celulara )",2017-06-30 00:00:00,2017-07-03 13:35:09
a161c704cfc720444aa3a4492f2fb4f8,17784b9fbb37fb0bdc230d8ed6f6b355,1,,Eu pedi 6 trios de pendentes e vcs só M entregaram 6 unidades este não foi meu pedido nem meu pagamento,2018-03-24 00:00:00,2018-03-25 22:48:48
509db727909f7c9d13fdfb2bc1d1494e,90289a17e4361481e6880e751590f140,5,,,2017-09-26 00:00:00,2017-10-02 19:38:54
3a44cd416cadf6247f4db24a4dd1fbd8,1a537f94e57acdda6cfad59696759417,1,,Eu Pedi 05 caixas e so entregarão 04 e as caixas vieram todasdanificadas,2018-02-07 00:00:00,2018-02-08 08:34:53
907f7bdbc6046c10be0fadc24182fcc3,66fc98f7d344e1e2073260292fbe6e4d,1,,"DEMORARAM MIL ANOS PRA MANDAR, QUANDO MANDARAM O FORNECEDOR NAO ENVIOU O CELULAR. DEPOIS ME ENVIOU A PROPOSTA DE OUTRO CELULAR EU ACEITEI, MAS NO FINAL NAO MANDOU NADA DE NADA",2018-04-04 00:00:00,2018-04-04 20:46:41
d96b7fe87a7faf9f84795693cdf31661,dda49ab2822cbc8fa455bd3f699b39c3,5,,,2017-10-05 00:00:00,2017-10-08 00:11:23
9361d268de6f989c9087c7d72d4ced09,c45cea88d8d8a8e752ffd0b274b25aa6,5,,,2017-12-31 00:00:00,2018-01-03 13:44:27
0a8d7bb2a6702bf5b6b77bc4441ec01d,315ee1669de8cbcaca403bb9c0f2e228,5,super recomendo,foi entregue muito antes do prazo e produto muito bom,2018-06-21 00:00:00,2018-06-25 10:11:29
75ddb7bacccf038bca5555ea95d2d871,61b5e6d846c13e8107ec0d264d5abdf1,3,,lannister tem nome por isso que gosto de comprar,2018-04-17 00:00:00,2018-04-20 04:00:57
420b3885501d289357566ccb88418fb7,26fb6c984069988017b2d12b79849865,3,,"O tecido é grossinho, bom para usar por baixo , mas é muito pequena. Comprei a GG para minha mãe, mas não serviu. O tamanho é como se fosse M.",2017-02-10 00:00:00,2017-02-12 09:38:10
e2d14bffabbc062742ba858829ac27ad,cc8791078134803e82728472be137f38,5,,O produto chegou MUITO rápido! Adorei!,2018-01-22 00:00:00,2018-01-25 17:28:16
e1d9c2eb841f79f1f72273a11efab616,d6b59aff700e82a5581e74b3856fbaab,5,produto ótimo,Ótimo ocorreu tudo certo. Vale a pena !,2018-07-07 00:00:00,2018-07-09 14:58:50
34e3bc6d4870c753d574b9c10042845b,6536870177386f1b5e859b2a5ccc557e,4,,,2017-06-06 00:00:00,2017-06-07 10:31:15
0de6136c57a0048df224ff529ca2f6ce,50a6fb3fc2465d6d820f5a569be4d566,1,,O controle não funciona. Algumas teclas tem que apertar várias vezes para funcionar. Outras nem funcionan. ,2018-01-16 00:00:00,2018-01-23 03:55:59
5de2541f4ef6cb873b10673a727f5eb1,989c69b80eadc79ccae5fe89c92a35ce,5,,,2018-06-27 00:00:00,2018-07-12 23:44:42
4d3397c8f3c52657c0a43f44eb790539,15821a9a831a9a665df5d5e1568da975,5,,O produto veio bem embalado e no prazo,2017-09-14 00:00:00,2017-09-14 21:16:56
036e6b3b4dc0b58b3727153d9c97c226,02bee300cb834a5d334ae42fdc325e7a,5,Muito bom!!,,2018-06-22 00:00:00,2018-07-16 10:52:04
9119247b1e8bf5317b38ac23a577fcbe,ef2165ddd56495b711b9a61098a7e6f2,5,,,2018-06-20 00:00:00,2018-06-21 01:08:54
c63f3f724607a629ae89cfd7eacc4676,a0b1093f5f180383cf2ed2a9a6586070,4,,,2017-10-19 00:00:00,2017-10-20 16:52:38
4341bb537aed58352f703a26f3249951,29b821b6d11aa7db50368287e7d8d9fc,3,,,2017-09-07 00:00:00,2017-09-10 00:32:24
0b0ca4f11d05bf594351eba7b411ac18,8b88af6ab4bcba779184de098d66c9e7,5,,,2017-06-07 00:00:00,2017-06-07 18:33:21
2645f47929735511abf863695ca62b43,9205fa5e239eb69fa652c044d52f7c0c,5,,,2018-06-16 00:00:00,2018-06-18 17:56:32
e4bc2c380ccc2d51f2bc70a581b4b6c0,8a2914855b65c59992d45f1b611388ea,5,,,2017-08-15 00:00:00,2017-08-16 00:25:18
f70113ae9600be04a2e718b35766bd2d,f67f944d6c66a9daae0cc1e8da4432d0,4,,,2018-01-17 00:00:00,2018-01-18 17:41:47
13a74bf51a2757d71e44966a74c1a1fc,ac5d693f43004c406ffca277f9d3e63c,5,,,2017-10-09 00:00:00,2017-10-09 23:37:15
22568962a43f7ddf9c75b43b64507678,ff1a5ab32e4131d647fa856bee2d4ff5,1,,,2018-04-12 00:00:00,2018-04-12 07:05:17
3d42038fd2a7d35a88b93cb3e51796a3,8bcbe01d44d147f901cd3192671144db,4,,,2018-02-03 00:00:00,2018-02-11 17:34:29
2e9a51fdfc4f2eeece4fc8a885702248,c8fa71518385678630da7552cf1f459f,5,,,2018-02-20 00:00:00,2018-02-21 12:29:26
63619ff70ef219cbb73ce27fb976373f,f96dfec9545ecebba08048ed870746bf,4,,,2018-01-16 00:00:00,2018-01-19 13:16:06
0b7f1d51251cdd73346eed0296022fee,0499c7fe87611ea8ba76fc6ddceaad0e,1,Péssimo! Produto errado,"Demorou para chegar e não veio o produto que comprei. Produto mau embalado, Produto errado e NF dentro do produto em nome de outra pessoa. Péssimo! Quero meu dinheiro de volta!",2018-08-14 00:00:00,2018-08-15 12:19:25
d0e393ba4b8737b280accb18203a6c51,9dabd200c58f609f380ecd1e44898086,4,,,2018-06-28 00:00:00,2018-07-02 10:16:04
f7e38309cb2ac4d3cf882bad212f54f4,5fd0b812a7ad786c02970c4223ef1dff,1,,,2017-09-27 00:00:00,2017-09-28 14:42:56
e65dd834814c1536a8b8ca497b77b997,f5234dc943e266dc8922b4870dc9d491,5,SUPER RECOMENDO,"Chegou muito antes do previsto, bem embalado!
Show!",2018-07-05 00:00:00,2018-07-05 18:29:59
71bcb2c9d90a584c8f50f7b3788dcad3,25d3716d0097db13efad1ec47ea26551,5,,,2018-08-11 00:00:00,2018-08-12 01:57:49
67d18f761f8f0f558b286653c79babf7,9fc1497693771a80bd64e4226d7e9b74,1,,Não imaginei que teria varias avarias não fiquei feliz com o produto.,2018-05-08 00:00:00,2018-05-10 16:51:16
287a080ce85698770e2ac49d709341aa,5afa996de851bd409a84c61745106947,4,,,2018-08-18 00:00:00,2018-08-21 14:25:22
148d17ffebe37c5b61c56236f1acd49c,1e2751c3d3ccebf99f0de90d7fd2b279,2,,"Insatisfeita,pois a capa celular veio amassada e produto muito fragil. ",2018-05-12 00:00:00,2018-05-14 21:46:59
c1e955ce419fe225bb25a23e9a781e25,c9abb9f3b4b71b87bfbc5645a02cf8cc,2,,"Recebi parte do pedido. Comprei dois cartões de memoria e só recebi um. Também veio outro pacote do mesmo fornecedor, só que com mercadoria errada. No mesmo dia que recebi a mercadoria entrei em conta",2018-04-24 00:00:00,2018-04-25 16:26:16
cf3fcabff34b05cf4edb8e4c550056b4,f23bef5ff346873476747ab073a43877,3,,,2017-06-02 00:00:00,2017-06-07 14:06:58
d368e76f98bfb6e28aed307364d749f6,cdb67b9f52b1b7cd79169a5aae48d7c2,4,,,2018-04-03 00:00:00,2018-04-05 17:40:45
7bf7c5358d77f65f23f7881b145e6421,4fb03ddd24b3d883bf20f5f196c53890,5,,,2018-01-21 00:00:00,2018-01-21 17:28:47
74adab95eefc5288753893607dbd258e,419c1fa500ceff6a8d5ee78cf19d2a6d,5,,tudo correto e bom preço,2017-05-17 00:00:00,2017-05-18 14:04:51
337f72a8b71a893668608ca0282aad1b,527c4983b5fdd0cd478a80679c210a7b,5,,,2018-03-27 00:00:00,2018-03-27 21:05:47
86c3bd4572b8ec33b444c3a272107826,d379476af4ac3bc71f0f857e9f2827ef,5,,,2018-08-07 00:00:00,2018-08-11 10:26:10
ba77e12451621ce6a84435539e25757f,0998d3f4248f4c162beb9c06e2f87480,5,,foi bem atendido,2017-08-16 00:00:00,2017-08-16 23:28:57
2d4c2d65f6866fc78eda006fe255eae2,ef160b1ef2464ef2521274c790ee0cef,5,,"Fiz o pedido na segunda e o prazo era de 10 dias e no dia chegou, super rápido e o produto é o que eu queria!! Td perfeito, recomendo a tds! ",2017-09-20 00:00:00,2017-09-21 01:35:59
1e0dc941b1624c8f5687ca34c427c820,a9f6addcdb232b9d636f61f71c683349,5,,Entrega super Rápida e adorei as tesouras recomendo!,2017-12-29 00:00:00,2017-12-31 21:54:47
6914c4270aa5623b6fb5993accddf3ad,778d960ed98fe278fca42ee20d002b1f,5,,,2018-05-10 00:00:00,2018-05-11 14:59:16
3c28b9d1ec4829d83b67b26069bf73f0,efd5f6d335841ef212ce657580faf95d,4,,,2017-03-21 00:00:00,2017-03-22 03:05:51
c2ef1d17ad335476d4f10852afcbbbc0,0d5fb8614978748bcfbef448c8a74a17,5,,,2018-08-16 00:00:00,2018-08-17 23:28:28
bb7c4b9e5a53fa5a1f40c1b1923401e4,620f2b2f6cabdf0426262c47bf3a883c,5,Otimo,"Produto bom lindo chegou em um dia depois da compra.
",2018-08-04 00:00:00,2018-08-05 13:20:43
862eb3c593b6ca57f3dbb10d52f78569,f39bb68c8abbb3419ca5cb047c27d3bb,3,,,2018-01-25 00:00:00,2018-01-26 12:57:18
5b55710dd5487182218ffd857d5101d2,96cd3b3b210139b9da39ca90d9839595,4,,Pela experiência que já tenho na loja demorou um pouco mais do que o normal.,2017-12-08 00:00:00,2017-12-09 10:47:33
aa1350f10b6efa430254b68f51919aa3,4ce0d39282d4d45834a51b1ca7fbb311,3,,"Recebi, mas houve diferenças na orifício da câmera traseira, sensor digital, flash.Ficando fora de centro. ",2018-02-22 00:00:00,2018-02-23 02:13:25
c7703ddf7f221a64a6055cebdb5650c9,2074522aabccf07984a2e77f7219ece5,5,,,2018-08-18 00:00:00,2018-08-21 16:50:58
ad0605a5c1d324f5fd29d450365cfe8f,f6fe071c40a5c65d2756f92dac3506e0,5,,,2017-07-29 00:00:00,2017-08-03 17:23:56
17796e019193a2f85c34fe47766a5cd0,489e9a78bc86403a43eed56b15c7c266,4,,,2017-11-21 00:00:00,2017-11-22 11:20:26
6887d0e2b80fe3fa99a750dc5cb42aba,17c059796a89b5b4c53113de933500c1,4,,,2017-03-29 00:00:00,2017-05-06 15:03:09
05a1fcb9fc338af6fba3116ddc0cc00e,f8571f355da1f3a55b8e264558e8e1f9,5,,,2018-06-20 00:00:00,2018-06-23 04:15:57
da344a5fc814af29d81488b369bbb700,6b44058917b7d56ae8c4ff52f9c65a2e,4,,,2018-06-20 00:00:00,2018-06-21 09:56:45
c7bd7d207c64fd9e4079f6c65a1eede1,ce06291974b77bb06f1e6150423d34f2,4,,,2018-02-21 00:00:00,2018-02-22 04:48:29
37b3eda5c02bb913377f4f74be80e2f6,1619ac7c95b1d3968cc98be483959b2c,1,,perfume falcificado,2017-05-03 00:00:00,2017-05-03 21:36:01
6628914b152029fba77654057071eeac,ad0d46c22c5a9dd2699f5142b1882f5f,3,,,2017-02-11 00:00:00,2017-02-13 18:25:11
b63a313f8eff324a29823852060d585e,7abb06b108806e10304ae7d1bdf3eabd,5,,"Produto de ótima qualidade, rapidez na entrega!",2018-02-27 00:00:00,2018-02-28 13:53:47
0458ad3cfaafbc404eaaa047721ae703,bc8040ec215e524e30722602d813a804,5,,,2018-03-16 00:00:00,2018-03-16 17:06:41
f4b691a2e27a8b77075f86fc6f490a40,f62f42fbbc35ac4b000282839c369f9a,5,,,2018-06-02 00:00:00,2018-06-04 22:38:38
e62f5da8f06207f90573e7da54c5fa0c,29d3f2fc23b7f95b28dbe5e3ef783d93,4,,,2018-08-14 00:00:00,2018-08-15 11:28:30
753503e4031c0c2bdbcb7fbfd66db374,86f54473ab658e573e101bb266ced50e,1,,,2018-02-08 00:00:00,2018-02-08 02:53:06
4ea5bd6b6a71de8aa325bf0b356aad51,3a8e8e947707941c5e3af4aa4da84478,5,Produto excelente,Chegou em 4 dias super recomendo,2018-05-08 00:00:00,2018-05-10 17:08:32
81c9084cb6c40d33feed83cb3d63a424,0e7ce95d19235a4bed2b0bfd4e9111db,5,Muito bom,Muito bom,2018-05-10 00:00:00,2018-05-10 23:18:43
4c4c44665b27a5ebc8836e4043f438d9,2ca33108764fd34547c251d1a4ad73ef,1,Produto errado e falso,Me foi entregue o modelo errado e não e original. Solicitei a devolução.,2018-05-25 00:00:00,2018-05-27 17:52:24
f76f4829379a9cc74de8ba1c9b22a650,1c796e58181a405d61b3c861feb64dc1,5,,,2017-08-01 00:00:00,2017-08-03 17:10:23
f00521dd8348b65c26c58f301d44e71d,8f48df24381903f850d1c20b035f4a86,3,,,2018-02-24 00:00:00,2018-02-25 01:55:13
98ddc5199a8cfe4d8fa73752878bfd56,3d04db36b662c14acf27ab0dc7057fef,5,,,2018-06-06 00:00:00,2018-06-09 01:16:59
c5d2e35d27731567d38c47f41071e808,88c6c911e3d4308b3f355533115275c3,1,,Não recebi o produto. Nem sabia que tinha sido uma loja diferente. Achei que tinha sido a stark.,2017-09-30 00:00:00,2017-09-30 08:55:17
64cc3a3c459cf8a1d1b07ada1a839696,636f0241ddc83a3b9e37a8088167bd45,5,,,2017-11-04 00:00:00,2017-11-05 16:54:13
3e8d5db4d00ba3089292b44a1cdc4fb7,9e1cc8d31c00bfb769e00998a4b665c9,1,,Mas pena que o drone não funciona,2018-02-01 00:00:00,2018-02-05 17:34:53
2159cb152ff5e8ef29d52aa932699f1e,2ecc68b349bb1dbe198e18f315c4889b,1,Não gostei ,,2018-07-11 00:00:00,2018-07-14 03:02:12
8e9544e675fef5e18cd2efcf10422087,72cfba8b64d72dbe3cc62b4c607687c4,5,,,2018-04-17 00:00:00,2018-04-18 13:27:36
49fddd4cd8b52254990d0a01a6f14902,a0563252fd4da955a4bff4e622f4d81f,5,,,2017-09-19 00:00:00,2017-09-20 00:32:22
e3c83bf7b29a30b66e1d55fac3223c6c,6e5c31c66b865277bb6bdb23c7872c9e,5,,,2017-08-31 00:00:00,2017-09-03 17:48:02
55b4760c8d6e8b94b681c602be626130,bee571b51c70e572478812165da701dc,5,,,2017-12-05 00:00:00,2017-12-06 00:20:17
595a4c5ee9be6efb2aa8295ae0636aaf,cfc11850b5712ee41775f9cddd809b85,5,,,2018-01-19 00:00:00,2018-01-26 10:59:38
0eb80057f6811de4563947653af69579,d7b2d3b902441cf3dd12cd125533217d,5,,,2017-11-14 00:00:00,2017-11-17 15:58:07
251e160c69f6c1670bb65c9dfe6078ab,7cfa85c7c53799aa2c849044711e9256,4,,,2018-05-03 00:00:00,2018-05-05 23:46:27
7728f72b7a4476f369a7eeda07adae0c,323bbdc2ccee2a7f26f2a66fca94e58b,5,,Produto chegou antes do esperado e é de boa qualidade. Super gostei.,2017-10-07 00:00:00,2017-10-08 01:03:52
cb3ac9ac65081886c88485829c53c90b,ab0a259100a72a01f979cc26705316a4,1,,O produto está quebrado,2018-04-18 00:00:00,2018-04-18 20:50:19
f8c39654aa2349dfb94f274ccefe7c80,e22a3e8048469ea68906f666d446c25c,5,,,2017-09-06 00:00:00,2017-09-12 11:18:15
f56e8ba5dc82d89eec2855a6b8b409e4,15ea2ff54aafb487d482a527b120464b,5,,"Pedi a lapiseira 0,7 recebi 2.0",2018-07-26 00:00:00,2018-07-26 21:54:34
ff98de72f68fa277d2d3852756aa2ff9,b32226e3b83849c23551e39452d562cd,5,,,2018-08-04 00:00:00,2018-08-07 01:33:21
053fd3a2c7cce00b503b111bb2e380fe,0bb273d0289520ad7addfc985468f5bb,4,,Muito bom recomendo,2018-03-16 00:00:00,2018-03-17 12:58:15
71899d0f63ed05c46fc6c13daa467859,d5a6117da9e539f1a08e0443644788ff,1,Sugestão ,"Apenas um detalhe, a película de vidro não é recomendada para o Xperia XA1 pois a sua tela é abaulada e a película não adere nas margens. A película recomendada é de Gel. ",2018-07-06 00:00:00,2018-07-09 13:02:05
0ebe7ee140d1e05851a48b7a25619f85,b5b0356c157cc9bfa4ec67e43d7abc09,5,,,2018-05-18 00:00:00,2018-05-21 13:02:48
218f94cfb6ece02a20aae67923139da7,567b5fcbb939e9c7357320d26cbdf4fe,5,MUITO BOM,"cubo bom, porem vem com os parafusos meio soltos .",2018-04-21 00:00:00,2018-06-09 21:16:34
95aa7404aecf83b7a4f73b6bd3b47ccb,c7077af9c2e19b516a79690cab23a96d,5,,,2018-02-15 00:00:00,2018-02-15 17:55:48
457fcae810b00d7d39ce5f61ccf48732,746cf3b6660fe1ca773eec7f281e0bea,4,,,2018-01-19 00:00:00,2018-01-22 10:30:05
a88116dc910a9805d555e294099f01f1,450acd2e753be51b02a7db4e9f742b52,4,,"Recomendo a empresa.O produto tem preço bom e qualidade,só tive um problema, pois durante o transporte as peças ficaram esfregando nas outras e acabaram chegando raladas em vários locais.Melhore isso.",2017-08-22 00:00:00,2017-08-23 17:41:57
e940c84c872ced68120d5b495d8c5807,918e5db39b90c133257cfa0944fd9d4e,5,Ótimo produto,GOSTEI MUITO . OTIMO PRODUTO,2018-06-09 00:00:00,2018-06-10 19:33:40
e4b8cfadbce878e8a8c10e53305c6903,4e6f08ecede05da4c4e9c73557db14db,4,,,2018-01-26 00:00:00,2018-01-27 00:46:57
effa130e19bd7cf1cf15aea694e58789,7931c99744c2989d6f5218d38f439804,4,Ótimo,Adorei surpe indico.,2018-08-15 00:00:00,2018-08-15 19:43:49
4066a28eefe9e750aa01ad19ab2fe494,0f8e3095c3090d9cad1011fb6368b7e3,1,,O meu pedido ainda não chegou ,2017-08-12 00:00:00,2017-08-14 19:39:20
4114fcae3d6f98edbf6acb2d3d21f63f,39f71ba799c87ce196465bad51c55d0d,5,,,2018-08-17 00:00:00,2018-08-18 09:40:50
781879b9ab4b3ac373ee5175e809e077,ca4d9163f73c29c767a726571e8baf23,1,,"Enviei três e-maiils para a empresa afiliada às Lojas lannister sobre uma posição quanto à entrega do produto, não recebi nenhum retorno. Quem me retornou foram as Lojas lannister para me explicar.",2018-03-25 00:00:00,2018-03-26 11:00:20
1e8f7bf12393c8879303b37abf5e58fb,6105321bd9c6d494502e32dd1d28c53d,1,,"pedi um produto e no lugar veio outro responsavel ficou de enviar p correto, estou aguardando",2018-04-10 00:00:00,2018-04-13 22:15:09
be33b5b5446b186e6f6ef4c9963f1b37,9a9c8bac5de91ca285c8224b5abd58ae,4,,,2017-12-01 00:00:00,2017-12-01 18:07:03
39504704bea03c394f4e2f86fa45a2e8,cc2b671ecddacf155dfff5f460a2e9b5,5,,,2018-08-23 00:00:00,2018-08-24 00:15:42
5c430a138c99bdcf841f99671c4b08db,fa99f9d0ca69a5d2bc4c66f71e31918e,3,,,2018-07-04 00:00:00,2018-07-05 03:33:07
a41139f99b19e5970b0c840634ae702a,205f0525fe708de4db2434516fe7c376,3,,,2018-08-01 00:00:00,2018-08-01 23:18:27
412f36a51c3c6788604695976fba9d69,effbced821ab774c03bd43060822065f,4,,,2017-06-22 00:00:00,2017-06-26 18:18:59
d4ce9c6913cb23ce1e35752fe4c03d41,4154d7944db36e9140645486ce34027f,5,,,2018-07-31 00:00:00,2018-08-03 01:38:34
e70f3ec7f842142ae3c6a4e219469203,f2d47fbf55381cc42d5a3a8afc7f060a,5,,,2018-07-22 00:00:00,2018-07-24 22:44:30
e24c8c76456e38c59d7fb6c494b1ec71,9608711e5e4642e06ddc2cddfe564d72,5,,,2018-06-16 00:00:00,2018-06-18 21:51:18
d640c6e6e60cc759e95b6ec500e0da11,2aca6ae53d657c0a06f585816ca6781d,1,,Meu produto consta como entregue mais ele ainda não foi recebido.,2018-05-16 00:00:00,2018-05-17 20:30:12
b46d82482e3aa4f402bf626d034c24eb,6480dffdb7765afb3bbb91cfdd9c569f,4,,,2018-01-30 00:00:00,2018-02-02 17:11:34
c814048796c642addff6314b1caf062b,6c682aa3032d2639e12a64b3c2a907b7,4,,,2018-02-17 00:00:00,2018-02-18 10:32:29
70e766e69c12f5e68cacfcd5a367a6e6,fc8b5696b23d0710ae737ff9c16f80ea,3,,bom produto.,2018-01-28 00:00:00,2018-01-29 21:14:37
ff30e07ff5083cb7eaf4291f9324a8a1,1beaf0622df76c7b2b3be0746722f381,5,,,2018-04-05 00:00:00,2018-04-05 21:25:35
206611e47986f3f21643135abc28d022,840a030c24ea3c06dd506a43ce2a0c17,1,,,2018-05-11 00:00:00,2018-05-12 15:45:59
0edf4a7e5a01cd378c390fc012ee9b98,d7f6ace2a350940d10999a89ceb44d72,2,,lannister ótima mais o produto é péssimo! Descartável. Quebrou no dia que foi montado. Não recomendo a ninguém. ,2018-01-23 00:00:00,2018-01-25 04:09:30
a43bf4041a53b4e8ed87fbf315b62dad,de8e149a85e92c7cf24c1f7318f5f1a1,4,,,2017-11-22 00:00:00,2017-11-24 14:41:52
4cd2c26bf1305d1a5f2308b1ff03c322,52628d72feaca84428e9d902d3985605,5,,,2018-08-14 00:00:00,2018-08-15 15:42:22
605050943e6b21830e963c00bd118eb9,16bf4bebb63fe2842793fa1e3fbb83d9,4,,"Gosto muito de compra nas logas lannister, entregam rápido, recomendo.",2017-10-02 00:00:00,2017-10-05 13:16:56
32186919c522d88dc24a353506a532b6,d5de010b46ae0907273f83e91822a024,5,Entrega descordenada,Poderia ter recebido o produto na loja a 50 metros de minha residência.,2018-05-01 00:00:00,2018-05-02 06:24:04
6c9a17fd4861110a753c7793d15f50ae,25329aedc3217909f194254caa1e2bb1,5,,,2018-05-08 00:00:00,2018-05-14 00:55:13
1ea4b7a751f78dbedf957ab4dfff3c03,85eb2a6b95fb63038d835a7b235b47d0,5,,,2018-06-12 00:00:00,2018-06-13 01:56:58
20afd7280b34224e3ef776e856a10fd9,037ded3ba29ebe9a96acb1177cc52b51,5,,Muito bom! ,2017-11-04 00:00:00,2017-11-05 17:49:31
f356c3741860a1298480816676fbb48d,9857b6e0079dc9b6081c5d1e2ad75b48,1,,,2018-02-28 00:00:00,2018-02-28 20:25:19
9f71565fee271f3fbdcc64828421e2b6,6419e8e9d7f16635d9222eec191ce516,5,,,2018-03-14 00:00:00,2018-03-14 04:53:05
1b6e122f342c067ac1a62bbfc5360e57,17241db677e74dd094059c24370fb785,5,,,2017-12-11 00:00:00,2017-12-14 17:46:05
64be4ded6d8978aa4e8e0ad636c1fcee,92108d9a563df7232a318d0736680ea5,4,,,2018-01-06 00:00:00,2018-01-07 01:31:16
73d8807d8f959e309f6706abbeea4661,786e854dd138995a512da0678ef48241,5,,,2018-04-14 00:00:00,2018-04-15 02:09:42
ebc7eaf7a13670309909d0e8c5aaf653,9839e5fe0b943a8fc98862b6e4e88b1e,5,,,2017-12-13 00:00:00,2017-12-14 09:01:41
fb9dd7fac3b4a04d9d6dfca2ad264414,202effd51a18d9717266ec1935672741,1,Mais o menos ,Achei fraco,2018-07-31 00:00:00,2018-08-10 02:02:23
c32f6ae933c6e1b32ece5b4fc839b085,a438cc4a17bee890885f11fb9a4ee39c,5,,Era o que eu queria.,2017-02-24 00:00:00,2017-03-06 12:04:25
47eedc7decefbfea3a4ecd78fadec39f,518a27a223dd20b3d2030d2a5d9574e8,1,,"Boa tarde.

Recebi o produto sem funcionalidade e solicitei a devolução.

Mas não estou tendo retorno.",2017-08-18 00:00:00,2017-08-30 17:48:02
5ce1cb2d2828b1747896ed64ed5806f6,915a913fc05ab382dafb7776ea8c9580,5,,,2017-12-06 00:00:00,2017-12-08 19:32:50
36a523dacf70d1603012b94b53cc4574,9be1be195202b44bbdfb04466c070e76,5,,,2018-05-19 00:00:00,2018-05-23 13:52:48
c7ec8548001563241fdedaed1a624bc3,ac21545a31cc2f10904bcc68254c1d11,5,,estou muito satisfeito com lannister,2018-04-07 00:00:00,2018-04-08 13:18:44
cd2ab660a15792b2004b5bfa6389f85e,2ad9dad7b4962fc37fd33869e09ae5b6,5,,,2018-08-14 00:00:00,2018-08-15 14:51:49
6e194a10b635e1794b56f4046cd525e2,102a6b13aa973c8c169ba1d62ffa4cce,5,,,2018-06-22 00:00:00,2018-06-22 23:22:36
36691967e99ee5ffffed9d1407d38437,be787f15d899c8ef7a1708f7395b3435,5,,"Boa tarde!
preciso devolver um lustre e pagar os outros dois,eu cancelei pensando que não ia chegar e acabei pedindo outro e chegou os 3.",2017-12-27 00:00:00,2018-01-05 20:12:08
036ea03185f9aa593d9cad1335e1acff,faa01b7a24d0ba51d0d0ec652cd9b745,4,,"ainda não foi usado o produto, mas acredito que seja ótimo.",2018-07-26 00:00:00,2018-07-30 12:03:16
6f79aeac3e041c5e993bd27a26114225,bd23f37e365507db2b5b5b624b413315,2,,,2017-03-18 00:00:00,2017-03-19 16:08:20
2868101e86cb73304317ce7bad09d537,2f80a0b08926b808eafcaa9ceb2e7af4,1,,,2018-04-18 00:00:00,2018-04-18 20:49:41
0a2ff31f1272c600127bf14d2a49d342,d5d69378d9ce32d540e8474e6423b5b5,4,,,2018-02-24 00:00:00,2018-02-26 11:04:25
011e96c5e421c691d96b3f0065f5ccdd,091c0f9393510fe12cc5409a2601ff22,3,não recomendo,"O produto foi entregue corretamente, e até antes do prazo, porém, a sua qualidade é bem inferior ao esperado.",2018-06-12 00:00:00,2018-06-12 23:25:17
ceec8bc717c77add6657e182e9a82074,00b402e8a76d3da83714c52d3977cc2d,5,,,2018-01-20 00:00:00,2018-01-20 15:02:50
1989c79faecc9bcc9ae8f1678c08aef8,960dbad4c14e64cd6b327fdccdb2d231,3,,,2017-12-08 00:00:00,2017-12-11 11:02:26
7b7bd6cc0d8eecc2f7fc6110ec1f0201,210e60465099814a1d2c7635e4065153,4,Bom,Espero que seja sempre assim rápido e produto perfeito.,2018-05-23 00:00:00,2018-05-26 00:40:44
a3c4d5ad9d5edc7a636f36d4877ae2d8,6004599e0ca050d5d2e6b6cc27616061,5,Otimo,Ainda nao instalei recebi ontem,2018-06-22 00:00:00,2018-06-23 03:05:06
a8cc3d21c7993265b58cd48376cf9ce3,27ea1775a86c796168b08511e529d0a3,4,,"Tudo em ordem, apenas como das vezes anteriores recomendaria embalagem mais amigável com menos fita plástica.",2018-03-07 00:00:00,2018-03-07 23:02:17
d5c5e1f1d83b29a144a5ab1154aa47ba,9803d53681d599da06e759c5935f89e6,3,,"produto bom, só não pode colocar muita roupa",2017-08-26 00:00:00,2017-08-27 17:32:00
490be4744bde20f21619b4720442c716,5662e7f8bbc6abe55e104ac06994a731,1,,,2017-10-19 00:00:00,2017-10-20 16:33:31
e4c7ec7939d172ccd526d9c8296f1334,6deb36cf66e9099e0a5896a34db6c7c2,1,,A ENTREGA FOI ESTAVA AGENDADA PARA O DIA 20/03/18 E HOJE JA É 22 E NADA DA ENTREGA. ,2018-03-22 00:00:00,2018-03-22 17:05:59
102af4049fe85c477cfceb414dafb432,631e1f23f43b7ccee3a0792a1852c931,5,,Produto de ótima qualidade e entrega super rápido.,2017-12-01 00:00:00,2017-12-02 00:20:25
5abb0fee819d7babb42c364c4c096093,e2fdffd08df55baaa7b97c04d4d2b606,1,,Comprei dois kits recebi um o outro ainda não estou aguardando.,2018-03-30 00:00:00,2018-03-31 09:44:24
83491c96a335ed62e93e1c940b05aab3,57287b46dc0f2bbc56c73b239cbc425c,3,,,2018-04-06 00:00:00,2018-04-07 12:09:38
37143879ed397a8fcb2ed49b3ffa1e44,4fe26df981b8f298e0e6bf81c1d5ead0,5,,,2018-06-08 00:00:00,2018-06-10 23:29:35
1329b4f7ae9a0327326f2d287c2dcc35,8774dccac317f54e3e9b3c6096a9b2c6,5,,,2017-11-04 00:00:00,2017-11-07 12:07:26
4bab591ef7c7eb3a3a5bc866f214237f,fd4787fa8be4afcbd8ba795e775cab51,1,,o produto não foi entregue,2017-02-07 00:00:00,2017-02-10 11:47:48
cb2ec025f56cc52bd872eb19f435869b,569d43a54c364df5b367ab33e96eacf0,1,,"ainda nao recebi o produto e nao consigo gerar vale para comprar outro.
exijo atenção para meu caso.",2017-11-10 00:00:00,2017-11-13 14:54:23
0a60a9d185f7594b98d55c515329af88,0e23af08f3f379f749739b61bad2cf29,5,,Adorei,2018-02-03 00:00:00,2018-02-03 21:50:57
5120cd08774ff4e59b3f0490cd3b4188,aad88050b26c8f49d2bd3c87af5b7b19,4,,,2018-07-05 00:00:00,2018-07-06 00:11:53
ead6e1f2294d73cf0d81e02fe6149f01,2df86a1fe8ce1dbff076f3eef50a664e,4,,Frete absurdo !!!,2018-03-07 00:00:00,2018-03-09 23:22:03
a307586080dbfa0af0010a4b441af586,b736f9c98deb53b03ac6e931f3373063,4,boa,sempre boa compra,2018-06-15 00:00:00,2018-06-18 16:22:18
d0b5b1a00b3d1eabed6ae7bcdb54db38,edefc0fa09c98cc491e9d2cf95ee4a5f,1,,"Não posso avaliar, pois não recebi o produto.",2017-03-12 00:00:00,2017-03-16 21:45:01
8fe9344cd93d97c6b19de15a8498d8c2,479b6ef981f240df12226a5ba0abffef,5,,,2018-07-28 00:00:00,2018-07-28 20:53:04
4bebff15fbb347cea8de0087b29e5dcd,6a13786d6992a094c95cc09bcd4527fc,4,,"PRIMEIRAMENTE O lannister.COM É EXCELENTE PARA SE COMPRAR, POIS NÃO HÁ BUROCRACIA PARA RESOLVER QUALQUER PENDÊNCIA. A LOJA PARCEIRO TAMBÉM CORRESPONDE COM O CONTRATADO, E O PRODUTO CHEGOU NO PRAZO.",2018-04-05 00:00:00,2018-04-06 16:15:40
22f02ae367248aec92d88904de67af76,328d5a04b6412a52e3fb8f5da4997e38,5,Perfeito.,"Cumpre oq promete com eficiência, com preço baixo e eficiência.",2018-05-17 00:00:00,2018-05-20 20:53:27
ec5670a234dc0e660d4d64e1c33ffd0b,0355ae43910316435f24cb54605a820d,5,,,2018-04-08 00:00:00,2018-04-08 15:44:11
f88878e3ca297d5d9975551cc85c9192,b1c978cd633caac1ce86e36b61e8aeb3,5,Ótimo,Excelente,2018-08-25 00:00:00,2018-08-27 15:27:26
d6de648dbfa4ca85611e72ac7bcf031f,29ba75517c9ad2e541a05d0d3098dcd9,4,,,2018-03-11 00:00:00,2018-03-11 15:31:31
0a8aafc386afc64123827bc2abf987db,c3fe6314b2bcaa6de6f9611550dfa399,5,,Recebi hoje,2018-08-24 00:00:00,2018-08-25 00:22:35
4815fb966b3623f883b006fe1a054ac0,12aef789cfc998f5f44ddf27c24e354d,1,,,2017-08-13 00:00:00,2017-08-13 10:15:49
c00b351844770f1aee5d556462fb98f8,1d67293aa79feef7aac612621d710869,5,,,2018-06-27 00:00:00,2018-06-27 21:32:02
367c01378bc7c16bd0c8bf3a8110dc39,7f9e3a613e4d2212870577798bc8965a,5,,Tudo dentro da normalidade ,2018-04-17 00:00:00,2018-04-19 01:30:27
93381cf064b5b349ce363b85e57e58ec,6d1a52060faffae010ab6d691f913b7f,5,,,2018-06-26 00:00:00,2018-06-27 21:30:35
e32e3c6c1279c424af1a40e7bffd24d3,b05922c45fc699ae9049a2c5add3e02a,5,,,2017-02-18 00:00:00,2017-02-21 05:08:20
f717d97ab2a167883576d854df2f2b42,f98376009c93a60a4d80496d4e294637,5,,"Produto muito bom, recomendo",2018-03-04 00:00:00,2018-03-06 09:21:47
8ac1cdd36adebdf7c07146ce5d5dd0b0,4568bd0a9ecf831c2b27743ccf0f2015,5,,,2018-07-13 00:00:00,2018-07-18 14:13:36
b7db2324f414f8149522dd8716817fa4,f52b64a627a310405cfd65e2a23acb23,5,,,2018-03-01 00:00:00,2018-03-10 23:48:09
076cef9939f65f154352e846a9c94bab,a7a7cee8db5a07311875dd616cbad673,1,Reclamação ,"Comprei dois itens. E só foi entregue um. Nota fiscal consta dois produtos. 
Entregue apenas 1.",2018-08-15 00:00:00,2018-08-15 15:33:42
157755030516c967768fe8b83b1753d4,4e376d36ceeae3f2cbf66cb0ca84c799,4,,A entrega poderia ser mais rapida.,2017-08-08 00:00:00,2017-08-11 10:31:31
0df1f72fea4dc90f8a8805466091d54a,509952a95c250007c345b4b929663dc6,4,,,2017-07-13 00:00:00,2017-07-17 12:47:52
a16a28f0e0b7c57d0306adbf8635157a,6c3b48207e30c29cf9d521795daaa5e7,2,,"O produto chegou antes do prazo, mas a qualidade das fronhas e' muito ruim. Uma delas ja desfiou.",2018-01-27 00:00:00,2018-01-27 23:44:02
cbf57e3eb72b447dd18ae247abc07de5,25f9cd6cf05f1ee2caea2bfecc60abdd,5,Lindo,"Recebi o produto antes do prazo estabelecido e é muito lindo. Serviu muito bem em meu pulso, que é muito fino.Recomendo esse produto sem dúvida. Ótimo para presentear. Fica a dica. ",2018-08-04 00:00:00,2018-08-06 04:38:29
8de1d4d5362fee0ee9cc6118ee82d6b8,378895a1dc15cc571051e1b1c2e0c27d,5,,"produto bom 
ótimo site, eu recomendo ",2018-03-03 00:00:00,2018-03-07 13:27:15
a41bb8c663eaf8e7ac519c9cd09ff1f8,194722a4c1cad67f5b368dce6edcc88a,1,,,2018-04-07 00:00:00,2018-04-08 22:50:42
4f05bbc9c0c2f643cd819f54333a58b7,2abced8dfd803bbf4dc2347d1123cd6a,5,,,2018-03-02 00:00:00,2018-03-02 16:03:34
47c33a7d434a10b35907a00dffe922e4,e849e2829de302019ae8bd9924055171,5,Muito bom,Podem comprar recomendo muito,2018-06-07 00:00:00,2018-06-08 09:09:08
90b32fa3f963233877b7a1143d8655ad,fadebbbe984f86cdfdee2db28530bab8,4,,,2017-12-06 00:00:00,2017-12-08 22:05:52
db68bf1403035b05dd19ad5c339dcf38,3d989e705eac70bfb1f4a430924f3402,5,,,2018-07-12 00:00:00,2018-07-13 00:42:31
315ba11769bd548306b60d3067ba0bab,b9b90be72479c512c6ab9824a1ce256c,5,,,2017-09-28 00:00:00,2017-09-29 18:45:15
c96e2f0c2cd33bde7e47beca47f52529,d2e15d8894685652160e7545fd304610,4,,,2017-12-20 00:00:00,2017-12-22 21:26:50
7e99e43422989c98e1ccf5233728ad3c,b59ded0e2e4eb91f0a599b177a267f30,5,,,2017-10-24 00:00:00,2017-10-24 14:18:34
f09e4cb1fea6fe8c318b27aad3c05c48,27cd425460b501230b37206f151711a6,5,,Adorei entrega rápida e eficiente ,2017-10-05 00:00:00,2017-10-05 13:21:52
b1335ab6369036a1935af133cea0b009,0589d8b975f21fea2ad626ea99527911,3,,"Falta entregar o resto dos produtos, dessa vez não demorou, muito da primeira vez demorou um mes e 10. ( vcs deveriam abaixar mais frete de vcs que é muito caro. 
Obrigada",2018-03-08 00:00:00,2018-03-09 12:06:05
edb2c38e4497fce00250330df4217778,f5508c24aa4418c7069ad5a43b06bdee,5,otima compra,,2018-05-19 00:00:00,2018-05-21 00:01:57
b0914b08a6cbb14d39e90e90486a4b5c,2464182f4be303c6741cab9bad3a9f55,2,,"Primeira tentativa de entrega, não havia ninguém em casa, dia 18 e 19 de abril, conforme dizia no rastreamento 2a previsão de entrega, eu estava aguardando e não foi entregue",2018-04-20 00:00:00,2018-04-20 05:21:56
feb29a3c7e681b82d1d0493b544973ad,f00c74caaa25430b1fa361c158e8996a,3,,Ainda não tenho opinião sobre a loja. Como posso dizer se recomendo se não recebi o produto? Sei do problema da greve que tivemos e deve ter afetado essa entrega não chegar no prazo. No aguardo.,2018-06-09 00:00:00,2018-06-11 15:06:39
89827d46774fa50edfdcb8cdc182f413,89a854a74c3f34399207674b686299b0,5,100%,Top,2018-08-01 00:00:00,2018-08-02 01:50:59
efdab5aaa51c6ba75ff4bd77f0b33704,9e7147a6ff3d5299da2672e1c64c9c49,1,,Ainda não recebi produto e a entrega esta fora do prazo!,2017-08-06 00:00:00,2017-08-06 19:38:21
a354fe8763bf8bafdd05c40121906468,ec9ddd49d01dfcfe7794a593be6400b3,4,,ótimo produto e entregue dentro do prazo ,2018-04-12 00:00:00,2018-04-13 12:24:46
9a94ba51b0efff610ec0d0be9662ad54,15de6843350851629a5466a37d2b3486,5,,"A capa é bonita, mas cheia de rebarbas. Acho que pelo valor, deveria ser mais acabada. Parece algo de 9,99. 
O produto foi entregue antes do prazo. Muito bom.",2017-06-08 00:00:00,2017-06-10 23:27:39
e6aec979f229602453f04345e48c8bc0,4076407d388d4127cf7edc12c2782ed8,3,,Bom custo benefício.,2018-08-11 00:00:00,2018-08-13 19:39:57
a38ec1acb83b0b74275659195aa24483,ece3ab91bd67ba73563dd0468fc3bde2,2,,,2017-10-12 00:00:00,2017-10-17 20:20:09
b260a0f123775c38fba7da5c2e3fc431,d01e880670a9a8612c1ad4ce4b56eb26,3,,,2017-05-26 00:00:00,2017-05-28 16:55:32
0b7a9f5d8d728121760aede24419a9f8,bd50e1e10ed8a1e38db7af2e76a1986f,5,,,2017-09-26 00:00:00,2017-09-27 03:10:37
b67ab941f38d1ad382780edad5df6fa5,0f238eebf8511e286a8c3fb6330ece54,5,,,2017-06-11 00:00:00,2017-06-12 10:17:58
b0455dd54d9cad9dfd8bc23e43997004,b9aa836b728e0cee464400dde6a1fc22,5,,,2017-10-21 00:00:00,2017-10-22 13:42:36
f01da4917e8a9cb4310cc09ee8d90372,bff9bf477ce043ff4e51e929fece6d55,5,,,2017-08-29 00:00:00,2017-08-30 00:53:56
5aebaf65049be0f5f28a7a5896f44f2a,c24d5cfbabc3f3d25c944b62f3501bc2,5,,,2018-03-15 00:00:00,2018-03-17 10:05:50
e1d8175eca6eb8f76b75fad2c2569009,4eb1c1f420809094b480338758a8169f,5,,,2018-02-20 00:00:00,2018-04-02 12:36:28
a7588e6af7aee399a595343da439fec3,9caec5f70676fea541e3dbcd2ff307e0,5,,Ótimo pruduto,2018-01-26 00:00:00,2018-01-28 20:13:37
82f66045fc38ee8b44a1cabab281f0ec,7fadb5fea409b4722158492cd408177c,5,,"Porém pensei que fosse cartucho original da canon o prixma, mas mesmo assim foi útil pois impressora aceitou bem, a canon não costuma aceitar se não for cartucho original, mas aceitou bem.",2017-05-03 00:00:00,2017-05-04 07:28:34
6b3da2b72524be819fea9c0183245478,f13b9cfd03f5555ece664b0bec8d2bf8,4,,entrega rapida,2018-02-09 00:00:00,2018-02-25 01:18:07
6430f29aeda1fcb3c23c133b1d5e8cd0,76b8568803f110a59ece4167463a4a7e,5,Produto de boa qualidade,Muito bom eu recomendo,2018-05-04 00:00:00,2018-05-04 04:26:50
f1ab06ff50d29ac4e902b927af390f4b,9725ba7393be89844451138f83d13a11,5,,,2017-11-22 00:00:00,2017-11-24 22:58:09
1f3181997527fe23bd99edb052d718eb,c03a1a47065000233e19e37a01eca310,5,,,2017-06-28 00:00:00,2017-06-30 19:23:15
6cf678826541090b0a32fa06e99ce7ff,5b585b8178b9e47c6d423e0e79f415af,2,,,2018-01-31 00:00:00,2018-02-01 01:11:25
078d419a720cc2c9d68b4c71ae502530,5f4c7549b7a52062dbf797ca9344bd54,4,,,2018-01-10 00:00:00,2018-01-11 09:28:28
6b92469d51a79082d9c40f8f5b53e03c,19196153dd04a2d8685e3928185e498b,1,NUNCA RECOMENDARIA,"Péssimo serviço nunca mais o site do shopptime, segunda compra que realizo e a segunda que da erro!!!! ",2018-06-09 00:00:00,2018-06-11 16:11:12
dc615b58826813d9e0a4c69608794fc1,ba0bb30d772cfeebd2419935f389cb2e,1,Veio faltando um rolo,"Veio faltando um rolo de papel de parede. Como vou ter neném na semana que vem, vou querer meu dinheiro de volta, pois não vai dar tempo de chegar outro rolo caso vcs mandem. Eu vou devolver esse ",2018-07-10 00:00:00,2018-07-11 01:54:28
1fb3951de66d99985a4fd1c3c7ac36dd,27b974fdb1343121e2a97ab9bfe080e2,5,Bom,Oitimo praso,2018-05-26 00:00:00,2018-05-28 21:39:30
f18f98e800d133a114ba1f374334462a,07f9acd4e59411df700a59f89d4da8ed,5,,,2018-08-10 00:00:00,2018-08-11 01:35:10
311593000f83789cc7d89e37e032cb08,a1c6f504575eb7ce4a5194a3af7316e0,5,,,2018-06-30 00:00:00,2018-07-02 19:45:59
72b98f4a9443cf7636a7f36d30c37ae5,64ec5cf30ebdfb09f6c023919646545f,5,,,2018-07-27 00:00:00,2018-07-27 20:53:47
26401434cdead30c38e61024fc5c3b5b,f8687dbf5b2eb77e1a9ed2d9ab104901,5,,,2018-08-29 00:00:00,2018-08-29 23:38:42
127df5fa061faf61ec0ebfb7de3d20f1,5eb14fb4efa7c2bdb08331b6809a350d,5,,,2018-03-25 00:00:00,2018-03-26 12:07:21
c5d1eebcfefbd985ae1a6d9c2ae6f3b5,49339749b24288f34c827ba8f470a1e2,2,,,2017-12-20 00:00:00,2017-12-20 10:17:45
0b7beff6f5ca5939c80a33decf2a4f49,44699b6718b35247c4ae1e798d0ec533,5,,,2018-04-17 00:00:00,2018-04-17 22:24:27
1261b32241cb4aa2df2fd7aa20877159,1b5011433abb89a8ad7b787401280a0a,5,,,2018-03-07 00:00:00,2018-03-09 18:44:15
e2608138d8f80412f75905672f5f8136,fd8c19c45239a0a139f809050de68c88,5,,,2018-02-08 00:00:00,2018-02-10 19:18:41
ab0c893a05eb82968b127145a0c3d461,e588b55b6b7bd29dbdc14c20e37793c4,5,,,2018-08-24 00:00:00,2018-08-28 15:33:39
ed6e2459158353530c3c0d88989a98be,0182f6cbb4fb10918a76485fc92d7c49,3,,,2017-12-13 00:00:00,2017-12-14 23:56:52
e0499ae03c0365ddb284f209f4e3492c,16c176e6448f550368cc0078b433b617,5,,,2017-12-14 00:00:00,2017-12-18 05:09:15
efcffa6b170981f9db39ee34f9916d6d,99330d45c3ba6f45ad5745f6de036c5f,1,,Ta faltando um difusor,2017-10-21 00:00:00,2017-10-24 02:06:05
a423385375bad6859c8ad9b50492a0ec,d68d5c93a1000f0278b511ffa6aeaa50,5,Bom vendedor ,"Chegou no prazo, ótima embalagem. ",2018-08-14 00:00:00,2018-08-14 21:47:03
79e5dd48200eb70ca85893336ef0dfc5,edd48aefe5aa3c03da43c13ef577ada6,5,,,2018-03-14 00:00:00,2018-03-16 02:45:46
3d8a540a74e761d5a0d552c896be807a,6a4b27f33e33875ed99945d3e271698e,4,,"Muito embora a entrega tenha acontecido dentro do prazo, achei longo o prazo para a entrega.",2017-03-15 00:00:00,2017-03-16 13:10:35
22dff40b3b946c8b5081b38342ee9d23,479715da59efdc67c1722f985a94d18c,5,,,2017-09-12 00:00:00,2017-09-12 21:44:38
fdbf40d8f3fcfb03fee3144f424409f8,48f680279ad00e30a9d82f4faa85b992,5,,,2018-03-14 00:00:00,2018-03-17 11:31:51
acd1774d4101c010eede96a0aa7e295c,f3edeb6abd99f61bd94454f9e7687b67,5,,,2017-05-13 00:00:00,2017-05-14 18:15:18
5e04cac3a0b9d9736a6bfdac653a2496,2fbdb50797dfdc8089e52ac8cf70152e,3,,"Apenas a forma de embalar precisa ser revisada e mais protegida. O produto foi entregue com o cabo de energia lacerado, em razão da caixa ter rompido e o mesmo ter ficado exposto.",2018-03-09 00:00:00,2018-03-10 11:42:41
28ca1ef3654a32df2ec947b123a1385f,27ea1775a86c796168b08511e529d0a3,5,,,2018-03-14 00:00:00,2018-03-21 21:30:50
b30a95988dec62064c41849e812f2e4d,968cb5ac821d8c165eb1bec7d47eede2,4,,,2018-06-05 00:00:00,2018-06-12 19:15:03
10e635121d85204118f97d37b98b4f4b,41e296c991263f9ade5507299e38fe72,4,,,2017-12-06 00:00:00,2017-12-08 04:15:01
2dbb11d60ffe0c709dab84e5d98077bc,e7b01e38e214dfdeaa5c9c98f911a7e4,5,,,2018-02-21 00:00:00,2018-02-21 08:06:35
2e17489d5c4987a9010459ad3eb50c59,2e87d5b27ba52796b2b5250002426561,1,Muito ruim,"O produto foi entregue em outra cor. 
Solicitamos rosa e veio preta. 
Também veio em outro modelo e não conseguimos efetuar a troca pelo site. ",2018-06-22 00:00:00,2018-06-24 01:32:44
c797cdf562a84f928ad9c420c9e9930b,27f453b6858eb4711c97e65001f7c4aa,1,,A empresa não tem o produto pra entregar e cancelou a compra mas a cobrança veio em minha fatura do cartão de crédito e não deram nem uma satisfação sobre o estorno da cobrança .,2017-09-21 00:00:00,2017-09-23 20:27:25
766652c47d4c1b94b655ab3e09709ecf,0e1501cd30758f584d1fa67cc6f9493a,5,,,2018-07-05 00:00:00,2018-07-08 03:25:42
9c4f815f5bc3e153b7509eca657dfa9d,b9301fa4912e6d5f755e12b4986c5f84,4,,,2017-03-29 00:00:00,2017-03-29 21:43:17
78f2148aa1875aa08ba678b1f32d9b19,f0c8f501afe22bb7a23e3721bcc6221c,5,,,2018-02-17 00:00:00,2018-02-18 11:08:19
8de616aed5d0925d78bef105e2c092fe,d865ad03de9edf74fc6bc89b5bd52706,5,,,2018-08-21 00:00:00,2018-08-22 19:06:43
5719f52d522d41c82b207f0b120c35ef,ad0e80cb90ad456f01f1533e4cdc1f0d,5,,,2018-03-02 00:00:00,2018-03-03 10:43:38
160a3049e1308c2a8c6d0de011b369ea,88e583db0e0c8c29a91c2c68a0ee82db,3,,,2017-09-05 00:00:00,2017-09-06 16:03:56
2900bbc31c3fbf2d530912b75a4f6c57,7e746592e95b3026beaecc92855b04b1,1,,,2017-09-06 00:00:00,2017-09-08 19:12:41
f4dfc3b3b5b80c3e20a6c142c1e7776e,3810134c7dbbc676c25f2b9d4e7886fa,5,,Recomendo.,2018-04-22 00:00:00,2018-04-22 18:47:06
69fa2d73ed4ba3fa40d52cc95accad4e,a9c74f167b0d8af61d6487fc21934f7e,5,Ótima.,,2018-07-24 00:00:00,2018-07-27 10:36:04
1c3da7ae5a386f9044819e7b440842ea,15faad2f4dd5cdf1bceb9b8fac8f137a,5,,,2018-06-02 00:00:00,2018-06-04 23:07:02
fda6ac78580e1015ee415383d4b6ac32,d110ac83a8b313d9d5e17d9ed61e7804,5,,,2018-07-21 00:00:00,2018-07-23 21:38:25
39627ca2a3d4b5c4876c700529c4a119,aaa4edcd1e7753b97a9216234d93e1bc,4,,,2018-07-11 00:00:00,2018-07-11 17:55:19
e4331570ac55d40e9b2b8d65056d63f8,af805f1566d654b87cb6d3505fc15114,5,,,2017-10-14 00:00:00,2017-10-16 01:59:48
689a6d10b2cd241f385c85cb5782a89a,41906ad47e1e6076348bfe935ed5e01d,5,,,2018-01-23 00:00:00,2018-01-25 22:40:39
a9dae9c3818edd31a56e4fad50de14fa,ccefed81ada949952e76166b19f2b723,3,,,2017-06-08 00:00:00,2017-06-14 01:32:50
c26eee46d7a3535d0d583838be2e0481,a476fb0537849039cb122034488f8ee4,5,,,2018-08-09 00:00:00,2018-08-13 15:37:36
b62548cdf79755530a07af1c2e788671,37478cd0f9c2bb79fe9027f43f6e28c3,5,,recomendo a tds que quiserem comprar.,2017-06-08 00:00:00,2017-06-09 15:05:41
dc99d8cb44986b0a29d0606d004e37ba,7a3d2ead5f0bfacb2e4f56f869135853,5,,,2018-04-06 00:00:00,2018-04-07 12:05:21
4e17578e4e088271a01a6e8fddd3ebc0,2f4cdf6f142e65ba622a85fd90b8c3a8,1,,,2018-04-25 00:00:00,2018-04-29 10:21:54
bb3285f5922b0bb3b316d0fb60e267c2,6784eb6ac53d515d589b68821f86a2c8,5,,,2018-02-23 00:00:00,2018-02-26 20:44:15
9e8a2acb10ede053260ca4c7a04d432d,ff0c42884b1cfcd5376cc7dac8ebe375,4,,,2017-12-27 00:00:00,2017-12-27 20:51:09
8c7aa81186e7a5ae37656e05a0ab6d64,edecb0568b1317aa28a800d5fed23758,5,,,2017-05-13 00:00:00,2017-05-14 21:05:02
070264464b4e587594fcd11d1a5b164f,d965c84427fa1d6daad237adfbf75554,5,,Entrega efetuado bem antes da data programada,2017-12-02 00:00:00,2017-12-04 19:26:39
0d7a7af3dff4ea8bbab996975a81d7fd,0d902dd22c7c40a55b0edbd70ab87fc3,5,,,2018-05-25 00:00:00,2018-05-26 12:48:08
5f68a210962a01dd9add2d4c1be733c0,fd732412d4727a9a7e0d6231b2ca11ed,4,,,2017-09-01 00:00:00,2017-09-02 02:19:15
1c833feea779abf8b1613598470814aa,c11e1e377e956e9d5bec2b0fa2ddc067,5,ótimo produto ,"boa apresentação do produto, vem numa maleta onde fica bem protegido e apresentável. entrega antes do prazo inclusive!",2018-07-05 00:00:00,2018-07-09 18:27:46
a8d971b4807ea3034c22103a39494bac,45fdccdd0ebed851dbf707b98ba5fef0,5,,,2017-04-04 00:00:00,2017-04-05 12:22:08
7491b2389441426cd5f471c8fdc0e86c,19bb820442f9f4a4efe0ee64f855d532,4,,,2018-06-19 00:00:00,2018-06-19 22:27:21
02049740170a350f554ea9294bccc332,be5c91507e2c4ef294ee991d22b2d8e2,5,,,2017-12-03 00:00:00,2017-12-04 15:54:07
1cea54268ce94e206809da9424cf38fc,1c5072c286f0b04c4cbd03de8af6136d,5,,,2018-06-14 00:00:00,2018-06-18 11:02:33
9ecb6d55d9eb141673ed721d96300722,51744de0a57048d0c65ad482f60cca46,1,,Eu cancelei o pedido e não teve reembolso do meu dinheiro no meu cartão . Pessimo .. nunca mais compro nessa loja ! ,2018-05-19 00:00:00,2018-05-20 15:18:47
1686235a474e47e1a0b469ba8372c9d5,c08f913d8edeabde7839e5b6a953ecf3,2,,"o produto chegou e como estava em viagem demorei uma semana para montar e quando fui montar estava faltando uma peça, que na verdade a peça principal,onde se pendura os cabides ou seja vai ficar sem ",2018-03-23 00:00:00,2018-04-10 00:15:27
aefe07f71811ae98577fb6fd6140761e,73ab919f6023d8c8a68fb70d0b08a28b,3,,,2018-08-16 00:00:00,2018-08-19 16:57:02
fc7906f0458303c6b004414344dd016a,45776460b7ff952460b7e9d32c28bd9b,5,,,2018-06-07 00:00:00,2018-06-07 11:19:51
86ff0cde0953bdecda18ccb33d88a16f,1e2b94b476c8738fbc5aed69524f2da4,5,,,2017-08-25 00:00:00,2017-08-28 15:45:31
e9884b74feb8c78c05c55253abe93bbf,6368c8705f72b986b9fd5275b759e5e3,4,,,2018-03-20 00:00:00,2018-03-21 00:09:10
11cfc7689d7b490e3d85463d70eea37c,82ae4ace0b3ec2734319bd238e822c68,3,,,2018-05-18 00:00:00,2018-05-20 18:04:58
6a185e8742a6b85ac6826c683fa8b574,28d030cdc8a0c663dc60bbe5a730971f,1,," cuba chegou aqui toda quebrada, numa cx de papelao fininha sem proteçao Nao foi entregue por transport e sim pelo carteiro que nem sabia que era algo frágil, terrível. Nao comprem, baixa qualidade",2018-02-21 00:00:00,2018-02-24 01:21:18
b77a1c0252920312b1c79b0d6e5ff7fe,9b045cde06f6adb6f6187e2119c89869,2,,Só recebi um dos produtos comprados,2017-07-02 00:00:00,2017-07-03 15:17:27
12503e678ddec3439040409621c802f7,a4d363763931c62becc396e8255342fc,5,,,2018-06-23 00:00:00,2018-06-24 02:40:13
909d528441ba3533275860a47f39ee63,baa7b830de0ad8d2e0b18ebe21372cf6,5,,,2017-07-25 00:00:00,2017-07-25 19:30:58
7eb74a65d80a7b4a1c520c6ea64a6494,2847c1e42885f76be2e67b11d8bd813d,5,,,2018-01-09 00:00:00,2018-01-09 22:57:14
6d61a3e44b8e3d833272ad190fa16e0b,73c765c78996979d2a49043276b607a8,5,,,2018-03-18 00:00:00,2018-04-10 14:08:37
6a22a0f5264d8c3dd500de9722ed58e4,abbf8270415671551b11b0e45c72eeb8,5,,,2018-03-24 00:00:00,2018-03-26 23:01:17
3c5aa4ca62ff4ffd2445555d12f773d4,06a55b1772ae6b58d1483030c97629ae,3,,Achei muito fino o tecido,2018-03-14 00:00:00,2018-03-15 09:45:27
2ce5725e9e7848bbafd96d70ba6ffe68,ae58081c0be4ca730f53473f8f5d5df7,5,,,2018-04-19 00:00:00,2018-04-19 22:42:07
3d467c4cd71a1c9d49f81cd83bd3a87f,42cebac003b40e6aa0b3e37b99d83c2f,5,,Excelente.,2018-07-14 00:00:00,2018-07-14 16:40:27
9fcdf7983153b632cdbab78bf7d7f83a,b3b8133868458b6acf08ea6ffc22e3f2,5,,"Logística ótima entregue antes do prazo previsto, estou satisfeito. ",2017-08-19 00:00:00,2017-08-26 17:03:10
4f983f9810dab410c6596ed414e3f70c,8b903d86c7982e5c63625f062c56f854,5,,Chegou no prazo a mercadoria,2017-07-20 00:00:00,2017-07-20 23:28:19
1134fabd8b97ef9e5301ceb749f5526e,fcceb7beda0bafc845956f10e4aebfd8,5,,,2017-08-01 00:00:00,2017-08-02 00:30:40
7a6ad38d030f6780933fc91757752e2f,4fc3e7aadb8db1172a7c3bbb29d6295d,4,,,2018-06-14 00:00:00,2018-06-17 13:42:42
e4850cb04e31613512d4a621627d6c19,8e1ded141534096603108f1ee5c27735,1,,"Não gostei do produto, solicitei a devolução pelo site da lannister, informaram que em 48 horas iriam dar o retorno e até o momento ninguém se manifestou. Quero devolver o produto.",2018-01-31 00:00:00,2018-02-05 11:59:27
82f52b40b12ff177fcfdfd06d7b26a26,7a094f321857b6925fee399192bb5ebd,1,,,2017-02-11 00:00:00,2017-02-11 18:04:18
4b06f63838461927a2afb7007ee527be,82b1c20e33da405ba22cded4ff91d160,5,,,2018-02-18 00:00:00,2018-02-20 17:46:44
3f5680fe2dfcb1a06dba636612076b14,96d4aa53586046965c471164413b37cd,4,,,2017-08-16 00:00:00,2017-08-17 10:43:30
f2d531ec4e87113ddee1d95fba973540,6cd9dc64e9570c2a9555406d8148ec0a,4,,"o batedor foi entregue,porém o cartucho da impressora ainda não",2017-09-09 00:00:00,2017-09-20 20:19:40
82a572a10faceab58bf4282678740b84,ca46eb68fae2bde83aab2f0400cabf6c,3,,VEIO 2 PLACAS AMASSADAS,2017-08-26 00:00:00,2017-08-27 07:16:35
a71c5cdaadaa27d318b561c8f047b698,1388a23b57206bf7673819fd3a30d4de,5,,,2018-06-22 00:00:00,2018-06-22 23:39:46
31f248214c52e4c20178be23d5898f6c,2d0a9e6d2de5c45b98c59fdd868f2076,5,Tudo perfeito,"Produto exatamente como esperado, entrega super rápida.",2018-05-23 00:00:00,2018-05-23 17:38:30
2b76c5622b60661ed33f95366745f387,f7a813a4fb81ba062da9767aff53ed6e,5,,,2018-03-29 00:00:00,2018-03-29 23:15:26
b8f8013e738414831f601b5c2ab14dce,4c8ea2a4ee7b1d91b837360ccb23fe89,5,,Eu adoro essa loja!,2018-02-01 00:00:00,2018-02-01 19:14:11
c642e0f6346e7b9ddedffc920e29bd0c,ae507059decacd2e46f7cc2966f3d14a,5,,so to chateada pq comprei 2 tenis ja veio a fatura e eu ñ recebi o tenis ok recebi foi um emeil dizendo que estao com dificudades para mandar cendo guando comprei tinha no estoque ,2017-05-17 00:00:00,2017-05-18 15:52:47
49322074fb11f186ea649d5cf2a7ef1a,1ce624df940711ffea6e5176a18eee87,4,,,2018-08-01 00:00:00,2018-08-02 11:23:58
f6c07d9b02160e6ad854f2251e80682b,269c345570f1003630764953f56f6abd,5,,,2018-06-07 00:00:00,2018-06-11 04:18:45
0c2a34234b8d8387ddad03788702519c,bf2167abb407021a362558b6a9fe6bc3,5,,,2017-12-20 00:00:00,2017-12-20 20:24:18
673aba9a636f6682dbe96c7cb2823c65,d896771c13346a1152e08d268514f544,4,Excelente o produto ótimo,"Chegou antes do prazo de entrega 
Perfeito ótima qualidade excelente produto recomendo a todos . Eu amei ",2018-07-08 00:00:00,2018-07-09 12:20:40
5007d3fffa95c47202bc58cccf05a56c,3f61fdc385ace6c39912703194992ad7,5,,Vendedor super ,2017-04-13 00:00:00,2017-04-15 12:56:53
7ffe9965cb3d8ec50de101bdc6e25fc6,06b2c7035561ef12b16045ef4bf459e2,5,,,2017-07-19 00:00:00,2017-07-27 16:35:51
9645f476e2c84c85d0843a2158c6939e,f247ddbea2a3d9e88b688d08f946db4c,1,,,2018-02-08 00:00:00,2018-02-11 11:40:35
84ba54a5272098bb5ec04faf1ac653ec,3522a71840bea6bd1cd78ae529622ff4,5,,Chegou com atraso. Mas recomendo!,2017-03-22 00:00:00,2017-03-25 09:19:47
63d50a0e50ec0034a7d3869cbb19e59d,557cc2675910c4a6c9b54ad276f25097,5,,,2017-10-02 00:00:00,2017-10-04 22:50:42
564b5f0bdafcacecfca76bfe99771d3a,a27942f622b629d0c6fcc5245689454e,4,,Gostei muito!,2018-05-12 00:00:00,2018-05-13 00:58:21
43e676521e8936752abb5fbe62a7d9f7,2fb7dfe5fec51c8a96ee5349c1faf9c0,5,,"Produto muito bom , veio bem antes do prazo ",2017-08-26 00:00:00,2017-08-27 01:32:22
f188e279452a4580396ad1690dd43ecd,3482fd5db03ecb3857123956a9eeb1a0,5,Eu Super Recomendo.,"excelente a entrega foi super rápida, estão de parabéns. 
 ",2018-05-22 00:00:00,2018-05-24 20:16:40
07af9a19688ad7d7beee110f2eb56287,327fed75f27dc1aa02c6e3d33ee29ea8,4,,Ok,2017-09-05 00:00:00,2017-09-05 14:34:13
0f7d99e8dd13bd0928d27904e11b0d19,ce0a53468ddde09e79f73edba370ceec,1,,"A loja foi irresponsável, pois não emitiu a nota fiscal e nem avisou se tinha o produto ou quanto tempo iria ter, ficou apenas dizendo que estava aguardando a emissão da nota fiscal, isso levou um mês",2018-03-10 00:00:00,2018-03-10 05:19:25
ae4138823ad18ebb66d629235728f175,b77f53899c1c8e0a22ad60800bc4f214,2,,Comprei dia 19/08/18 com previsão de chegada dia 24/08/18. Até à data presente ( 01/09/18 ) não recebi o produto.,2018-08-26 00:00:00,2018-09-01 15:19:38
000a4fc2877b9726aecc081ad467bbf4,c2e8b417a29b392b9f49a30a868489cf,4,,,2017-07-26 00:00:00,2017-07-26 23:31:23
5234a66f7a9e1f2b005ca271ffa788a6,6173b12d20352050fd83d1a49eac065c,1,,Cadê o produto???????,2017-10-07 00:00:00,2017-10-07 11:22:39
755102603d5917363e29c8c4750e63f0,9482fa3487de3e3fec62063176aec6f2,5,,,2018-03-24 00:00:00,2018-03-29 22:16:11
9642ff62c0c6ec657f91c3ec9704981a,20b1d8c9683a66f9810b31604fc5f540,5,,produto de otima qualidade,2017-11-23 00:00:00,2017-11-26 11:17:07
367b920a0b479bd286bb880b7dc64ab5,0f845aa8f4dfa5eab70f31813b6f5ffb,3,Ruim,O produto veio ruim ,2018-06-08 00:00:00,2018-06-10 19:35:48
ea241259331cc27882d1bbb38121d8fc,cd4a39bf33083486dd4d1eaa70907ce8,1,,"Não vou avaliar a loja, pq não sei o motivo de não ter recebido. ",2017-09-28 00:00:00,2017-09-28 04:47:59
a35106ee96b4359d793b123df1e63433,02a98752595ee9d94c570ad3e18055b4,5,,,2018-08-08 00:00:00,2018-08-09 12:02:25
7456e445f2a6ba86b437a0bd9e254e8d,67e5eba68c1f19de1a6cb6dd510deaa7,4,,Muito bom produto vale a pena ,2018-08-11 00:00:00,2018-08-13 16:48:44
e2bd2d653141f4f3d0644214c2db47e1,dbc1e94476603bd8b5058d90842f2eb1,4,,,2018-04-03 00:00:00,2018-04-09 16:47:29
ed2ddb2207124067b6b800ac55683920,e92900da13e75122f18f3694fd9e0230,4,,,2018-03-22 00:00:00,2018-03-23 11:05:03
55e57d1a620923f186621407ecb40ec9,08cd76ff1d27c6e6c522bbaead822fd7,5,,,2018-07-29 00:00:00,2018-07-30 11:10:59
91902c755c959fe1b507a7f16598d53a,35c4b628dd86b372a3382436139c22ac,4,,compra sem nenhum problema,2017-07-11 00:00:00,2017-07-24 23:30:25
5c2463e73fc7b130f01a34a40e378764,301f542650857f1460bdf2c3ba014fe0,5,,,2018-06-08 00:00:00,2018-06-14 13:13:59
9fdedcb5da88bf7b055c65754073ada4,93d7e1f0c5415c1a0679635187700f1d,4,Muito boa,,2018-08-31 00:00:00,2018-09-03 09:48:52
1cb97965873a80f7a2c3c1ae903352c9,82b9b991770e6880a10a11c5a29da6d4,5,,Vale mais apena do que comprar os absorventes descartáveis.,2018-02-23 00:00:00,2018-02-26 16:14:45
d8441010ea3e250b25333ec36b869fc1,c516d2f709c6364f4972d91c96569568,3,Muito bom o produto.,"Produto muito bom, pena que chegou amassado. Mas recomendo",2018-08-09 00:00:00,2018-08-13 00:24:24
2f99ec8975025a3897607117f8340874,4886c3effdbdd559f0f727957b9af0bc,3,,"Já fiz outras compras e nunca tive problema algum para receber a mercadoria, porem nessa ultima compra nem email com a confirmação do pedido eu recebi espero que esta entrega seja breve. ",2017-06-16 00:00:00,2017-06-18 14:11:54
c5530141acdd1b8fbe09637bf6678510,1d75f74f2b35e491804fe25e4c5fd4dc,5,,"Recebi mercadoria dentro do prazo combinado, atendentes muuito atenciosos.",2017-06-27 00:00:00,2017-06-30 17:39:21
7934eec64f94984b0b7b5ffbb9c3b18f,4412d97cb2093633afa85f11db46316c,1,Ainda não recebi,"Ainda não recebi, mas prazo ate 15/06/2018
Então aguardando",2018-06-07 00:00:00,2018-06-09 15:06:53
2cdeea245834281e478ec32f663e0925,d6290a5294ee8d7eb9b6aafd583e59e3,4,,,2018-01-15 00:00:00,2018-01-15 23:31:37
0929579516178fa27d424aa42e467d65,e2e8773d11f4499f15349b8f613350a0,4,,,2017-03-08 00:00:00,2017-03-10 22:01:17
bc3edd7b44020db68f771461727308e7,9c782cb7854e5dfa91927cfca8949eb8,5,,,2017-07-19 00:00:00,2017-07-21 23:28:33
6878e01db23645777454acbb91f10a07,c118740a09411f06ab15de06c2623c7d,5,,parabens tudo ok chegou antes do combinado muiot obrigado !!!!!!,2018-04-21 00:00:00,2018-04-25 21:18:47
29a8ba259b6e131f5007abf0659a329e,1389d3b1fab26d87e40c382d11a8ac3c,4,,,2018-08-28 00:00:00,2018-08-31 01:51:32
3f742d779d6574137f94e20ec1361ca2,46a807245872949237fba36f6f00b2b4,5,,,2018-08-17 00:00:00,2018-08-17 22:33:02
21d7390335f52f42a7a4edf6eef4a5c7,d181dfce5d8355bc51c2370c6910d4bc,2,,Não recebi o toner preto,2017-07-20 00:00:00,2017-07-25 16:42:13
66aa636df2e11b1a19c797f3170c55dd,84cd555d3d1f2b32fb392b1dff57a851,1,,,2018-03-29 00:00:00,2018-04-01 01:45:49
0191cf9d15d7059499c362496486b7f7,08d3b6ee17b7cb32e530f4488c3f6abf,4,,,2018-08-04 00:00:00,2018-08-08 17:59:04
9d0c495651f62307d747cab51f32f0f6,7ffeebb0c29e0949512e4346b8b6e172,5,,Muito bom,2018-03-28 00:00:00,2018-03-29 14:54:47
21212694e40d2d5fec2f71971f11561b,c79c512fd61a1008f15dbf7ca2a8c7cd,5,,,2018-08-26 00:00:00,2018-08-27 14:56:25
65dfa14397158f0306038097ac7b53c6,986983dd21e5167fac109fadaf7aac16,5,,,2018-08-31 00:00:00,2018-09-05 01:41:23
dea2f4582b9db0bc31434a80e5decf4c,09722e140e3e1e92b67fd75e2b14b6fb,1,,Os produtos não foram entregues e está sendo muito difícil contato com o vendedor. Não recomendo a loja nem o sistema de parceria da lannister.,2017-03-15 00:00:00,2017-03-16 10:48:07
00b3710466bc0bb874fe10a84018664d,168777f697d19208fbd441b4029e441a,4,,"demoraram a responder, primeiro sem respostas concretas e só depois me responderam. mas o produto foi entregue.",2018-06-03 00:00:00,2018-06-06 16:43:15
9be681d0d82918e6ad614d684aad785a,ab8d7e03c02e35b89d4eee1dd9ab65ca,1,,"Comprei o produto é não recebir, se não tem competência pra vender e entregar, não vende.
Quero o meu dinheiro de volta, ou entreguem o meu produto.",2018-02-03 00:00:00,2018-02-06 22:16:51
300e349e7ae72de8d517f99a62c3a9a8,7ee2c8e81e009d6c2d3ce6d381ebc248,5,,,2018-01-20 00:00:00,2018-01-24 14:55:18
47649204ce416708c422893b2bedc10f,a85b0a5e87b520e0315a4aa50771e9f0,5,Normal,,2018-06-22 00:00:00,2018-06-23 13:53:26
63b5472db30a6baeccdd4086129ff63b,937bb835b909258e3fd32898753b0cad,4,,"Infelizmente a pessoa que fez a entrega,muito mal educado. ",2018-05-03 00:00:00,2018-05-03 23:48:12
836ce0716522eb7ef452806e28597884,3e8258e4c2c32ceee7edf19e88a5e013,1,,Produto veio com a cor errada.,2018-02-07 00:00:00,2018-02-10 13:25:00
5cebd0cb812691be648e2be73527bfce,bac0803bc0669a1e85a35ce2acec9348,1,,"péssimo, além da demora ainda mandaram o produto errado. ",2017-07-22 00:00:00,2017-07-25 13:36:37
75f0a45acb96df6de74b63aec92b05d5,354d1019e78710d25e0d7240ec6c0792,4,,,2017-03-11 00:00:00,2017-03-12 19:52:18
539e07a9814421a60e6862b77db636d8,5d31808356c1ecbf7eeadc61144a098c,3,,"lannister ótima, entrega antes do prazo, mas o produto não tem um bom acabamento no assento e as rodinhas são fracas.
Para quem gosta, o encosto mantém a coluna bem reta. Não tem opção de inclinação",2017-11-01 00:00:00,2017-11-03 19:09:19
63a5d53b4f2c7daddb3082e146e2b0bc,c11d8a6bf50d7ce1fc92fd3844526e25,4,"Produto entregue,",,2018-08-28 00:00:00,2018-08-28 20:44:04
a13a460fb07cf6bd19793b15c3448517,544bad401327a8f0de6786c7ccd73c8b,5,,,2017-05-18 00:00:00,2017-06-04 18:04:48
9be717c7b3fdfc001c402c0b35bc7956,c6c0485c02e45b1f484c318d540257a1,5,,Loja confiavel ,2017-07-22 00:00:00,2017-07-22 23:43:30
a404e68676733cbdb24325bf1434bf21,01d3d4cb8c553d507dfd26fbd8b41e95,3,, Bonita e muito confortavel ,2017-11-17 00:00:00,2017-11-20 08:41:38
bd395b3727aa5518e1c8a8c7af5a0f0e,a94b9255b3c3ebd206b09a5625e39ea2,5,,,2017-07-01 00:00:00,2017-07-02 15:17:02
b17b3c834f58d779a40a08ab832fdbc5,d1de4ee2cdca15e0ccf424096264d3c8,5,,Produto bem embalado e devidamente entregue dentro do prazo proposto.,2018-02-20 00:00:00,2018-02-21 16:29:58
bb1753e0872b812484f06649ad498b7a,d83ed20d296bdd288f45b29843643bc9,1,,,2018-03-23 00:00:00,2018-03-25 19:52:46
d808dbcbe666f0ceec9937907a44ec1b,94539d5722ad55c3ae8c7369974b67ab,5,,,2018-04-04 00:00:00,2018-04-04 20:52:48
173083c43d90eb8ded73dfc9707322bd,8309d4331303ee734179e1c7da304fe8,5,boa,Entrega feita com sucesso,2018-05-24 00:00:00,2018-06-04 14:39:09
eaf35f0a4367ca1d9886da665524a6cf,c69f4cc5c5972fa769d36bfdfc17894c,5,,,2018-07-29 00:00:00,2018-07-31 19:34:12
4a8928b619816410f0c201aecda976c3,db5d6113487de457414aaad0ae7aa2ed,5,,,2018-04-21 00:00:00,2018-04-22 11:19:10
08b38fd165da73b4493ea46c8ca0ddf4,55acfaef63e1cd8c8f71ab8e79b84ee0,4,,Boa,2018-01-06 00:00:00,2018-01-11 19:13:49
64721f0e2696f971f96863cdc04372d0,c0b2c20ed167622980ba4586d4f60168,1,,Produto não foi entregue,2018-04-25 00:00:00,2018-04-25 10:33:59
42fc6da9f04c52482d97bba963575aa7,c854a1f42d7cddb25891587ddd91caa6,5,,,2017-11-08 00:00:00,2017-11-11 00:42:08
e97be4601a6fa63ed4bb9f20a944a396,1d911134e95ec6f299e80fe19b5b88c5,1,,"Sempre comprei na americas.com e os pedidos chegavam antes da data prevista, mais este ainda n chegou e nem mandou email nenhum avisando nada.",2018-08-30 00:00:00,2018-08-30 11:39:13
cea76aff3d73f810e757f146a6b12f4e,758d8c3ddeba66a2a9cad6c8b043dd2f,5,Excelente,"Entregaram em um prazo incrível , comprei no Sábado , segunda esta em casa, muito surpreendente , parabéns , recomendo a todos .",2018-06-06 00:00:00,2018-06-08 15:35:07
ff172d4002c5e0d1c8dc95ba41e43877,45f65ebc30dcef3d7558ffa3bee5bd83,5,,,2018-04-12 00:00:00,2018-04-15 15:35:18
548ad7b033d17967afbe123c5e3dabb5,f803879e0bfd93a6599c19a3f2b4b74b,4,,,2017-06-23 00:00:00,2017-06-23 23:15:34
a3417401d2b6c9e2ba1ccc04fb2ddb5a,2e612a3508e4bce75344e6bfb68f28e0,3,,,2018-02-23 00:00:00,2018-02-27 22:54:59
35d0eff29afec1c5154e186eae89b6cf,52a547866cd2082c600fb72eced19331,5,,,2018-05-22 00:00:00,2018-05-23 01:06:46
ca3e9ebf3b0397c515106698dc261c9c,99dde9a4d6ee5c602380551b002ddad7,4,,,2017-09-14 00:00:00,2017-09-15 01:25:42
740da8caefd71c1e39dfbe4fbf732176,880ba0831c3fe181b5096a98d3c755e4,2,,Veio com defeito. Não reconhece em nenhum computador e não funciona.,2018-04-03 00:00:00,2018-04-04 21:09:46
a4dea1de75df3241009992192d0cb567,a3c1394b2224879f15740f0ad33dcd57,5,recomendo,entrega super rápida ,2018-06-07 00:00:00,2018-06-07 23:23:18
99bfaec842158f374e939f5db994da5e,145b75a554e404852b520d70c50c9f9c,5,,,2018-08-15 00:00:00,2018-08-16 01:44:22
2e6df755486ec2fa17bebd038f7d0f90,418018cd21bcca5f7cc37f9f17ac1466,5,,Adorei a qualidade e o acabamento.,2018-01-31 00:00:00,2018-01-31 20:52:16
5148ad2bdca65375e9504355d79c6ad4,56703a55199f4784c80fe5e5de71c532,1,Entrega incompleta,Realizei um pedido com dois itens e apenas 1 deles foi entregue. Fiz algumas reclamações e até agora ninguém entrou em contato comigo pra entregar o outro produto ou para devolver o dinheiro.,2018-07-19 00:00:00,2018-07-23 16:44:54
27291a3ed58274eec4cd1becfc557c12,c056578fe94b80e3f1e732d013df9374,5,,,2018-03-20 00:00:00,2018-03-22 23:17:42
e3576148d52794e33562c1e4cc412deb,4ecf494be87ee7b768460fcbcd0389c8,1,,,2018-02-23 00:00:00,2018-02-23 10:52:24
eaeda87957d38d40463de5905a72bf63,033ccfbdfc4d29677b7e1e6df3a82820,5,,"Bom de confiança, produto de qualidade.",2017-05-06 00:00:00,2017-05-07 11:22:57
29a50943bdeaba02e4a222241a4b583a,f63f9a7699e3674c80a4ba92e56dfbb8,5,,Minha primeira compra to satisfeito muito bom,2017-10-11 00:00:00,2017-10-11 15:56:12
c4a96ce7760c441272973ca589a3c7f4,8bdda17186f4f2430cb06827e916577e,5,,,2017-11-28 00:00:00,2017-11-28 15:47:48
e203d29fe83ea91881529b8a32fbf2f1,66f7198bd04aafcefc81148b6c433c18,4,,"Veio correto, porém faltou as borrachas do pé da cadeira.",2018-06-22 00:00:00,2018-06-24 15:27:50
800754d8bf5a6799483ad3b6d2a9da6b,19367a2c7e1dce7c26afa959e0581da2,4,,,2018-02-06 00:00:00,2018-02-07 07:20:41
91a5f42bead2809194d326f13a127b8f,3b9de7cf25713aac3ab7e5cc48d83983,5,,Excelente entrega perfeita tudo ok,2017-08-10 00:00:00,2017-08-12 23:31:57
4503cab88931f445b565931a8c564b5e,878c411445b7128a9715f6f06ca14bea,5,,Recomendo sim pois vem antes do prazo produto de ótima qualidade sempre pensando no cliente,2017-05-31 00:00:00,2017-06-02 21:30:23
df7b9f3a2b89c5d9ef6baaf7e64ebf6b,2608e8f1fa4c7e37526b68e2fd2e6d10,5,,Produto foi entregue dentro do prazo.,2018-04-04 00:00:00,2018-04-04 18:05:09
51e9fbdb0ca13f915e0a99755a2caa86,4f183da167de562d253b5bb596f17516,4,,Meus pendentes vieram amassados,2018-01-19 00:00:00,2018-01-19 22:54:30
e76a8de41b6fc226a20485f5abd17786,7010bfa704139424f4fff8baff27b7cc,4,,,2018-06-03 00:00:00,2018-06-05 23:43:14
c4cb9d170d414f0413dff9188bb9b17e,bb459de681cfef5d3484ec88dc2b508f,5,,,2018-06-08 00:00:00,2018-06-08 22:23:00
5ec5e8fafdfbb3e5d8b1d4fa35c2c5a7,f5a1d7fb9cd502618f942b1295676f1b,4,,,2018-01-23 00:00:00,2018-01-24 10:42:31
4ea82b8084e3bef620e79f7e99bfd18a,66de0095e3cd190938887b524433e56e,4,Rapidez e qualidade ,Recomendo pois cumpre com o prazo e entregam rápido. ,2018-04-26 00:00:00,2018-04-29 00:40:21
f9b9761c5180c15c820b5ee8b5a1de69,14b3ab242ab978f908ac651dcae21b8f,5,,,2018-01-09 00:00:00,2018-01-12 00:10:58
a08d1aa25862554209bff9cb4139497d,14b8b8e32ed52dcf82a3e04d1881425d,5,,"Muito bom.
",2017-09-12 00:00:00,2017-09-15 00:40:27
7511661f1a02aebf1f0229f12ef53933,70217ba6c09626a3f4b980eac7d98a1d,5,,,2017-08-24 00:00:00,2017-08-25 00:51:11
b55637badb5ea7e8ec156a333f57e7f2,e1ae83c728cb5ab4352082e5509056ff,4,,,2018-08-24 00:00:00,2018-08-27 10:32:19
dbd42fa5f6e7aacd7ca3e6a3496b0ab2,9c9caabac80e005ba36cb7c06afc0fe3,5,Excelente produto ,Entrega rápida e produto excelente. Facil de instalar ,2018-07-15 00:00:00,2018-07-15 18:29:20
1540a1a2cf3051a12025106af974e104,a2b01f72ab3f4fc8831837432d5a0117,3,,"não sei se eu não prestei a atenção devida quanto ao tipo do papel na hora da compra: eu esperava receber um papel de 230g, e veio um de 180g, mais a entrega foi em tempo abil. Obrigado e bom dia. ",2018-01-12 00:00:00,2018-01-13 11:46:26
55b8ba9010fc24efded01f0a67e3718b,6367e1839d93eed7f1f74c9fe5daecfb,5,,,2018-02-01 00:00:00,2018-02-02 18:38:54
c6814b2970a0913380cbbd01e348a463,711f172cadce2c07a025d5b9ad519e36,4,,recebi. o produto bem antecipado recomendo minha primeira compra pela net fiquei Muito Feliz,2017-08-17 00:00:00,2017-08-21 23:59:43
7bcca1a58ab05669026063fee682a261,141d3bf5aa7128f40bf2a60cef620b93,1,zero estrela,"o produto é incompativel com a impresso deskjet 2050, apesar da numeração do cartucho estar correto, é produto de origem duvidosa.",2018-05-12 00:00:00,2018-05-15 18:38:48
325e073653c75882cc2724df1356ba19,a89be75924730a39d29149cc159514e1,5,beleza,tudo ok,2018-08-02 00:00:00,2018-08-03 11:19:33
62025edd2ff8c353852419441652f0e4,c9658b7487e1dbbf57f82493f398ed15,5,,,2017-08-22 00:00:00,2017-08-22 23:30:15
f7af0e8af7bd7b0c035a17387c77faa9,4ce042e8a6468ee3e7090d9687228184,5,,,2018-02-27 00:00:00,2018-03-02 14:37:27
3f1c719161f0076491bde47f038d1236,b19cf86000f4fdfdf23b75a1f4fcec9c,4,,,2017-07-22 00:00:00,2017-07-25 11:19:37
070a6d16ae0e33f0898a23bcc994efbf,621d22173590d292319c7a2f72ce76f6,5,,,2018-06-03 00:00:00,2018-06-04 16:49:56
e3a7dbc098de0872ffb2ba571b7347bf,2736be66db18bfbfdc0c26012e80944b,5,,,2018-01-27 00:00:00,2018-01-28 16:17:13
ee19fa5d866dcc2415d2e21927b30a87,99c7028b41234ebb47c132aa3c6a1b47,5,Entrega Super Rápida,Recomendo!!,2018-06-29 00:00:00,2018-07-03 12:19:04
6072c79fb5f3f898ea4fca4780be7119,9189b5135ba86608fe0536717bbdecd7,5,,Ótima loja produto bom entrega correta.,2017-03-22 00:00:00,2017-03-24 17:03:30
b7a744613c725651e386d6ee09eaa37c,9ffaf572bc1223f9725b1835679ad356,4,,,2018-01-10 00:00:00,2018-01-10 23:08:38
f00c744d14c0ad983aa8ce3c2ef351fa,7eae91392531d2ea7d65b484173ea85b,5,,,2018-08-31 00:00:00,2018-09-01 17:43:54
afa4452e5e5b79681346303da60abbbd,2228184e3773ea7d28d150ed03ef65dc,2,,"Produto de péssima qualidade, muito diferente do oferecido no site. ",2017-04-29 00:00:00,2017-05-02 11:46:30
b1427e9ea1759a961334ce87f37af64f,ca56cc083a7aeed15fdfd437874cd0e3,4,,,2018-08-22 00:00:00,2018-08-23 17:05:23
f998e44ef95a16a7b350378888e8306a,76b47b741630b7b9d7ea28747cce5f50,5,,,2018-02-22 00:00:00,2018-02-23 10:23:53
71a4e3da44c6bd28b2cce2e5bd6aaefd,e47ac2609ce0ccd8dab33391118792fb,5,,,2018-07-25 00:00:00,2018-07-25 21:29:05
01e6ed96872d470bab71f40df9ccab39,e93a08b4b8bec070a829d321c8172c49,5,,,2017-06-10 00:00:00,2017-06-13 12:20:13
67ac4bf584d4895792ee01374286660b,6f8747aed0e0bf14065fb5a312ff7fa8,5,,,2018-03-28 00:00:00,2018-03-29 01:12:29
69c1e99e7a04b5fc452158091708ac7d,25f6a84bb4462034741cec7bbc139f9c,4,,,2017-05-31 00:00:00,2017-06-03 10:57:00
56d322caea2c4d2a805d8b0cfc002fe2,aa73d1076ba6c6f19de6990bc7401acb,5,,,2018-08-29 00:00:00,2018-08-29 20:23:26
cb67538b9bfb329e21287bb66199b571,f41b642bbc6b114869453f29da96d041,5,,Ótimo custo benefício,2017-09-24 00:00:00,2017-09-29 15:39:35
4136d85b0816a434021f7bd94712ee93,aa20c8dee3466002e6bd9d64cdac1bdb,5,,,2018-08-11 00:00:00,2018-08-11 23:35:38
42fcb95e9687d3f7dba83e256dde618c,519b26d18bc4a42eaac1841acd217baa,5,,,2017-09-13 00:00:00,2017-09-13 21:10:40
e3a7d25f1a915b9cd30f41f1ac412f69,2d3c3cbfc3286b15ef13547f94567459,1,,,2017-05-12 00:00:00,2017-05-14 10:42:43
df2d33d91555a1ba1267012f9aeeb7fd,1ae35fdd1e36d167c790179f16cad2e0,5,,,2018-02-02 00:00:00,2018-02-09 14:49:03
8774493a202469d4946e453bef0c113e,650f0e59daa00ddaf6b3ebb68b252cfa,5,,,2017-12-05 00:00:00,2017-12-08 11:39:17
25c11cd01d074a3e77a012164c4df329,e5882de2409ffb5a26782367e95b91ba,1,,"não gostei é segunda compra que faço nesta loja parceira de vocês chamada ""targaryen"" que ocorre esse problema na entrega !!",2017-08-10 00:00:00,2017-08-10 14:58:48
2f4bd300c6bf3e574d0b8ea22f1b5537,5cc6d864fa9e1a90eaf5207737549ffc,1,,,2017-11-16 00:00:00,2017-11-17 17:27:47
d72629ad1d3ed764b6a86cc5160eecda,6279ab28c298c3e50c3750926c603eb7,4,,Produto chegou no prazo. ,2017-12-19 00:00:00,2017-12-20 00:04:10
7ce31af2616bcf922d89adb063b33987,12841a11f62453c88f68ee1f7cb45c47,5,,,2017-12-20 00:00:00,2017-12-21 10:23:42
e66678cd6fa7d290355ae47145eea32e,843be4a0dcdb9716de7652d53af4acab,5,,,2017-08-04 00:00:00,2017-09-03 18:32:12
a4721432101505c07511070fae329db6,5fc2475da462df87150a6013f0879f5b,5,,Vendedor excelente mas o site do stark deixou a desejar...,2017-05-20 00:00:00,2017-05-22 16:07:32
810bc047c8187e43a04fd08a7dcb37b1,64d68170391ac401d5ff137d9d7775d0,5,,,2018-04-10 00:00:00,2018-04-11 10:20:15
fc91b7c3b060d11ec60a75df08bb51ec,b084efba670d1b2c17c0e253d969738a,5,,Tudo conforme o anunciado.,2017-08-26 00:00:00,2017-08-27 10:46:55
f7823c8ee1df13928f039c9cdd754f1a,2a8132eaf9676f8a46d18b33cfe3a993,5,,Parabéns a entrega foi agil,2018-03-07 00:00:00,2018-03-08 11:18:09
b397b05688e16775ea95af52ad4dde68,eff7cafa6042969690223d33c833fd00,5,,,2018-05-04 00:00:00,2018-05-06 13:52:00
5b4361f26b6a626aca823fba8256868e,909848fc22bea821de7a92b2dc614338,4,,,2018-05-16 00:00:00,2018-05-17 12:31:13
4fb16b86b5ba981a9fbcea9449a0acd1,c6843402edbaf2d6f740e48c20599396,5,,,2018-03-17 00:00:00,2018-03-18 01:23:22
200e051c694f14146dd5b4c4ca9ed446,0cf3d6e83dcc1117999a235fd6dae842,5,,,2018-06-12 00:00:00,2018-06-19 16:28:32
5e88b920e3a7af5f412162947089d942,9682fc7d34f0d1e84959ac32aca9074e,5,,,2017-10-26 00:00:00,2017-10-27 12:42:53
981fae51bdb74ef38b8b8ebc417ef34f,b9f3d81dec070aef9c5771e70dc92db3,1,,Sem comentários. ,2018-01-04 00:00:00,2018-01-04 12:40:04
6ed3376312754b094a06d6a8349fa3bd,d35551f33906e01d035a5f40e1bd1732,4,,,2017-03-24 00:00:00,2017-03-25 12:27:21
af6d1b7d0c02c6eb46965821259a293f,d2b819d0452d793d35f2f462a37e3067,5,,,2017-06-10 00:00:00,2017-06-11 21:28:15
2b960e8d2d034c807a266c28bd5d3f87,cf2ae7f823490d9b4ec3d33f889609e4,5,,,2017-03-28 00:00:00,2017-03-30 02:09:34
4c3f49b5302643c24e3976597f323684,d9c5d64c3fa1b1abf251ddf4cb2683ee,4,,,2017-12-15 00:00:00,2017-12-17 15:20:57
a2621f20c0313efe716d3b33e32ded9b,1b0e1058a094f333948edf16f4248323,5,Satisfeito,Recomendo,2018-07-13 00:00:00,2018-07-14 10:27:06
d8bef0bbad507b83d991b958f50b33f3,a162da83b66ff8c619d83b87c1de93b9,1,não recebi,não recebi o produto no prazo previsto,2018-08-23 00:00:00,2018-08-23 19:38:10
4230dea1b0c36147a470ead17f2104d0,8548d37748337533fac944d6412db320,4,,,2018-01-10 00:00:00,2018-01-10 20:28:34
42655914102454f70f5d0096dad865c2,fbbe0010317b3629aad1474e5a7da889,5,Entrega ,Satisfeita com o atendimento prestado. ,2018-04-24 00:00:00,2018-04-26 20:30:34
7b9c39cc448f58bf36504b5d78f6615a,7c921161980003eac272f619f2fa5776,5,,Chegou antes do prazo. Tá de parabéns. ,2017-08-27 00:00:00,2017-08-27 23:22:42
617b1c18d6a1ae36863a951e8150ffaf,662bf5e7e6b6350fd9e93fb5793f5c98,5,,,2018-01-03 00:00:00,2018-01-03 12:07:10
60569eab9927c0d61428b5d2768999d8,4b7d3dfe0941dfb8a4aa50c5a641229b,5,,Amei o produto,2018-03-04 00:00:00,2018-03-04 21:51:50
027ffcf3888f2dc37b00448005e0f35e,57ecffc3a29fb1db005184b46b5f655d,4,,,2018-07-07 00:00:00,2018-07-09 17:57:41
714b31296bf655c55b6a90b82d01f27c,d5fdd830fd27ad1acd2e9b17c08e6e92,5,,,2017-12-17 00:00:00,2017-12-18 03:35:13
d0fc28c356fc7317db44379249015872,f33aa647f08ec9623c76b6212be92333,1,,Não recebi o produto e continuo sem receber o estorno do valor que paguei pro produto.,2017-06-22 00:00:00,2017-06-28 16:29:12
e6ece3034a9890a44c4b2f334de8db1e,94f039fd9c674f33650e01915dd3dd43,4,,,2018-04-26 00:00:00,2018-04-27 22:57:02
fd7689f62be9fe3e5a96f38535767f8f,7d7eb2e2176ecc1a4e649624c46799fb,5,,,2018-02-07 00:00:00,2018-02-08 04:28:26
60f08e83c8ae8957c4bf5867b7be20b4,d57afd1eb0696854d3351e5926aa9813,1,,,2018-03-16 00:00:00,2018-03-16 15:18:52
436919492de2acaa0e1721ed827487a0,ca9e38465ee744b1f2f686ee2682b158,4,,Entrega correta e rápida. ,2017-12-20 00:00:00,2017-12-21 08:18:51
df9c2604c804c35b2bb8f2a0a91423f8,5c4c16f0db1537d3ef9e718f12dde7c4,4,,,2018-07-27 00:00:00,2018-07-29 16:39:18
9281d7c66059facaeb3b70cbc9fcbde6,d5cbbe1602100752cd72f9630321613d,5,,,2018-01-20 00:00:00,2018-01-20 18:49:31
9b61c67a71f8d863a758cd42e787226a,b8b2320bc7303abbc19c6976fe8b2fd6,5,,,2017-11-25 00:00:00,2017-12-14 11:13:24
e97d1a80a5f65c835d8dd4f15f04e1aa,d189b98b9c4f5325db664c5455fe927c,5,,,2018-05-04 00:00:00,2018-05-04 20:43:16
a25ae448d278409d9982d160838d0b44,502b68c9bbb124ec1a3492fb636d271d,5,,,2018-02-27 00:00:00,2018-02-28 01:13:57
d81b61df8236876db86a271fb8f6a24f,c6f76eab23a24f9d7c56f217debbdb65,4,,Bom produto. Atende as expectativas. Igual ao anunciado. ,2017-08-09 00:00:00,2017-08-10 03:51:17
025cab198bb46b6182c13c8a1a8d0811,7eb947ee7c01b2d8872bc456302687ac,5,,,2018-02-21 00:00:00,2018-02-22 00:54:05
af6be7e4f650acb902e04ccbd35f220f,db3d8c47002a9d03c4220a0a0bccff78,5,,Ok. Veio tudo em ordem! ,2018-07-12 00:00:00,2018-07-12 23:37:04
9030f7a86b2ae9207a19237c45cc98d6,5fc078d078575df6ce8980acdcfb6dad,5,,,2018-02-28 00:00:00,2018-03-02 19:35:35
0bbc371cd28fa66601df7c41516a4710,73b72b64fe9ceac200edede7e53ab012,5,gostei,até hoje tudo que encomendo das lojas lannister vem muito certo...gosto de voces,2018-06-16 00:00:00,2018-06-18 16:34:00
acba041d70f3647b906ad7b80532b5ea,7e0daf18179403f72436b21a1684a047,5,,,2018-03-20 00:00:00,2018-03-21 13:08:10
e0d3385eb453edef7564015f60816e0c,8b5a2d60eee784b4c2f3c6d1f6e8811c,1,,,2018-02-24 00:00:00,2018-02-26 01:17:04
3ae5f53558cdec38b08d5bd93f6eddab,603486ac402cf457884d615c5bb8971e,5,,,2017-06-01 00:00:00,2017-06-04 14:41:08
6c63d280dace7bf172cab443ce88cf06,076ff98c0f285dcbbf7a2d5ad9146322,5,,"Foi uma ótima compra, estou muito satisfeito.",2018-04-08 00:00:00,2018-04-08 17:40:37
b9119ddf63091940a34d32a9ac5bfd3e,d44df0d4c71052d8b2a3bd5c50bd42b5,4,,,2017-02-09 00:00:00,2017-02-10 03:40:30
fa3b5f049af7e677fe8e3b4ed431e248,2cb099a54d7344bfd05b445214be4e7f,3,,Empresa cumpriu com o prazo de entrega e produto bem embalado.,2017-08-04 00:00:00,2017-08-06 13:33:14
4be93a46d9bad71f458de6bdb658ccf3,880769ba72966e66d6e8e1f1152a0d36,4,,,2018-06-20 00:00:00,2018-06-20 22:16:51
77d9477c51c0a6c165666fc32ff340e6,bb70cb558d0783914c5ebb0c37330776,5,,,2017-10-18 00:00:00,2017-10-20 17:16:03
7d62adee36e3cda2a335d1aaae942bae,41ad2ae32ee66c07ef3b0301ba02ad27,1,,,2017-12-19 00:00:00,2017-12-19 12:07:04
16e867e6cdfe47ccd91b12f46ea4ebaa,d60b2bc250dbee7d1cffe229a0575233,5,,,2017-12-07 00:00:00,2017-12-11 13:52:29
a8f505ff0322a3d6e68f753ae2dedd51,50e8eff30cc85b5bf993d52785bc082a,5,,,2017-11-28 00:00:00,2017-11-29 01:48:32
2f4a084ac391126463473af6d7065bb1,93b055de61a2d8f6fb20ae3a2ca073f5,1,,"Sempre tive bom relacionamento com a loja stark, sem queixas, porém ao adquirir este toner HP, e instalá-lo, além da impressão sair muito fraca, recebi a mensagem de se tratar de produto falso.",2017-12-12 00:00:00,2017-12-14 01:44:20
a057d9706ccaec5be597b8048e23f6c6,c05d6a79e55da72ca780ce90364abed9,4,,,2018-05-16 00:00:00,2018-06-16 17:06:25
d0b3a3153ef0ac28c7cb48167eb6fe35,97d5aa85110fb7e998b5754af19b95c4,4,,,2018-03-21 00:00:00,2018-03-22 01:42:05
b4fcfcbb30600750cda78982d5b5d8b9,22f83401479022a8e4e700556dc91233,5,,,2017-08-08 00:00:00,2017-08-08 23:54:50
67bc84ed9b776abf16df8e1bea5d4ec6,260db02d1a8b410b7d61ee150ced5caa,5,Bom,Entrega muito rápida,2018-06-30 00:00:00,2018-07-01 21:25:13
0de000228b1f3de448888a2c8626bba4,34a254b2668083c77b9158c151571877,5,,,2017-10-17 00:00:00,2017-10-17 23:27:40
7fecfce8b79959119939136beb0b3e82,f92b34d1e66d16dfe85adfbf914dee86,1,Péssimo ,Não podemos admitir uma rede tão conceituada como lannister.com ter como parceiro uma empresa dessa!!!,2018-08-15 00:00:00,2018-08-15 10:44:24
79d1ded41f0b5ebeaaafcf71a710f88e,e2106f0881297aad6e7fc16db0e9a45a,4,normal,normal,2018-05-11 00:00:00,2018-05-14 02:18:08
6cff84282c609928187737b66d7b6f2c,de5569837d26b78e94dbcf0d72e29ba2,5,,,2017-12-24 00:00:00,2017-12-26 22:54:53
e3bee78c695387f70990ce55f9d57f78,336aa930110aba578d1a4471144a3271,4,,,2017-07-22 00:00:00,2017-07-24 23:25:18
d85fe2790b907dec77469adbd2c969c9,052121d17f8eab43c577497c9b1451e2,5,,,2017-09-21 00:00:00,2017-09-22 11:06:28
b7fef0c17df4fdd0c0796ba3da858c8f,8d23fb4e17833d8bf866d3ae3481a3cd,5,,,2018-08-01 00:00:00,2018-08-01 16:16:51
f7ea96cdb986163bb839ec5e77ef1221,98b7e48a869cc004297cb968e5d81401,4,,Cumpriu o prometido,2017-11-24 00:00:00,2017-11-27 08:18:25
2f041bd37f6984698438c21a29a273c9,2359b971147acb269d1cdd25c07c704d,5,,Tudo ótimo. Foi entregue antes do prazo. Grata.,2017-05-14 00:00:00,2017-05-16 16:12:08
73c9d31f7fd2a9ad4765b4b0257404c7,0a9c38d73482b8d81ae7f7ccc5d8796c,5,,gostei mt da entrega chegou 2 dias antes ,2017-09-05 00:00:00,2017-09-11 17:43:22
3b0c07e6cc5fc2bd156f577a8504d34e,3ccf90ae3753b3d692dd5f400621502e,4,,,2018-04-27 00:00:00,2018-04-30 22:28:29
f03d3279aa97bb966cb524f82b9a8e36,0822bcde10bb5d023755a71bc8f7797f,4,,,2018-05-16 00:00:00,2018-05-17 00:12:56
a496cb0551524b8175580ef1373710ff,717b5830932c155c67ba3232934a93c5,5,Recomendo,"Esse item recebi no prazo, lacrado e certinho.
O item 2 - balança de vidro veio (totalmente quebrado), estou tentando reclamar via site mas só dá erros",2018-07-29 00:00:00,2018-07-31 15:16:57
010c608287be2d983db19b8438b268a3,ba4f4ffc1063e52435824b76fc7933a6,4,,,2017-09-28 00:00:00,2017-10-01 17:21:31
81efc3e00671ac3afcdafbaaaf2daa0d,d6abdb38c0ac915fac541669992e01fe,5,,"Estou satisfeita com a compra,, entregue antes do prazo,,, só agradeço",2017-12-01 00:00:00,2017-12-03 21:44:37
98413c93318a859b9ed791ffef19dfc6,acfd491b37f7671bf93d9abc2c1ba7af,5,recomend 02-667550502 de ,,2018-05-19 00:00:00,2018-05-22 21:25:33
690c96085b47b0743417019ca378b5e7,2d2fa725a6a15bb11defd40be0a0f79e,5,Gostei do bolso externo,O bolso externo de zíper é ideal para moedas.,2018-05-22 00:00:00,2018-05-23 02:23:30
e80b1d6d59f7deb98d7394e386df8bae,b012f20bfa8d71028da47251f0201d6d,5,,,2018-03-29 00:00:00,2018-03-29 15:40:14
07fec18f096bb4c9d03bf9fd1af8674d,75a3f30121c49c5ad0085de582ba2451,5,,,2017-06-09 00:00:00,2017-06-10 03:22:06
689a3387adbfeb25be4fcab15e33de99,2beb7e011571a837462a006a779881e8,5,,,2017-08-05 00:00:00,2017-08-15 18:20:06
4963d8270a52bc7ab81078b3bdb2515a,98e59e5a0098396c95ba134fd92c2a30,4,,,2018-05-15 00:00:00,2018-05-16 01:36:22
091cf68a241d5cc9bd0ffabec26bb73b,b1170faa12a2f134d1c75c7494c64eaa,4,,,2017-06-10 00:00:00,2017-06-13 22:17:56
d9d6cdf1d4f971b3ee0180d58739df39,742b5d98b8903f6f6a0af740ddd60f2c,1,,"Não recebi o produto, alegaram problemas, fiquei sem entender.",2017-03-15 00:00:00,2017-03-17 11:57:32
e2aaa1e57ea59330fd5e5c122f5b4af1,64582c699f99b4dd3c326b13c3bdc644,1,,,2017-10-31 00:00:00,2017-11-02 18:38:51
bcd0f6835000251ce1a4648f19c4d6ab,a90e6886408cb63c812ea10dbc810ed6,3,,,2018-04-11 00:00:00,2018-04-12 03:44:32
1dcdeb41a7d339a102eb019ccf2bd78b,7159e54dc429b82335398dcb355162f1,5,,Adoreei...Recomendo!!!,2017-08-29 00:00:00,2017-08-30 01:22:40
5f711df97aff8c618df494a225de8407,6e23f1780ea332cff417e817aea1336d,5,,,2017-08-25 00:00:00,2017-08-25 11:03:44
9d27eb9323fedf3c4e9d4de91bededf9,99835a9f07d63f83120175303229a57e,5,,,2018-08-15 00:00:00,2018-08-20 19:55:36
c942a52e0249bc4fd03ff82bdbc7f538,66cb680674721f9816e366a15a93633f,1,,,2017-04-19 00:00:00,2017-04-19 10:07:18
520e04385c256b6d6d867eefa462e8e2,f1b3dc829876d87a130808b76d5bacf7,5,,"Só assim a coisa vai pra frente .
Fazendo a coisa correta .
Parabéns ....",2017-02-21 00:00:00,2017-02-21 20:21:33
80d7246619c6e2cd0af76aad13181a8c,20cae0a28869a4321d8fe372731f80e0,1,," Relogio muito feio! Nada haver com a foto.
 Nao recomendo..... parece relogio de brinquedo.
Aff joguei dinheiro fora",2018-01-27 00:00:00,2018-01-27 20:01:43
c090c1bd50f8a797ba3d106e01eb11c3,2d1f08f7693e119a191d97d953258189,5,,,2017-08-12 00:00:00,2017-08-13 14:24:58
27c39c7264b55c7d4bbd29c99dd9cca7,b5eb3252f8e5ded7044d176ed49e2ecb,5,,,2018-06-23 00:00:00,2018-06-23 22:38:05
994eff1f7cb66dd34bad7490e3f6169a,bfed0a7badf0fead6a8afff1f945ee51,5,,,2018-02-02 00:00:00,2018-02-05 00:55:05
ebc4b51a5faa97eeecef22e30fadc3f2,10ec043040f8a284bba89547e8a49cdf,5,,,2018-07-12 00:00:00,2018-07-17 09:44:13
d8faae7a4f10c975ffa7710c6ff73695,a4de95599a7ceea15c118d8a59c8d574,5,,,2017-04-05 00:00:00,2017-04-06 13:29:56
849ee5070058404e08c320c3ff82a27c,3bc9ec33a0837981e7f5e35876723afb,5,,,2017-04-18 00:00:00,2017-12-01 12:08:04
2282a2ce004099bb4e8e8df69449856f,09138fb3bbda7e400f9aac03c238385c,5,,,2018-04-06 00:00:00,2018-04-07 16:34:35
322a93f271a89be0b355fdeabc0007b4,6bca1e1153602e07db22966a5b800e9c,5,,,2017-11-14 00:00:00,2017-11-23 10:12:06
002fbdbf4b1671be0127c601abb17f11,f53b39c6c91ce86717c15d8e4e5da0c2,5,,O produto chegou com bastante antescedencia e fiquei muito feliz por isso. Obrigada,2017-01-13 00:00:00,2017-01-14 11:20:25
4fd2210bf641cd5df9254aff55ec1489,186d853ccb29e4bc2470952ec61dbb39,5,,,2018-07-21 00:00:00,2018-07-24 13:06:02
5d087adf21e1a92b497e59b710e21e85,96c2e97254411b014e9c6497388ae8bb,3,bom,,2018-08-15 00:00:00,2018-08-16 17:37:48
8dc4b2123e3334d2127159c3757a7c86,7f5a24612bec96e2005690b5b60faa26,5,,,2018-03-15 00:00:00,2018-03-15 22:08:23
ff1c2839f32444b1976d90298dbfadab,6e116aaaf479cdcaa8a1262489a07086,5,,,2018-03-30 00:00:00,2018-04-01 23:52:25
9ad36c0035135652c7f9c0d8e6e7c253,66eb8c748be99c3107d318f370cd9aa2,1,,"Veio faltando componentes de montagem!!
Precisei comprar outra carneira..
Veio com vários defeitos!!
",2018-04-27 00:00:00,2018-04-29 21:40:22
abb1496950d741a21536a40103b0f858,33a031da3772bfeda93d918e5048a0a5,5,,Eu recomendo rápido prático muito bom,2017-04-21 00:00:00,2017-04-24 09:38:01
cb80085b80dc764d150fa6451fb59c0b,31be4a9a42c356eb746eee159757c1b5,1,,"Entrega nao foi feita, e tive grande dificuldade para obter uma explicavao e tentar resolver. Ate agora ainda nao esta resolvido.",2017-07-23 00:00:00,2017-07-23 04:27:11
56a7094a3db56ad28e079d822ed04109,4b918a356d581c76170acb5f5644e79f,5,,,2018-01-10 00:00:00,2018-01-11 15:36:34
9463e3873a5f31e506398a2f98212e67,4e4d9ab79db69a4bd0d79833bfce91f3,5,,,2018-01-12 00:00:00,2018-01-12 21:37:39
aaba86dc8853de4e6322c989a76caddd,821c1b3c87d17a24efad81096bee5f09,1,,,2017-11-05 00:00:00,2017-11-05 20:23:22
1b9780cf2af2b20846912db6a6859b69,bbabf4c6280e517a671f1c96efcd524b,5,,,2018-04-04 00:00:00,2018-04-04 21:04:34
58d4070bd10f3197a9039f41a8d049d6,7c3737205cc106d15b37199a8a95d0d4,5,,,2017-10-20 00:00:00,2017-10-21 11:43:55
3ed65f14b04390c48cc1745e2464109f,e73ad39b2ffd755fc54d65195a8d87ab,5,,Produto conforme o anunciado.,2017-06-10 00:00:00,2017-06-13 00:02:03
d6d2cf5a4270e4420c5a12d827cd1f1d,d13f0023cb08bf6e41a2479ca897f64c,1,,,2018-04-13 00:00:00,2018-04-18 22:40:29
0478fffdb415786fe8c1ff9b578e36c4,b89b697cf1384ba59f3ce56bc8d28cc6,5,,,2018-08-16 00:00:00,2018-08-19 10:13:11
9719b08aaee5216a166f2c724acf17a5,7a16d8eadd3c788ef0386c78218da6cc,5,,,2017-10-11 00:00:00,2017-10-14 15:10:08
2cdc17c41219b649cb5b1ea1eca2db7a,0af058fb1b7b4ee95c3c2e1ccb9ef743,5,recomendo,"entraga rapida, minha mãe adorou o presente",2018-04-26 00:00:00,2018-04-27 11:44:48
4bb1ef78562973e974acec99a3272289,460eec79907c666bcac2d1a397907b2b,2,,O produto veio com várias partes quebradas dentro da caixa. ,2017-09-28 00:00:00,2017-09-30 22:28:20
b7f46a9cbbf6e3567d1bd5a5b346a38f,73cc28d48ecf54949b91163a0f7d3351,1,,Comprei e não recebi. Sem nenhuma notícia até o momento.,2018-03-04 00:00:00,2018-03-06 11:11:54
e8e6edf447f9c079f2b8ce4318ec3f97,6b3ff248b137a5f8d4efe61a1fd4ebbc,5,Muito bom ,Chegou antes do esperado,2018-05-15 00:00:00,2018-05-21 11:18:42
c02d52a1c2b3c35e5663347b2f4da4d1,5620e57611d71ee82bf1b40183f57bdf,5,,,2018-03-01 00:00:00,2018-03-03 19:59:15
3e496430d0408567c113c1d7872cfd4e,f3a09e33cafe9e30a8c3f9c8b6b2416d,3,,,2017-12-14 00:00:00,2017-12-16 19:22:50
94f490eb11546a453a643fc7e0716b6e,a1f4cd05945a0b268d626b4183922f03,1,,,2018-02-07 00:00:00,2018-02-08 23:04:41
2816250b5a3ff07220f4ca7cc652e5fb,ea7835f19dc6af291955d6e270d443f4,4,,"A stark mais uma vez está de parabéns pela rapidez na entrega do produto.
A Central Multimídia é a mesma usada no novo Corolla, na compra teve a câmera de ré de brinde, até o presente não instale",2017-11-10 00:00:00,2017-11-10 22:55:08
383c30fe15b6d0484c339ad1d3c4d055,a4887ea2ccd5e37945934525a9939e9c,1,,"fui enganado! é assim que estou me sentindo , pensei ter comprado um funko pop original e recebi um produto de má qualidade .",2018-04-07 00:00:00,2018-04-08 22:51:33
42df4a9a31b08aa5d16c6898504da82d,9f7474d5eab299f291d474286d5272ca,4,Muito bom.....,"O produto pelo valor ok apesar de já no primeiro dia de uso a Correia soltou.....
",2018-04-28 00:00:00,2018-04-29 16:36:28
6a95a53ffe3364d0f32e62266b4be69c,61722dfb39136f50e4e0d9d150176532,5,,"Bom dia,
Eu me arrependi dessa compra e gostaria de devolver. COmo eu faço?",2018-03-07 00:00:00,2018-03-09 12:10:24
3a3c90b129a06b3b7a38af0aca6bd0da,e7880483473ee0eec85a50d7052cde61,4,,,2017-12-13 00:00:00,2017-12-14 11:54:41
5314907858f212671086cc0f42225be2,4e075adf6d3b9cb5ae61093b5e61a14a,4,,"Adorei o produto, vendedor atencioso...produto entregue dentro do prazo estabelecido. Recomendo a todos os clientes das Lojas lannister.",2017-10-18 00:00:00,2017-10-20 15:05:54
9e8a5ded339c0360c42ee357a5057399,55a21991029dc5b9239c5bddc0f09e33,5,,,2017-09-02 00:00:00,2017-09-03 17:25:06
6dd414f9c4e81bdb8e0454186c41f39f,6ba0683fc45576a6050dfba5f9c41bb1,5,super recomendo,Excelente Parabens entregue bem antes do prazo estipulado,2018-07-03 00:00:00,2018-07-04 17:24:24
7bf3efcf2c85b3d56496806b13e7faa5,55a54184af6cdb5cbd95d124883c2dbb,5,produto maravilhoso ,"Otimo material, muito bonita e chegou bem antes do prazo",2018-07-06 00:00:00,2018-07-06 22:34:53
26d161266b96bd08d0515393d2fd8b98,0f187bdbef138399bae3eeee9ec1d48e,4,Boa,"Atendimento rápido, cortina com cheiro forte.",2018-05-10 00:00:00,2018-05-11 01:49:33
c7e2e5a4aa8902c20eaccd3e4228d961,65d1a82f9ce69290556d70fc555cba43,5,,,2018-04-27 00:00:00,2018-04-27 22:31:35
606d9b6eaef1c16a82734b99372e8f1f,7a58856993632824e92f700eff99340d,5,,"PRODUTO DENTRO DO ESPERADO, DE FÁCIL MONTAGEM, RECOMENDO.",2017-12-20 00:00:00,2017-12-20 18:40:58
8ef874edb4a804da84f99ce835b08f39,32d29d9903eaaae11d418d087f442fbd,1,,"Bom, o relógio é lindo, porem estou desconfiada se é original ou uma boa replica. Ele veio em uma caixa estranha da Casio que não é igual as que vejo por ai, dos originais que são pretas e quadradas.",2017-09-12 00:00:00,2017-09-13 00:24:27
8ca7dee51b8de008facd674d2b982396,83eb5fab753293927c17ab15fa582eaf,4,,,2018-05-05 00:00:00,2018-05-07 19:42:13
3a6ad9065ba2c84cea013db8d6f8f450,19f7ff7909a43930beeb928d5bd3a34b,5,,,2018-05-25 00:00:00,2018-05-25 18:57:37
1123a448c19307ec0b68c2533738a667,3eae45e1345a16673017c7c36f18ee34,5,,,2017-03-30 00:00:00,2017-04-03 12:23:31
130259da9e391eef7635203a2e744448,d43d694cf81ca89d8e50c6f3c199f0de,3,,,2018-02-16 00:00:00,2018-02-18 12:03:23
b285805db2b2e7a861d1324306e0eee9,8238c8981751f59176cb33a393282ae4,1,,"eu comprei dois produtos de 500 ml cada, recebi dois de 250 ml... ainda com o produto vazado.... quero meu dinheirooo",2017-05-25 00:00:00,2017-05-27 16:35:41
81118d42ae973d4a1c5a9398043098cb,be7cd2ed9b40294805a5db0da7b36af8,4,,,2017-12-04 00:00:00,2017-12-04 15:54:16
4a9d0e4acc123c8ae263602b2898cfa4,2e39e94b6b5f7944f872ba6bf39b758b,5,,,2017-11-23 00:00:00,2017-11-23 10:35:02
0db57c8dc9cc4e49e8eb216e9302df3a,28fa410eec232354726af94904c6fa9b,5,,,2018-04-06 00:00:00,2018-04-07 22:18:03
df99aafd45e84b6f1e1af43b31c4aad0,5f517c344edea684043f8c69608b7f47,1,,Vcs não entregaram a quantidade de produtos pedidos quero que enviem o produto que está faltando. Se não vou entrar com recursos legais ,2018-02-26 00:00:00,2018-02-26 16:09:46
970007ff72ec7d7eabe6e830a5775696,55d9bfb1379b4c4821e91dfebac30e32,5,,,2018-01-10 00:00:00,2018-01-12 17:49:29
e5edfdb16cde89e271b3de27ce8523dc,6d6783e9e03bc56ba0d4f018d45babe3,5,,,2018-08-31 00:00:00,2018-09-01 03:06:33
71ded019ea0880db36593add95f4ae40,67f6f18e0c687b98fa78c479f2a351f6,3,,,2018-03-21 00:00:00,2018-03-22 05:11:09
66a5545e97265b90d50a3115f8454dd9,132e2cd17bdaa2f84fc9cea118197634,5,,,2018-01-17 00:00:00,2018-01-22 11:11:48
2ec32def6f0397344c5aeba41e84fc2f,bdc19e734eab622dbbd2162a226278de,4,,"O produto foi entregue super rápido! Porém não foi entregue dourado conforme informado, e sim prateado! Não irei devolver porque sei que a demora será um transtorno.",2017-09-07 00:00:00,2017-09-08 00:59:13
f2051435c478ec6bc76f9fe798d4db0d,73de1db8eb6e493c5a6ed60c856a2076,1,,"Produto de qualidade inferior, diferente dos produtos da marca Kipling. e do modelo da loja oficial da marca no Brasil. Acabamento mal feito costuras sobrepostas. sem etiqueta interna sem reforços .",2017-06-29 00:00:00,2017-06-30 01:29:06
787fba7e27ac284c88e47e38c564b1ae,38ef39ee8ebc5f492b0253bcd1213dcc,5,Excelente ,Sempre compro nas lannister nuca tive nei um problema espero que continui assim amei minha compra,2018-07-08 00:00:00,2018-07-08 19:13:40
92955efe323a05c60c35c0d588941601,33f8dfc5a51063c31d7b12e9d43a45fc,4,Bom,Recebi o produto correto e no prazo. Recomendo. ,2018-05-04 00:00:00,2018-05-05 03:06:54
57c698915201f8338d657f3d618f780e,2430b57b60423269e56d188b55d8eec7,5,,,2017-11-23 00:00:00,2017-11-26 02:01:28
0e34b0f2fd35b3095a13cd2b505a5ea8,d9a17ac96892f32022fa3b979bfa7929,5,,,2017-03-30 00:00:00,2017-04-02 16:09:51
e1931d63d791308a89d01779dfdcccae,cf893eae56a00ef5d7a02f3db19dd687,4,,,2017-08-12 00:00:00,2017-08-15 00:08:51
02d7d3a926019bbc05c283ba7ee63307,54c7a05b85b8bfb331d77346f1241e49,5,,,2017-10-27 00:00:00,2017-10-27 15:44:34
859cd3c43a3505dc1ce6cf1fbf2ebdd8,c10f283ced7431fdfdcc159b12344b11,4,,,2018-06-19 00:00:00,2018-06-20 11:46:22
7c04763ce9a9e92b5ab2d40676c8c515,736a0ae761142f7a26c946edd552125d,5,,,2018-08-25 00:00:00,2018-08-25 22:40:14
bf75b872db7b09bae599a3150fbdb0c3,2b0991a89bd6f0e75a51275d3d1dfe71,5,Nota 10,"O controle funcionou perfeitamente. Além disso, chegou antes do prazo e com nota fiscal. Recomendo!!!",2018-08-01 00:00:00,2018-08-05 10:42:10
b1a9ee5fbe0b797ea06f8fc427b81957,dc554659515cf551660a23d201582805,4,,,2017-12-14 00:00:00,2017-12-16 22:29:08
127f0976a38e995a99e4188325fa83a1,628923e74a955e432c826a2e0da83406,1,,"recebi o produto mas pelo que identifiquei é falso não é o mesmo que está anunciado nas fotos, muito chato passar por Isso, a lannister deveria ter um controle mais rigoroso com os terceiros ",2018-06-06 00:00:00,2018-06-07 02:12:43
fbbade9a99a9685417d2db87b356333a,1612d79764f7941116acc8be4239906b,5,,,2018-03-23 00:00:00,2018-03-26 15:53:53
f4309ce5f8066b7360624e3231f84f5d,020550d9cdfb7110d07fd1a1f8937c6e,5,,Otimo vendedor ..,2017-09-19 00:00:00,2017-09-24 21:23:37
86fe5f0bb89b9af6e1ecf749240a920b,0a457a7e838f772d804eebe8d6261ed0,3,recomendo,"eu queria dvd player e não gravador,foi um engano",2018-08-11 00:00:00,2018-08-11 23:15:23
f4e8482eb8e5fdffd18621e2b496b8b2,efdd6716d5125862a11d4e354bd4ec3c,5,,O produto chegou perfeito.,2017-08-05 00:00:00,2017-08-06 12:47:38
9265a9f3cb371689b216b829f132db88,771d0ce9e2f9b65e92d4acec6372d453,1,,,2018-06-16 00:00:00,2018-06-21 23:01:04
c2d7e7f7efc236da4c6e3fbc170ee0bc,f28950936ddcde93718b2be1097aed84,5,,PRODUTO OK APENAS DEMOROU MUITO PRA CHEGAR,2018-02-01 00:00:00,2018-02-02 09:30:38
0e8dc635c9ed61d3f982754b8f368db8,30ebb82a012b4f82c32dda68a80a0622,5,,,2017-07-27 00:00:00,2017-08-02 19:16:03
42c5a94d8d1d9b6d72c18484a32f8b7b,f31b8a3ba0d40cba425c9bd89c69a3e7,5,,Sou cliente e minhas compras sempre chegaram no prazo,2018-03-08 00:00:00,2018-03-13 20:31:34
e03ddb780f58718de898223355d8b3f2,d1d9e82abdaaa28b562b48d23f5e8203,5,,,2018-06-06 00:00:00,2018-06-07 19:27:24
44752976844ca643c572e1da65ee1d6f,3f6484ca65eed5c701aa5e348623537f,2,,,2018-04-25 00:00:00,2018-04-25 09:35:55
7c3b28d5a6fc45adaac182004aa52f92,9a2aea98195abe63f00cac10a20fa8b7,4,Muito bom,Ótimo produto,2018-05-04 00:00:00,2018-05-07 10:05:43
841e62e7a3a44d4553a838b47a44bae2,425de35c38a6fbe5030783d1ebf2b93f,5,,"Nas duas últimas compras fiquei satisfeito.
Eu havia ficado anos sem comprar nas lannister porque havia sido atendido muito mal um uma compra de livro. Agora sei que posso voltar a confiar.",2017-09-12 00:00:00,2017-09-13 12:15:54
994c3a4e9787edfea1c9ac777fecb10f,99687fd750781ecf475d632c33a533ee,4,,,2018-03-07 00:00:00,2018-03-08 01:45:17
d02df2d850fcaa8c9974d85f0a6b13d3,14c981a2e9e98dbc3eedc6084803ef1b,3,boa,...,2018-06-26 00:00:00,2018-06-29 00:23:54
664afb189b16adb04d16ae13cc77270a,82383d6d5aa835a4c02cf0c9d56895ce,5,,,2017-04-11 00:00:00,2017-04-13 21:16:37
ec24c76522e956acbbc5bdd0af71a9df,28f8288537a74aeec728c4d0119a3632,5,,muito bom para se adquirir produto,2018-01-17 00:00:00,2018-01-22 19:42:04
5793effe839f9aae3ad745b4a4bb0a4b,cba6084373248c908b641d3fea44ab42,5,,,2018-03-06 00:00:00,2018-03-10 02:21:46
2c0a757b88944839b2c0dc8fb18bdea6,23cb56e66a2abb69511896a6aef2aa67,4,,Só atrasou por causa dos correios,2018-02-22 00:00:00,2018-02-22 18:29:52
838db37cba28a7da1e29f7938eb1028a,b8ec4e11fac601907005c18a78ccbae7,5,,,2017-08-18 00:00:00,2017-08-21 13:45:02
65c77963efc8184c39f2ff3d9697460d,24cb2cb9a2ced76369e359626d439ad8,4,,,2017-02-22 00:00:00,2017-02-23 12:12:11
8c25d25b01f527ce0ff68cbd9c18725b,52363fd30a7df27f6789c3d086f4aa0e,5,,,2017-06-29 00:00:00,2017-06-29 23:42:32
b30291945c6da1b6bcfb0fcf7ab2e9f5,d2a113300be1ad556e4d030e6b83a0e0,4,,,2018-01-20 00:00:00,2018-05-15 11:27:37
db5ba450f7c5236936f57c0e7e20fddf,fb34958eef73f87fb9d50297c5cf14d9,2,,Estou aguardando,2018-01-31 00:00:00,2018-02-01 12:23:39
db38c99e5072d2dbe3f269ec6d8bff53,d6e756dd8b364b5d06ceccb3f72e3d23,4,,,2017-06-13 00:00:00,2017-06-16 01:35:46
e4f3366ad697f7c6ea4f023c43a26f4c,5b71dc5aa10d933a7c579eadd1da1894,5,,"Produto perfeito, exatamente como o descrito.",2018-08-04 00:00:00,2018-08-04 23:35:18
7c2e90f1dd4fd440e32977334a4fa99b,5001ef7f5cc08023f39a4f6b7c09b5f5,5,,Ocorreu tudo certo produto muito bom e entregue no prazo,2018-05-22 00:00:00,2018-05-22 23:17:07
39c7c7c43f5999b4c77d524a8d087020,5a14c8b3d919a4ef3f3428b0459c47b2,5,,"Produto top , veio no prazo ",2017-06-28 00:00:00,2017-06-28 09:47:01
28a4d4f089cf2cd3c01a8499eba30d17,a81adc3e4219d4699da549a75107de87,4,,,2018-06-04 00:00:00,2018-06-05 21:05:14
9ad99505b50211454c004ed34259f433,3ff3e0241cd468153cd4ab4f3f20a04b,1,,"Relógio falso, difícil de acreditar que as Lojas lannister compartilha dessa picaretagem",2018-01-13 00:00:00,2018-01-13 20:17:31
869af40c8358e6f03b1bbda5785870b9,7c37777bdd8b3124246796439d94e8de,5,,,2018-03-16 00:00:00,2018-03-19 00:04:27
569bf10e0f0d15891fbd7b5377613786,9aeb1e41ad6d0b90e6342fc5bf592276,5,,,2018-02-17 00:00:00,2018-02-20 02:10:13
b963d99f58884549580bb91b0d8f2480,0d3361c2f225ac28b02f7a5492ed73fb,3,,"comprei a mercadoria mais a mesma veio sem N.Fiscal, sem Manual de Montagem, braço veio lascado, o tampão da mesa todo marcado com riscos e algumas madeiras com sinal de mofo, Solicitei a devolução",2017-12-09 00:00:00,2017-12-11 11:10:01
60f8471f1ae77db5d25c850c0a39bcb2,d2f67144a4e6d027140260ae9ed6b648,5,,,2017-03-28 00:00:00,2017-03-31 12:23:05
6b8e67a6c6c4c869692a559870db5533,15c678abbfb30046bbc527e08721f88a,5,,Obrigada ,2017-05-06 00:00:00,2017-05-09 09:14:37
021e605d779a6c5da464a762d8450a6e,5529158408e1c0b045ebb99b4d2fc5ab,5,,,2018-01-31 00:00:00,2018-01-31 16:38:01
6bdd79d68fa4e32e7828a66748c5d9bb,dd800b5dd3395650111f9a4539000e7d,5,,,2017-12-07 00:00:00,2017-12-12 21:39:18
98c9450444be51bdfb63834ca8ce3dbf,73f768dd000b1341143872a8b7495ee6,5,,"Estou satisfeito, cartucho original, chegou antes do prazo, e o preço muito bom. Recomendo",2018-03-13 00:00:00,2018-03-17 00:31:27
4dbd4a4957c3451e83db545a8db01fef,d71107a6731127052448382e44f602ad,5,Chegou antes do prazo!!!,,2018-08-23 00:00:00,2018-08-23 20:42:30
6d5f1024b9dcf7d9e88f29cdcae71ca5,bba8e34d12ba008b7eb35407029a9ef2,5,,Execlente produto,2018-05-16 00:00:00,2018-05-21 16:41:48
d9f48969bd4cbb66c4daaebb6fc02ead,0d3e289cfc790ac7f02c3445a077d569,4,,Nao testei o produto ainda. Mais pelo q parece esta td normal. E chegou antes do prazo estrimado muito bom,2018-03-13 00:00:00,2018-03-14 21:09:32
1816d18bd34b1b63c387a81072eed249,e311f8fc30348d6213964a43f70f87fb,5,,,2018-04-25 00:00:00,2018-04-26 00:23:40
b21c41c4ab30019c692153c6c0174117,9900cb70a170fc8270433a79b6cca56e,4,,,2018-05-16 00:00:00,2018-05-20 13:36:45
4d0c25b40954db4bbb578816b108e255,fad32fa5c9e17b0d55a6afb8e54bfbfa,5,,Muito rápido a entrega antes do prazo!! Recomendo ,2017-06-23 00:00:00,2017-06-25 15:10:33
dc40db0d0dab1cfb433109c923384840,b5781a5976dad5a78067d528713ef47e,5,,Extremamente satisfeita! Recebi meu pedido duas semanas antes do prazo previsto !!! ,2017-11-01 00:00:00,2017-11-02 11:44:03
02b524a380f306e224247ade062929aa,2ffb8e2050ae93716f72226de572ab0d,4,,,2018-08-30 00:00:00,2018-08-30 18:24:46
ddb3a4c9c0dc5ead130ca903e9806687,943dc313319b98a46f1aa70d59b68715,2,Recomendo sim,Recebi apenas 1 kit de quadros. Estou aguardando pelo outro kit.,2018-07-07 00:00:00,2018-07-08 16:22:03
4fbe5b7fa603dd1c5fa8fe479f864bf5,a6f118bcb8721211afbb36e4a1e63610,5,Ótima ,,2018-08-19 00:00:00,2018-08-19 22:24:52
5907db64dd9ab47d9058b074db27457b,ff14a3e36b78f407a4e8402572e4edfe,1,,"mercadoria super atrasada
não recomendo ",2018-02-16 00:00:00,2018-02-16 11:25:07
5bdd60c7d3fba5bea23c471e59e2e603,7c02295a038b0494bb117c4bb60bdcab,5,,,2017-12-23 00:00:00,2017-12-26 16:47:26
a38b8d76ae4c510a3d4e7ce019611fe4,57c38272c5be87d337e47ad5f1d88343,4,,,2018-08-11 00:00:00,2018-08-14 00:56:49
3d97593b947db3a8139764690092ba61,318160e821f4c754080f46f95afc1ded,5,,produto de ótima qualidade. ,2017-10-31 00:00:00,2017-11-02 08:17:29
4cce24865bbfa1156064b605a9abe906,4ede14dc839603196ec790137877bf71,4,,,2018-04-06 00:00:00,2018-04-09 13:13:19
1eba5481f234ac9884bd46f7e75df698,ad6245e3de2fc9824e89ff26e5274afd,5,,"Chegou,antes do previsto e os pincéis viram como prometido ,achei eles bem macios ,eu amei ",2017-11-08 00:00:00,2017-11-11 01:45:51
4fa7156d5b704f6d5a3c3f8a93084829,ed913f2f9db29736f6ef22c4446abdac,1,,"A descrição do produto não foi clara, imaginei que viessem juntos os protetores individuais dos cardápios, mas veio apenas uma caixa. Solicito a devolução do valor",2018-03-14 00:00:00,2018-03-17 11:26:30
83aed4d0e8e9080495da629a37dda41f,ab624383f19eac12ba7d277b58378c7c,5,,"excelente produto, entrega rápida!",2017-02-19 00:00:00,2017-04-04 11:34:26
ac7c559d01721a5f6f0ef92bdb23930b,fe456fd2155744fb9a7180989d61c30d,5,,,2018-07-05 00:00:00,2018-07-18 12:45:24
f1235f3d2dfb7dedf8660e9d4bb3569b,0d9e44ba18b82a7d8e8a9e61681a3e2a,5,Excelente atendimento,Me surpreendeu porque recebi o produto com antecipação de mais de dez dias do prazo dado para entrega. Só tenho a agradecer a toda equipe muito obrigado e Deus os abençoe .,2018-06-08 00:00:00,2018-06-09 11:28:55
b2038db1de793712d98dc3ce5a48bf8e,8c49dc4a643a15ef1db44391d2034366,5,,Excelente ,2018-08-04 00:00:00,2018-08-04 21:16:35
6d86f0c749e44e9fa4eac6c52e886e80,75d592e235731df502636b3cc6c7d1f4,5,,,2017-08-17 00:00:00,2017-08-17 21:24:09
a46d6774831fa7def3eba28df0a7d674,aa1d1ca97c168f757ed08fe8a76225a1,5,,,2017-08-26 00:00:00,2017-08-28 11:50:31
8d21b1eecfd66af9975a8b9a54b7752a,465b896aa34a4d4f8c359165ee6f066c,5,,"Chegou antes do prazo, eu recomendo",2017-12-01 00:00:00,2017-12-01 14:45:25
471a14f900dfc0e51cde48db8a73b114,a5d3eeeb605f6e2ce95e590543148234,5,,,2018-05-16 00:00:00,2018-05-16 21:48:29
6c1032556fdcdc3bd59e394ede70a358,4316de0cfc625ab7e99d370f8916b0d0,5,,,2018-01-11 00:00:00,2018-01-15 12:03:58
8e9479fd3d906092b67a55db321d1271,e1f19495005161ca887eeb4b7cf3332d,4,,,2017-03-25 00:00:00,2017-03-31 05:35:46
f03322dc3f524cf27246de4ac905e614,9c52d66642ca34c532ad03fe4295bfe7,4,,otima loja ,2017-07-12 00:00:00,2017-07-15 14:39:30
986522492c0fad06bb799090910ef720,33d4257aa190f034f74c6626a12b6e53,5,,Ótimo produto dentro do combinado!,2017-10-04 00:00:00,2017-10-05 00:51:41
cdbcda9699fc006ba381d836bf743cfe,5d4823ead7848e3fcf42c8fe91cd697e,5,,Tudo como combinado recomendo ,2017-04-08 00:00:00,2017-04-09 12:14:58
15f0faabca35ce50fc7a3f25b35a8264,49fa096844c2241fc5db183cc11bd550,4,,,2018-02-23 00:00:00,2018-02-23 20:33:27
5b5db98984c99b91140750ad98f1a254,bfb517ecdbd8ef8716f682931140acb0,5,,,2018-07-24 00:00:00,2018-07-24 23:11:04
da9bda828bea2b6118b7a0d32e32ba55,f0dbbeed3a0b658b884893bcdde5e4d4,5,,Td ok,2017-12-22 00:00:00,2017-12-23 10:47:45
308e5d5a0272e1885531c3f00f72890b,38d1820172173a03d8163d806d3fd926,5,,,2018-02-21 00:00:00,2018-02-21 20:42:23
ce49e79d45a094c06a6da56cbc3a3ab4,133a94aa41cab8ad1d4cf02c2636b9cc,1,,,2018-08-07 00:00:00,2018-08-08 12:38:02
da28c29444831884a57ba0330501f1c8,2ef077f0887173cd2d434c424d15fa21,3,,,2017-05-10 00:00:00,2017-05-15 15:26:42
c440ab7b9d0ead9d63b5aba604409477,0af3a5d2e6e65075837ef5ceb5c167ab,5,,Entregue exatamente produto que eu esperava. ,2018-04-12 00:00:00,2018-04-13 10:52:50
416611b0c38d77883b50b95219297ef6,2261ff9e6868359245db75320f7e768c,4,,,2017-12-05 00:00:00,2017-12-05 20:39:19
095e187f782ddc4f7c31c62e8d4f8d74,b9537572afb58dddb806613be382ad05,5,Eu recomendo ,,2018-07-24 00:00:00,2018-07-27 01:45:28
cbc6f7cd85fd98b26a724ccb2e9c74b2,bc0e690ee61ed479d110f301bd4e6b5a,1,,"O produto ainda não chegou, e não tenho nenhuma informação a respeito do mesmo. Total descaso!
Na rastreabilidade aparece apenas ""dificuldades na entrega"", sem dar nenhum prazo...",2018-02-21 00:00:00,2018-02-21 14:35:16
a952bfb2f1aa8f5d267501e558deb81c,167b62d7c79628cf5f36776281be5731,4,,,2018-06-28 00:00:00,2018-07-01 13:42:02
c78fbedacdbcd613a7cf581ae7285b44,f0c00b0c02ed4f14f20fad7c26002b9c,4,,,2018-03-17 00:00:00,2018-03-19 04:19:14
1c754e6596e9c6301abc7f438b4d09aa,68354b9bbb79df0863b0138440c9e1b1,1,Produto errado,Veio outro produto,2018-06-28 00:00:00,2018-07-04 13:11:19
784fcba302447d6fcb46bb3a10cf9eab,6e4aa96643864493bb291057da474fbc,4,,Otima a cadeira.. o problema foi que veio muito suja!,2017-05-21 00:00:00,2017-05-21 19:22:52
5a6a12355262db5e023eed5fa8776534,904bb8d83ce0a924807b5d34e698a439,5,,,2018-02-23 00:00:00,2018-02-23 23:20:15
9e097108f65eb99b7bdc8ba10186bdae,df54015966b3fa00a42222b5a0e21348,5,,,2017-09-19 00:00:00,2017-09-20 22:34:25
193ceae3dafd21d6b4f902785799b791,8341e99159d0cde5b28d7915b011ce2e,1,,"Já fiz reclamação e até agora não me atenderam. Paguei por dois jogos de lençol queen , veio na nota 2, mas só embalaram e enviaram 1 jogo. ",2017-12-22 00:00:00,2017-12-24 21:14:55
ac23356cd38c5cdf52c0f7b7a871d387,f644bc7cdc4cf0854f50017d5ccfff50,5,,,2018-08-14 00:00:00,2018-08-16 23:55:42
187c479776748e10cce0f25c3decf650,ca3e0f1e4ed59d1d4462cc278dbc3130,4,8,8,2018-05-05 00:00:00,2018-05-05 20:46:57
a88df29c9458b83ab24ae56aa9a62853,550ab3611f668c6d97e8d17e4ae901e2,5,,,2017-10-27 00:00:00,2017-10-27 15:22:02
70d3d19c1f6e51e0d1d32f861c94b69e,1a7a280eca13140d779d2f43ea48c15f,5,,,2018-08-23 00:00:00,2018-08-27 15:40:19
d73f4c51d231c8f7f674c50292314e7c,e53516f14e3cc830f4afa84315707e9a,1,,"Não sei o que aconteceu, mas ainda não recebi o produto!",2018-03-17 00:00:00,2018-03-17 10:02:06
bb4e315f83f5b3a303dc765aa2ad1913,b245dc19b0a38d68e93c0901025e08f8,5,,"Estou achando muito demorado há entrega, ficaram de me entregar até o dia 02/02/18 e até hoje não chegou ",2018-02-07 00:00:00,2018-02-07 21:39:49
db05c09d2ee236a0e48cb994eaaaa3a4,17b64a39e956f1ff14d42a2f76a37305,2,,Muita demora para atender solicitações e demora para envio!,2018-02-09 00:00:00,2018-02-15 16:51:52
0d0cbf534adadd194f2b747effc6315e,3158067c30c82428202611ba4ee5d977,3,,,2017-11-27 00:00:00,2017-11-28 22:49:30
b01bc412201932022e6242e076634a62,8f65131225833fbebbca5422422026cf,5,,Bom filme ,2018-04-14 00:00:00,2018-04-16 18:55:43
393e3e4f8cf0a8a35f4047ca242c6f7e,746304a164de98f57cfacf32e67b9af1,5,,,2018-05-09 00:00:00,2018-05-11 22:49:50
e227eaa3a180c7fa254458f34034a96f,e4406088398131aed8c21c5a4ec3442b,5,,"Muito bom produto. Design,material, acabamento... Lindo",2017-06-20 00:00:00,2017-06-21 12:42:20
0b9c691d8b75148de5cacad5cfd2437f,3dd189079200a1a247bc4a01d16e7ebb,5,,,2018-04-03 00:00:00,2018-04-04 01:16:07
0cc81e3bdcdff1bb9197aaac4c97da01,2d2eb6ad8cd92fe5705aa4866685cb95,5,,Muito bom ,2017-09-26 00:00:00,2017-09-26 23:46:50
a4bd31b5d1d6c8a81487d9bb2f0b1d42,3475576ebe7b1d8daf3201dd20dbc98d,5,,,2018-07-12 00:00:00,2018-07-12 23:58:52
00d62a742ffd40c8fa3b10a3de3907c5,d463e4364316dbd023b1db62f1117693,5,,Bom trabalho,2017-09-02 00:00:00,2017-09-05 00:23:49
165f2d33fe7462bece2b7c0de2d97904,c1bb3ffb1aeb6afbe42101499bd15708,5,,,2017-12-07 00:00:00,2017-12-08 00:00:16
a7f15cc55ca3615ab37bd46133d4c60c,67e7cace5deab160cedd95c80e6f60a8,3,,,2017-07-28 00:00:00,2017-07-29 14:09:15
fe60b3513340c14998063b0a90e875c5,e5a8f99e473fa6880bc2672805460e4c,5,,,2018-01-20 00:00:00,2018-01-20 20:45:41
5cf6cd19b72bc84f3249e5c1ccf0a4b5,89bbe8cb725ec2806d48d291eda86d93,5,,,2018-04-25 00:00:00,2018-04-27 15:58:35
ea4b6fffceb78df2ee35e458bfbac45d,e8aed7e2732f05f26379ccfdd493be62,5,,,2018-03-30 00:00:00,2018-04-10 18:47:00
e4fbd692345895fbb2c50bfc9220aeca,ccb3e2fc8477b6fd3e3edf0dad0211b6,5,,,2018-08-11 00:00:00,2018-08-13 09:06:29
abfb9e0e9bf79337b86df9c59271ca03,5a2de8e8fb6ea695b64d70e0adf68c45,5,,,2017-10-14 00:00:00,2017-10-15 06:00:45
4e9ac6d22aefe20849b6ee4016ec9ffd,221075271fec0f4230ccfb754b0282d0,5,,Recomendo ,2017-11-07 00:00:00,2017-11-10 11:42:59
bb82f80971743c644a9907baf826fe92,1ab4c41692b49393c880bd70c3cbc09c,5,,,2018-05-18 00:00:00,2018-05-21 13:34:16
0511dba4d2f4828bb6053e45cc8a5d4f,b99b5f149263f07c55586983071c466e,5,,O Produto é perfeito.,2018-01-09 00:00:00,2018-01-09 20:06:37
1a6dbc128e5ca2e756a7f4648e75c581,4a580bca631a940ffc9e25c96da01773,5,,,2017-08-25 00:00:00,2017-08-25 11:15:52
305a7134b0d629f95b239882d5662e19,a5e045a63fbea3842f888a42153c61e3,2,A película não serviu.,"A capinha ficou certinha, mas a película é menor que o celular.",2018-06-22 00:00:00,2018-06-24 17:07:20
da2b00d6b04c450d029c3859f0005cdd,fcc46438879834c9c223c5fa0eb0ea51,4,,,2017-08-12 00:00:00,2017-08-12 19:28:10
8ed7d97d70608f7d97452b186f173a7f,b38103e665600114e3155ab60ee0ef70,5,,,2018-07-28 00:00:00,2018-07-30 23:01:21
8e619dbd8927a7eef37b0d1308b44a3a,46bccbbbcccb1a8afec60c3bcbd287b7,5,,,2017-09-01 00:00:00,2017-09-04 00:22:32
36bc04e5cc16c5327c2f6f161b41c9c2,673414c4a1bf9b72b8b6ff0d9decdfc6,4,,,2017-08-24 00:00:00,2017-08-27 00:01:16
f58640f66f973104d3dfb7afff467003,fa479c8466485b9cb8b97b916885cd56,5,,Tudo ok.,2017-02-25 00:00:00,2017-03-02 11:13:34
447e8f1c1d1f5c33b686abaaef12f1bf,e317f41180b8a6fa3ce86b6fba6ac3fa,5,,,2018-07-06 00:00:00,2018-07-09 16:14:56
5bd39ef8f3c59cbc9403c8b4527868ff,2343d4a98379202b11d3ec66c322ab57,5,,,2018-04-06 00:00:00,2018-04-07 09:03:16
c5e7f2a0343daa2d502c2318af775e6a,779078ac80552fa400b11c285d16e4fa,1,,VENDARAM O QUE NAO TINHA E ATÉ AGORA NAO ME RESSARCIRAM. CANCELARAM O PEDIDO.COMPREI EM OUTRA LOJA O BRINQUEDO,2017-06-30 00:00:00,2017-06-30 19:15:21
99614ec8951ae98da22a3d88274b42a0,e29802498c81638fb4377d7c7137031e,1,,Comprei dois telescópios e só foi entregue 1.,2017-12-02 00:00:00,2017-12-03 16:53:05
70e5ba00cca19825ddc73afcc2e701fa,07083f97580544bb7ba3372759150f49,5,,,2018-04-05 00:00:00,2018-04-06 11:27:58
8d61b77c0ef7033eb688f974db5b3b50,7243abbcc141cf4109c70f6bfbd736ca,3,Nao chegou completo,O produto nao chegou completo. De 3 itens só chegou um.,2018-07-28 00:00:00,2018-07-29 01:24:53
47fb46ba5e3f1ea9fd5cb1766fe7bcf0,84dd6cd22bdbdda569398dfc0eb7decd,4,,,2017-05-25 00:00:00,2017-05-28 11:47:04
5921c0c122e9df87b93b4b859ec49d27,62ec95c28bdad381f6883f48b00a534c,5,,ótimo,2018-03-03 00:00:00,2018-03-05 11:23:18
4ebbbdccb0ff39f5bdff2bb855eb6311,89e9e2248c46410c319d535f06a23346,5,,,2018-07-28 00:00:00,2018-08-01 00:31:58
1af7ff2a3ede26c804410983350589fb,56430e0b9968b381942760e433583b27,5,,Ótima loja e excelente produto!,2017-03-09 00:00:00,2017-03-10 01:04:02
697aeac01fa08c4052ebc350a43d2e16,bbcbe43eab7a6c93f7f05992378953d3,5,,,2017-08-09 00:00:00,2017-08-12 03:57:00
db063abaea1a4d01e4b3587b9ce61b4e,e7af9428d8b5d65f0fd7d3eb98595308,5,,"muito bom, recomendo.",2017-10-17 00:00:00,2017-10-18 12:54:20
ecbaf1fce7d2c09bfab46f89065afeaf,a67f04f0a3022835f86664a0070fe36e,5,,,2017-07-27 00:00:00,2017-07-28 16:57:18
6565cf2b928c36a1f50a9369057020fe,92b6250c9e1d1e359a29929fa9f62395,4,,otimo prazo,2017-09-29 00:00:00,2017-09-30 00:36:15
79308f9a8d20f0832ed70a69b73f832f,36f3f1d96022b41043bf6db3266453cd,5,bonito mas...,"Bonito, porem bem pequeno",2018-06-12 00:00:00,2018-06-13 19:58:17
94f41a3bd09ed03b8d623da73137333f,a103bbccbbeb3e1d8354f83f08ed2667,5,,,2018-07-04 00:00:00,2018-07-08 18:49:10
3e4632d562df081a186b3866aa311209,6f49fb747ca8c80ada6f548897fe134f,5,,"100% entrega rapida tudo direitinho 
",2018-04-05 00:00:00,2018-04-06 01:50:28
3d40f09d2058b24e8346887bfe000a10,5aaba6681a3a926180ccd6ffaeaf6bd8,5,,,2018-02-28 00:00:00,2018-03-01 03:08:02
e5df19ca868612fcd68b1c51c32d0b64,e8cdabb3d52699bdfdff098478ad1a02,5,,,2017-12-08 00:00:00,2017-12-09 10:55:41
3d6bfefdd379aca2da6257d87591f0df,bb45e059db1abcd5cedfdacadc9abd5e,4,,,2018-03-22 00:00:00,2018-03-24 19:04:59
04155918d12175d572c8f4480e067da8,49bbb428c234dcf31c4d66d4e8e1c04c,5,,,2018-05-06 00:00:00,2018-05-10 15:46:21
85dd73888edd0536e8f8700487955318,21c03a286e71d3afc682942e4c8eb2bf,5,,Super recomendo comprar aqui,2018-01-23 00:00:00,2018-01-28 21:45:29
f6b6c285955f5ec9f307c5205fcbeaca,fad93ddceb5b210f71589b1e9258a110,1,,,2017-03-03 00:00:00,2017-03-04 03:29:52
692cbf724b58d7294d2172ae5bf13e4c,bbc13e09a09a77b4f6ea6a981a399473,5,"ok, muito profissional",,2018-06-06 00:00:00,2018-06-06 19:59:22
1e4ff67048c6ba97fcbdd49b03f3ff4c,04e2943331164044ec43de08763717eb,5,,"Tudo como imaginei, tudo correto!!!",2017-12-16 00:00:00,2017-12-16 19:43:23
f501e6b6e3167a5c8a37c537f261f3c2,90b22de691552b213f33c2a25c74c413,5,,"Gostaria muito que me enviassem de novo o produto porque ele foi roubado , não queria ficar sem ele!",2017-06-02 00:00:00,2017-06-04 11:05:03
99402e9125456f00cde89ef0724ff581,9822680d395506e5602b3c1ea555aa61,4,,,2018-05-01 00:00:00,2018-05-02 09:07:15
bf2a8c08fce8d7e5289794977b7232b3,32510b081654e6d2e96fad5a6525660f,1,"Péssima loja, não comprem",Simplesmente não entrega o produto,2018-05-27 00:00:00,2018-05-27 11:07:26
e1ce9c8fd1ebbf4f26888c6512e22037,9ce03263783d6de468ef6a6debdbe92a,5,,,2018-06-17 00:00:00,2018-06-18 18:52:20
92aa1f61c444600786bed7270fc8a088,f44bbaf60b84b0a7fd51994bb8dfc090,3,,"tirando alguns problemas que já tive

ainda indico",2017-10-21 00:00:00,2017-10-23 14:24:36
73baa1270fbabcd8e7da2044e887eaca,343ee80178e16012130cb0007eac5888,4,,otimo serviço,2017-12-21 00:00:00,2017-12-26 00:16:38
98bfdf333b8b7aeed8ba57d4c992f110,7cb0462fe3de278ba58f5ae3e6bdac4d,1,Produto com defeito.,Estou solicitando a devolução do produto.,2018-08-22 00:00:00,2018-08-26 00:19:45
408b161af0a7102451fb96b13ae2d9c7,69602d7086bce76ef900a362fa5304d2,5,nota dez muito bom,gostei do produto,2018-06-06 00:00:00,2018-06-13 15:00:32
1c947391350a78a664a64e65ae0f4b4d,c00634be8f1613b3019605c2cc96d06b,3,,,2018-03-27 00:00:00,2018-03-28 00:11:41
be759790f3c6642cd25bf8f091733ca9,24d4bff2b51955551d358847eded0c52,4,,,2017-09-27 00:00:00,2017-09-27 16:35:33
eec182f6c522c3cb424509be48197d01,b6f5abd372e047f666f90ef9456c4eb4,5,otimoooo,adorei a compra chegou 15 dias antes!!! super recomendo,2018-08-25 00:00:00,2018-08-25 22:46:45
4d8867ff7137ac97e189147b4fe4dc86,465e35e9d79f4b18d9c506b78cf86c62,5,,Excelente produto.,2018-07-13 00:00:00,2018-07-14 02:59:09
bf53a0a9f185ac5a6d3987f653085dc1,0c8675dc2e52ab52977a76d810e45303,5,,,2017-02-02 00:00:00,2017-02-03 06:21:53
7cf91d37c4b71dcb2fcd2c8e93ec6a53,63bb3cc42964994be6481295c706c8f4,5,,,2017-12-22 00:00:00,2017-12-22 20:11:55
3b03d9a1be5e8e59f879847d6e06fa5b,ae274c9d0348b7a98af73fb40965100d,1,,Os Correios entregam quando entendem. Só sabem fazer greve.,2018-04-04 00:00:00,2018-04-04 08:27:02
9022ab580a7058b50c17a4ad37212bc1,8d3882299a9f08603a9617dad43be00c,5,,"foi entregue no prazo certo , porisso que compro sempre no baratheon empresa super seria . brigada pela atenção",2017-11-24 00:00:00,2017-11-24 20:37:00
cb44e7ba6bacbf6f348aec2b9ab56790,4f62d593acae92cea3c5662c76122478,5,,,2017-07-22 00:00:00,2017-07-24 12:52:56
1df09b16924092b4e2129e364134f178,cb7f0cda95b4c257c28e22496c219f5f,5,,,2018-05-05 00:00:00,2018-05-08 13:24:25
a67f7714d7ab53b619eb3347fb23ef77,02623e799dcc1e41066ddfe4af591f24,4,,,2017-12-24 00:00:00,2017-12-26 16:12:15
dd75ca42c1ceee18135d8d9ac6e0bd59,3c54c8962d6cafc1d74f293b4f025483,1,,"das 5 canetinhas só duas funcionam tres não saem tinta
",2018-02-15 00:00:00,2018-02-27 17:50:10
d45f2c70758a7ec4226a74b0966de26f,e9fb88ba8cd6b5d1e4812dbe24d2e893,5,,"Produto de qualidade, só achei que a cor fosse azul é verde, fiquei satisfeita com o produto. Obrigada 
",2017-11-09 00:00:00,2017-11-09 21:35:34
a21110b49f3ddefcd50e591273e2f537,21d5a8c3c47b36c7e6a5d06cd1a89087,1,,Atraso ,2018-03-28 00:00:00,2018-04-01 00:59:27
8e2adab5dca29084338ceaa0b90140a5,20682401f377f9713842c128b03fc43f,5,,,2018-03-01 00:00:00,2018-04-10 01:53:25
1430db106d12987ed61a13100ddb5912,431d5e312bed6ff804f464a5e0c63cf8,5,,,2018-06-21 00:00:00,2018-06-22 21:26:52
5c1c7909af7258260235af6e716f8379,968daeb20a9a0e6c8433cad2c886756a,5,,"entrega rápida, muito eficiente ótimo o trabalho",2017-08-06 00:00:00,2017-08-08 19:37:17
56e6b1847bcbc5481149f5ce689774fe,aef74ec8efdbc859026336c7110b4886,1,,"Na descrição do produto diz 100% algodao e me enviaram 80%algodao e 20%poliester, depois que fechei o pedido eles alteraram a data de entrega. Depois que reclamei, recebi o produto. ",2018-01-18 00:00:00,2018-01-21 22:58:44
cd0a5755cc31093d42768364f240ab74,2b7737f7accfb9e2ee360963a202eaf3,5,,,2018-04-24 00:00:00,2018-04-24 20:26:47
ccad2588c789ea03f956010cc255c87a,115cf7c242febcbed832ad6d631db40e,3,,,2017-05-17 00:00:00,2017-05-18 11:15:27
1f5307f95222f2bd117cc36ebc399595,03a312126d4985217afef2625df60af4,4,,PRODUTO CONFORME ANÚNCIO E ENTREGA ANTES DO PRAZO.,2018-04-20 00:00:00,2018-04-23 12:11:21
53de55a9b8bac8dd6179d5ca417533cc,793b7a8a6150d038052487e8a2af52ec,2,,"Boa noite. ... quando fiz o pedido era um kit com 3 , pedi 2 unidades do kit , recebi apenas 2 unidades. .. e não os kits. ",2017-07-08 00:00:00,2017-07-11 01:23:30
20f528ffeb37af5dd1e76e1924e7e104,c6f49d29ad6cd1c719dc77e8a432154c,5,,,2018-06-29 00:00:00,2018-06-30 01:57:14
9ed5c2e7e42a2f7161fef066dc9347c4,4233067932385b2d8b301e18e1b75958,4,,,2018-07-27 00:00:00,2018-07-27 20:00:07
6560800e4dfbce474d6f764598bea680,43821d139f1c335c64656805a8394ba2,5,,"Perfeito, super recomendo",2018-03-15 00:00:00,2018-03-16 13:45:49
e54809fcd83a68a080af411caad915f6,fb9b2930f4a30f96c7cc98eaaa85e5f0,1,,Comprei um KiT de 3 Almofadas Azul Mandala e recebi um outro com almofadas diferentes (inclusive as cores) Nâo sei lidar com INCOMPETÊNCIA!!!!,2017-12-16 00:00:00,2017-12-19 18:08:13
7dd3c7f97612fb2ed354eaf7aca3558a,8c6bfa76e0b4be56db6c43f35db2d4e0,3,,,2018-04-12 00:00:00,2018-04-13 08:38:10
0eedc9c919951f010caaa4d5061a57dc,0ee315717889c709f2cd864a34eb3ded,4,,Produto bonito. Conforme anunciado.,2018-02-20 00:00:00,2018-02-23 11:25:01
db6d867780c66f7c559ae441a16e8e85,578daeebdebcc19bd2dcba1f6b06b3ce,5,,,2018-06-03 00:00:00,2018-06-05 12:19:23
8f1c9af6bb14f20054dee8105f6358ac,c69fef70b78954f8127bf1940e002ac2,5,,Perfeito,2017-10-04 00:00:00,2017-10-07 04:37:08
a3ec63d7ddf7edea2f1c620bac239ddb,a84212c880e5635e2a0888ba25c027c7,1,,,2018-05-26 00:00:00,2018-05-26 11:50:00
4418868b455dbf4a56961d457297912d,98757611a90a81b5d191e3e5c78ceca8,4,,"Achei o produto bom, principalmente porque o pinico é removível. Uma sugestão seria que o fabricante colocasse pés fixador, porque quando a criança vai sentar, o produto desloca um pouco do lugar.",2017-11-26 00:00:00,2017-11-27 14:04:10
c5233b5f2ad16bbf13a369caab143250,52e305a5ced9a192a39d885dfe07d141,4,,,2018-01-26 00:00:00,2018-01-27 19:45:28
7e77ca656c70c554cede9c0d2aeed151,d5126e0c4988c70a3808041792214dcc,1,,"Espero que chegue o produto estou aguardando , ainda não chegou.",2017-05-16 00:00:00,2017-05-17 05:16:43
ef5206b41173c8dbc85390e785c33fc7,b9e94fdb4a15c04cbde632c381826608,5,,,2017-08-30 00:00:00,2017-09-02 12:36:19
bb3ee73c755be92c161aa5531600b1c0,d1ab8de1e279bd8a55e4135f83d5c599,5,,,2018-08-02 00:00:00,2018-08-05 11:41:37
2634acb236dc3b6ab32fe10014552eee,0a66244c735378791bf14412b6c97df0,4,,"Adorei fazer a compra, veio no prazo direitinho, só acho que a peça do liquidificador tinha que vir com a borracha de vedação.",2017-03-29 00:00:00,2017-03-31 15:34:07
23ff5868928aafbdf069c25be50653dd,1248580ae351357ac7a36fc314df5268,5,,Ótimo e foi entregue antes da data😀,2018-08-01 00:00:00,2018-08-01 23:05:59
59be732bd15c3e9ddd58eadaddafd719,6e43eea0e8d014e2f6256da2a78ff5e7,4,,,2017-09-28 00:00:00,2017-09-28 22:08:37
33a409ef2044ad96ef5db741b7419a4a,c45c354aed442407610326035c6c44d6,5,,,2017-02-14 00:00:00,2017-02-16 22:33:28
0dd7dde5ee94fba8b1fb6070d462ac0f,93cae495607755570d9b4c0c2d0474e6,5,,,2018-04-04 00:00:00,2018-04-05 02:55:07
051eb83a8b50dd9269ba52a151f5fbff,0bece47d86c4c6000ca551001a15669d,5,,"Recomendo esta loja pela qualidade, preço e rapidez na entrega.",2017-10-17 00:00:00,2017-10-17 19:16:17
734be54201d5e78034bda417a0fde62f,4a08e5f6aea1c1f9b89d50c87a5f3d7a,4,,,2018-04-10 00:00:00,2018-04-12 23:58:40
e7be63411bfdadd3072267c7c76a3553,ffd5efbd46bbf72ad374862a05ef4c72,5,,,2017-02-16 00:00:00,2017-02-22 22:11:22
3db771ff38e7c1d66fadc354a5c3111f,e4d88b96fb1801eb436496008e848e1a,1,,"Já faz mais de 1 mês que comprei, e nada de enviar meu produto. Disseram que vão enviar só em fevereiro. Vou aguardar, mas nem me ofereceram enviar outro produto similar ",2018-01-25 00:00:00,2018-01-27 02:34:43
de4edb08985f69905ca45ff69651ebc1,08bdb086a562d4a730e238d0ba09be26,1,,Produto falso vocês são enganadores mentiros,2018-02-27 00:00:00,2018-02-28 21:06:28
b2142667b03ba9c3a44fdff5bb9d92f3,db04082694e24f9e426fd68f516b46a3,3,,,2018-05-30 00:00:00,2018-05-30 05:08:58
7da6df90a391a66afc4bc0746648bb2c,1065903aa19adc7f920d47f2bcd0a5fe,5,,muito bom,2018-03-15 00:00:00,2018-03-15 17:27:37
aff9abf75945e9d751e4d1ad4de9ad62,403a0fd88d423ef5d91893e2787c806f,5,,,2018-05-17 00:00:00,2018-05-21 16:17:54
d39be004867910ef8343f192ea007d8f,be82634d36d47e922d16c1dc2c0291c4,5,,,2018-03-22 00:00:00,2018-04-03 19:28:02
2f8da9c7243b2b3409d9c2c8de5979ed,d5b0848c1878546fbebe673d1d679b83,2,Regular,"O produto veio mais rápido do que esperava porém o frasco veio faltando produto pois vazou na caixa, maior cuidado ao embalar, verificar lacração do produto",2018-05-01 00:00:00,2018-05-02 11:08:50
e03d27f919ac752995a39150116bd047,05981a7bf1a18eb991af55a8a8dbdf83,5,,recebi antes do prazo eu recomendo,2017-12-16 00:00:00,2017-12-18 09:35:33
62e8841b9a5e5edec9646916af3691e2,3ff1a97af462ca0dafa98d5914729e86,5,,,2018-03-30 00:00:00,2018-03-31 21:33:28
1f322f41c3bf6cb9d257fb913ed631bf,7884c6faab9a4bbe9835842887be94cf,5,,,2017-05-17 00:00:00,2017-05-18 01:14:57
f53c8dbc5b50d8cf763b12a651d9a944,e6179e66e05b531c6f8ad2b292717091,5,,,2018-08-14 00:00:00,2018-08-14 17:03:03
2b13be1259b7efec92cf6d8428980362,ca35a20423cabbc81c577f3ffe72169d,5,,Entrega rápida e ótimo produto,2017-11-14 00:00:00,2017-11-17 08:12:41
9c4b88d123dda47a6374960bbe488801,9b2219c364534d3bc6d3e82b1db3c37d,3,boa,o unico prolema q o produto não veio com manual de instruções,2018-06-05 00:00:00,2018-06-06 20:22:46
40bc4300cc7d690d6c14982baee0c5c1,ab1e451ac61a9e1ed83028e67458d722,4,,,2018-02-08 00:00:00,2018-02-09 18:36:10
4b9e280a7e3586c8d061058ce7de64db,703028d4e0b49bc9632bb3b92150adb2,5,,,2017-09-16 00:00:00,2017-09-18 17:43:46
a18507e945eedf114cf4ae1bed7fb458,e677ab34eb52c66dd39e65b9aa84fe4c,5,,,2017-12-09 00:00:00,2017-12-13 01:17:39
6e1d6f7414f5d57fd209e40d2284b5f2,13cde3630a835cffb389eee14cbc0e1a,3,,Recebi outro produto pois oque comprei nao consta em estoque. Mas mesmo assim nao tiraram do site.,2018-03-19 00:00:00,2018-03-19 18:33:17
8b139b81d3a0fe49900b8b3841ac61ff,e2ee2dc610b2fdbed7d47963883bf17e,5,,"ótimo produto, superou minhas expectativas.",2018-08-24 00:00:00,2018-08-26 22:06:42
74ae6a3d7dd5302263e59683d3b02f57,c208742c454c4a949a6126eade1d2ef0,5,,,2018-04-27 00:00:00,2018-04-30 00:53:25
2cd70fb200a30bc211deab67cb24f919,e45620eb46de3b95c078fb17e75db83e,4,Recomendo,"Compra fácil e entrega rápida, só o frete que acho que deveria ter um valor mais baixo",2018-07-12 00:00:00,2018-07-13 14:10:26
6d6ea453f883cc2422868f7adb7dc81d,56181fe566dd895c41cb4c0665207b81,4,,satisfeito,2017-07-29 00:00:00,2017-07-31 10:34:50
1a563c8619c0a34cfd1133a1920dcce6,98a1fffc0c110af1abb9aa2d4af96dd3,5,,,2018-07-04 00:00:00,2018-07-05 15:27:11
3e33eee1e8cd67541aec8fbd66a0f6d8,00275bce676303c3bfd7292aefdfa223,5,,"Muito bom, so não testei ainda o produto mas super recomendo",2017-12-05 00:00:00,2017-12-05 23:23:00
f4a3843dd95cd23e8049adf06b590ad3,09fa09eaa76c4a81cfed79f5d5eb6cf0,5,,,2017-12-21 00:00:00,2017-12-22 09:12:28
970bd1fd0482b3e0e15769800de6a7a5,9f2b23380dcf7e8f6984dbbf19bb3e3f,2,,"Muiita demora na entrega do produto. Protu comprado em 03/03/2018, e até hoje não foi entregue (19/03/2018).",2018-03-17 00:00:00,2018-03-19 12:06:02
3e163cd4ceaae69375cc54e9aef38547,c56db498f3d3ce91df4715ff0420c0e3,3,,Gostei da entrega no prazo,2017-10-05 00:00:00,2017-10-09 10:16:16
b05b27fd9e548d6d33943097aeb49a79,1217de8bb29e23b3b4ca52c564fb143a,4,,,2017-05-19 00:00:00,2017-05-22 01:09:28
e03f493e88d3eaa2511fbf692f1e44d6,a5519d2a4e5aaee48134163456803e4c,5,,,2017-10-06 00:00:00,2017-10-07 08:48:32
45bb429b7595646ed5139784dafa7fc2,bc6f0d20151b72e478b552a053707ec6,1,,"nao chegou produto , aguardo resposta. ",2018-01-28 00:00:00,2018-01-29 19:52:21
b9b791819c5c1a5c6a4ffc7881f97fb5,6d953888a914b67350d5bc4d48f2acab,1,,"O pedido foi realizado no dia 5/5/2017, e até hoje 01/6/2017 não o recebi.",2017-06-01 00:00:00,2017-06-01 12:57:10
60d722b75799a5f731e210fc95ec3e5c,be8e82214fcaada34c6b645f54e20737,1,,"Não recebi meu produto,e ja mandei mensagem pra loja mas ninguém me responde.",2017-12-21 00:00:00,2017-12-21 12:05:41
d794a4273981eed191ca36bd7b12c44a,114e12eca60507f3e3153182f258684d,1,,,2017-08-30 00:00:00,2017-08-31 12:50:27
4def55aae1c97479641a64e0019fa273,08448f27d81d804598569621e1fb1d8e,4,,,2017-12-07 00:00:00,2017-12-11 16:05:00
93be2a52454314b7e1fd2b20bf540d9d,9199ef819b1eae5b4357b78419b8a92e,4,,,2017-10-03 00:00:00,2017-10-05 19:50:35
11210ca7e79ca392b2f6abc429bb54c2,69a3d3d4af1b74db85965b00394b5d21,5,,EXCELENTE ,2017-12-06 00:00:00,2017-12-08 18:13:59
ef45857b2a4924df76832d06cca3231d,a5474c0071dd5d1074e12d417078bbd0,5,Ótimo,Chegou antes do prazo e o produto é exatamente pedido o que eu queria,2018-08-04 00:00:00,2018-08-06 12:41:29
efb0886cab0e624dbafaebbdc9b58a65,c7da51b752a41bf0fc419eb6b929b582,1,Produto não entregue,Produto pago a vista e não foi entregue,2018-07-25 00:00:00,2018-07-25 11:41:59
4b2b8c390fdf85bb587de7564f9b0c90,1cf0b7c4073a483d2badd4824a894b77,5,,,2018-08-22 00:00:00,2018-08-23 03:25:13
25090d7becb049843e61572a74acce97,846d9f177cd197194d2933fdf0dcc68b,4,,"gostei do produto e recomendo de ótima qualidade, muito bom mesmo, obrigado pela atenção.",2017-08-31 00:00:00,2017-09-01 01:52:51
82d4bc7c836b9941255450a85b6356f6,5487a8ac1699754d975f853ce8bb9321,3,,Um pézinho maior que o outros ,2018-04-09 00:00:00,2018-04-10 08:05:50
e684aea13cca8368a5b75a4ef8698e97,4b5b18aa8c223d77755f02dfb2f3a1a5,5,,,2018-07-13 00:00:00,2018-07-15 14:37:45
4fdcdbfe33d8fcd7d0ad30e1324d92b1,1cb9cb32b2b54f1580e375ba45d744c4,5,,,2017-12-30 00:00:00,2018-01-02 16:39:48
154511baf6f24a04b1083646f0953bac,ac8b3ecc5daa5b2d54a81b3ba337bf6f,1,,comprei dois produtos so me entregaram um,2018-03-03 00:00:00,2018-03-05 18:31:52
17a7692937e726741c7b204e28fb2d0d,24ceed9729a86f5e36fd61ae94183817,4,,,2018-05-27 00:00:00,2018-05-28 11:26:17
0802f0705cb37ecdade0747dcd2c1176,0c91c4102d1858f4ced29970f55e54a0,3,,"só a estampa que não é tao viva as cores como a da imagem , mas o produto é bom ",2017-03-08 00:00:00,2017-04-28 17:40:14
036ab5699addbfef7bc3ea406bab8353,aa87c4af248b5041ab8aa98338210d88,3,,,2018-06-14 00:00:00,2018-06-20 03:04:53
fd6a7fcd3fb862a384c472e2470a46a3,60762802b48bb6d256d55b013d115013,5,,"excelente vendedor , recomendo ",2016-11-01 00:00:00,2016-11-04 11:19:28
63c0662b2f6c78314549f6f2e0a76e75,c1242f927f71ac91fcd9df26cdeba9fa,5,,Ótima loja o produto chegou antes do combinado,2017-08-03 00:00:00,2017-08-04 10:47:55
61271b65611cb486c3b29473e9ef717e,f01ca5a374b654889d516741b4a39dcf,5,,,2017-12-06 00:00:00,2017-12-15 02:12:54
78d7205cde454698c917f0975018ef5c,82fbfbdb67d2e217768c85d56eeef7f9,5,,,2017-06-14 00:00:00,2017-06-14 17:29:51
570fd623c1d4d6aae7910f5c3a92c771,2777dd73cc83e92e814ebb6126f236d4,5,,,2018-05-18 00:00:00,2018-05-20 23:38:41
cb97110491aa0684da30432e20e596c8,978564f73dadc05775f6347d1a508e12,1,,"Gostaria de saber o que houve com o meu pedido,,já tá mais de mês que eu comprei o produto e nunca recebi!!!",2017-11-08 00:00:00,2017-11-08 10:03:23
b3df559214b04e798ceb810bf79340e1,fc6e4c97f5307e9c1bc0797a45e40cbf,5,,,2018-03-18 00:00:00,2018-03-19 01:26:32
5688c862f3f5c379cff94038f11f2804,8dfd2f309199e15f134c15b2a795026b,5,,,2017-05-09 00:00:00,2017-05-10 11:13:41
5e94cdd99c764328967c2c658108e89c,7a43bbe9766ce937332b6f9dcba36715,2,,"Bom dia
Não recebi o produto e tambem não recebi nenhum aviso dos correios. Estou chateada por isso. ",2017-11-19 00:00:00,2017-11-21 10:03:21
83e2690c689d5e537a12df0238a66853,ecd2518a4804d4d780d1347c4852af03,4,,,2017-08-31 00:00:00,2017-08-31 21:17:56
d0ae091d3f3946f55e0c8366a85bec7e,03a4aaab0b783a1be23b30e360c067d4,1,,,2017-11-28 00:00:00,2017-11-28 20:20:26
2e236dc962faebc61a1b76ac8695b945,91394832e2cfea6fd2da6fe1b72df4c9,4,Ótimo!,"Produto de boa qualidade e chegou mais rápido que o esperado, super recomendo.",2018-08-25 00:00:00,2018-08-26 13:28:07
c54cad200e2693f56b08ea7f9e844b81,e760819ccdf8e117a260fa50842b4832,5,,,2017-12-13 00:00:00,2017-12-20 13:10:31
4f449199aecfc2fa316ff6d62f4ca2e7,22cbc77349f8317cd8c241cd2a482887,5,,"O produto é lindo, maravilhoso, fácil de montar é perfeito.",2017-05-31 00:00:00,2017-06-01 11:44:43
ea1130c75988006c15ad65f400e5e258,d7520dd6301787392e59dddbbc68ea22,5,,Produto chegou super rapido tendo em vista que a entrega foi via correios. Adorei,2017-05-23 00:00:00,2017-05-24 01:51:30
362b97d059be139dac8ec5051217353c,fb95aa20d91cfc568a3bd223c03e9eff,5,,,2018-05-10 00:00:00,2018-05-17 00:41:40
ef8d2046c41b725d72761ecfb0c4b5f7,396b08e638fbc9a9d6747df738dbd29c,3,,"Produto novo, parece estar tudo certo, porém a caixa nao veio lacrada. ",2018-04-15 00:00:00,2018-04-17 19:51:57
73aa3ff7200aed5e4060c8813609eff6,31491a6bf618385b8b23b9924a119e4c,5,,O produto chegou bem antes da data de entrega !,2017-10-15 01:00:00,2017-10-15 15:40:59
db03b06904bc8618927edd34cab89e4c,b34e0fe701f0a4fd62a44b88b142ab67,5,, ,2017-07-13 00:00:00,2017-07-14 02:36:45
93f72220a2eefce8606c24ba7e121333,ec1bf6be538a31d3b13bfa67d87010ce,1,,Produto já veio com defeito não funciona ,2018-08-02 00:00:00,2018-08-02 13:53:14
8e1f4ebd6a6f89295cb505b39420bb16,4e27a3667aaa54029e7fbb736175a255,2,,,2017-06-27 00:00:00,2017-06-30 01:54:06
7c35ed79d17d4469f5780883b49ff0a3,13b1842c7e0b9a22f8787450f137e66e,4,,,2018-03-14 00:00:00,2018-03-15 12:50:09
fcd64afb58f5ad60796c971f700d4b60,f1e3357150ba2a42775a24d84090890f,4,,Capa linda!,2017-12-13 00:00:00,2017-12-13 09:27:29
7ed8f1a0aa1537443230b7bd6011d32c,3f1e0bf4672b0acb6072aa40b0f99cfc,5,,,2018-04-05 00:00:00,2018-04-07 18:59:39
477f9d0cc1dc009eda151d0f0dccd698,7b4cc813e327ec14c78f547a763f46b8,3,,,2018-03-30 00:00:00,2018-04-09 22:01:08
a5ceccc6cfdf752418fab6de1d2d1fcd,672ab3776d5b25e586521469609ae774,4,,,2017-05-31 00:00:00,2017-06-02 13:19:59
3e9dd8c8de0f16b7c7cd963305837d95,04c3465b312fdf85de8e4cf4dc186600,4,,"Aparentemente, o chaveiro é legal. Mas, como comprei para presente, não sei ao certo. ",2017-12-13 00:00:00,2017-12-14 01:43:11
2fb8c2ee9119de200c34c8fb59d550da,2591fdd6cc7718bac11436b57abd8163,1,,"Não recebi meus produtos até hoje dia 11/03 . Os Correios não estão entregando as cartas,contas e as encomendas . A empresa deve usar empresas particulares. Paguei taxa de entrega e não recebi",2018-03-09 00:00:00,2018-03-11 10:40:01
ec13f6c6f516c0011029751d3f25d0c1,7c5a7744669451871d2bd31dbcd8f80b,5,,,2018-06-22 00:00:00,2018-06-25 12:22:48
5c6e795a7f5d511d8e243aedd5b75bd2,9abfc84ef4c9b890984bba7039a634b3,5,,,2018-04-17 00:00:00,2018-04-17 20:11:54
85c3142502289fc0a786c6a53e50f6d4,59c0ed646a3b30d4054298988188486f,4,,,2017-12-13 00:00:00,2017-12-16 10:39:39
c304976ef0b7d8be9836984ee3a6bfcc,f2076489cb09f9d0f11c6a524022fad8,3,,,2018-01-19 00:00:00,2018-01-20 01:04:21
efa846b2db4c2ff2b01f50d53dc4d317,30b2ad103e6982881929c367f930ab29,5,,,2018-08-14 00:00:00,2018-08-15 11:54:11
bfa7fa709c0d6f3f11876301252acf0b,268270567c35e07af0d2f8c8cc978410,5,,,2017-08-31 00:00:00,2017-09-01 09:46:40
54194d74ca4584d990aec0baa2e2d0ff,bb1463881b6042a9499fbcb58706b918,5,,,2017-12-23 00:00:00,2017-12-24 11:20:32
2c859cafc68da5e27b7d0bba7caa2b42,f104090fcd96c0b2ca8f9d818127ccf5,5,,O produto chegou antes do prazo previsto.,2018-02-15 00:00:00,2018-02-16 00:35:34
2b5d4a668a471a0283b87064609dfb5a,3cc14e2cf62e0a0d4d469d77141dfac3,5,,,2017-05-30 00:00:00,2017-05-31 01:28:09
ec565e809b1b02268f443896c83cda5d,bc3551dbac6e56b70347f161a1c0e434,5,,,2018-04-20 00:00:00,2018-04-22 21:56:34
0d198f187cfdbee866dbd55b6bf2ab42,f5e55d131e51bd5f0dccc56c9096a951,1,Péssimo ,"Paguei duas luminárias e recebi só uma, estou tendando devolver desde o dia que recebi mais ate agora nada",2018-05-08 00:00:00,2018-05-10 12:42:20
a59566302c9577e6baa3675143d3e3cc,8b648f3b8380162bf589d5ea0d49f5b2,5,,,2017-12-22 00:00:00,2017-12-22 23:46:52
c87cebbf4cb5b2a5569d4cda3dd8af2d,09478c1d9dbc168c8438aa90f1be13a9,5,,,2017-04-28 00:00:00,2017-05-01 02:18:44
a1b5282d45bf72b33739196bed05cb6a,4519d054994236d26b04aba27498afb9,5,,,2017-04-28 00:00:00,2017-04-29 05:07:37
2988c048ac32fe63c278544e24b0b714,891b59dfbc8a1d7b30f7fe7fe81b7d7d,5,,,2018-01-16 00:00:00,2018-01-26 17:09:35
a6366cdbe7350feae0e0b038d393d997,3619a073d29c01c4cfb83078a695f13e,4,,"Bom dia. Quero agradecer a rapidez com que foi entregue o meu pedido. Eu havia solicitado na cor prata e veio no branco mas como não destoou dos tons da minha cozinha, fiquei com o branco mesmo! abçs!",2018-03-06 00:00:00,2018-03-10 12:31:38
124417371f543ee236aef75b02bdee6d,12734d5805fd317dc486f3630fd82bcb,1,,Recebi um produto totalmente diferente da compra realizada ,2017-06-21 00:00:00,2017-06-24 18:07:22
e91cc3c940181c92660a62824144c863,49e7c284dac8e61eb27d5842576527ed,3,,,2018-04-08 00:00:00,2018-04-11 01:04:39
b1cee4d23727fd02b7046e647b9fed16,4f12293458fe42108080bd8c3da6a500,4,,,2017-04-13 00:00:00,2017-04-16 19:37:30
1ee821d1c05b943f3e7dc87b19d41345,d65f26752fd6834bfb0a567b581dde3b,5,,,2017-07-28 00:00:00,2017-07-29 00:37:56
7b6cf1c09041a79e596a1f1793790c13,f69ae31bce06a78d626762b53067c7e0,1,,Gostaria de receber meu produto,2016-12-04 00:00:00,2016-12-06 16:45:35
1bfec3e913196c72c1ea06fc8816bd9c,ee4a95415255b5c54189071b8c1a2c53,1,entrega atrasada,o prazo terminou e nao recebi meu produto,2018-06-01 00:00:00,2018-06-02 12:57:44
61359ccd506b5462b33399fc25a74051,6cd6b68f7a9798a25f718d069608419f,1,,,2018-01-05 00:00:00,2018-01-07 10:58:16
dc6c24d1444d114fb0b2391ef6d978c7,c050bbcc027f638bdea34842450ed4eb,4,,,2017-03-29 00:00:00,2017-03-30 23:16:37
03852ba369a5519a5f9ae4fbfefef7d5,4c1f94303cb0dd867863ad2259197ab1,3,,,2017-10-24 00:00:00,2017-10-26 16:34:53
cf6c97af468468529a43f61127146053,a7b984cb7dba04216ef3408f9fdc724f,3,,Bom produto de fácil manuseio.,2018-02-28 00:00:00,2018-03-02 18:23:45
77993821c4c9650775217fd5c0a86cf3,54b1718c17cfa59d1f51cba8c755ed98,2,,,2018-01-06 00:00:00,2018-01-06 17:06:57
0cd3c462be5524225c20261fd3fc2b8b,543a9bf05657bd3c5099de23d13139a1,5,,"Gostei muito dos quadros , só não foi melhor , pois não vem com alça para pendurar na parede ! 
",2017-03-29 00:00:00,2017-04-01 14:43:34
5c99f6ff0f883ea3b283853720266109,d98e1bbea27add1b46f2f78aa0a3517b,5,,Produto chegou antes do prazo,2018-02-28 00:00:00,2018-03-02 23:00:36
3945c60687ce802221ea2a6a5f7b2d8b,9dc7211819545928779f926c67f9031f,5,,,2017-03-08 00:00:00,2017-03-08 23:32:39
78506167e7bd88b9872369f1f08cfbbf,79b57d07c97ba24547cc8ec969785e64,4,,Tudo certo,2017-10-21 00:00:00,2017-11-21 03:02:13
6cb819f02919cc20e085928b63eecd13,67054420c38f2db9d12db40e122f02b2,5,,,2017-03-08 00:00:00,2017-03-08 23:25:02
071802d03fff1cff2eaf5608aa1dee97,9015087bd3384196d2ed2265cba81150,5,,,2017-08-05 00:00:00,2017-08-08 16:53:13
104519e559f3afae85f371f7d879b306,989788f1c17a087572e29eb4fc130983,5,,,2017-02-14 00:00:00,2017-02-23 23:59:18
1eaefe4e8bbb6fa3607dab1ab51694a0,e6acd035a11603d3f61a37185f681a5c,5,Papaleguas,Simplesmente show do milho.,2018-06-10 00:00:00,2018-06-11 22:47:01
62fa6ec8890bd11f60172d4dbf4fe8fd,1b4cabee44fbb9bb7a27f9748bc71fab,4,,,2018-06-07 00:00:00,2018-06-08 14:55:30
1deefbc1f34a2f19c2e9a38dd6289151,4831214da07f7723b1d22426e0b4151e,5,,,2017-07-14 00:00:00,2017-07-15 01:47:17
4806eb6d31cf9c4bbc51adf84544bee1,848e76f65aa5d3843c356d8a68dfa5b5,4,,,2018-05-12 00:00:00,2018-05-15 11:21:38
9e8d73130a7421ac2e032d759e15c1ec,e6190dea235662449d160357e46eaec8,5,,,2018-01-16 00:00:00,2018-01-16 22:52:25
598948161581421e4a4dc450d9d6de01,2a06568281fa1a485b9ba5fac48c7df2,1,,Foi o unico produto pedido que não foi entregue.,2018-08-26 00:00:00,2018-08-29 14:50:28
7d2bd658eb0c421ed135b32243a66aca,800c8a15369d74de7bc13709ef847d4f,5,,,2017-12-19 00:00:00,2017-12-20 13:38:10
5ca8d66cd6b0e4d5f2318eb0c625a414,78a040518000bd952718c7c856d1d3fc,5,,,2017-05-06 00:00:00,2017-05-07 11:01:34
e875715d8c022f582a4fbfc4acd99b51,6c8fdc6f1b35e5126442a74c3bcc36d5,5,,,2018-02-03 00:00:00,2018-02-09 04:40:16
8cee1986b6061ae43d92ce878e578623,e3e81ec82803ad01f1d0569485ea0b75,5,,"Parabéns as Lojas lannister . Sempre com bons produtos,ótimo atendimento e entrega rápida",2018-03-03 00:00:00,2018-03-06 01:24:40
ce64f521789eaa15a0b724b53ff2e056,cba3306126337d8de821145b22b9b0e0,5,,,2017-12-12 00:00:00,2017-12-19 12:24:25
e8bfc0062d5d0d9f5ea54f10fc0ae01a,a1706a33c76bfd77c2fa337f882b31b2,5,,,2017-08-29 00:00:00,2017-08-31 21:00:51
6413878714ae36e3be4b63a827029b94,9c2ee43dbe7a65d216e05e432da1f3c2,5,,,2017-08-19 00:00:00,2017-08-21 13:10:13
b1ece800188e39b4b9e93d1bc7aad405,43004196fdbcc54ae90a84736bb13afe,5,recomendo a todos,Recomendo esta loja a todos que queiram fazer uma compra segura e garantida.,2018-06-20 00:00:00,2018-06-20 18:40:52
aca2e1fcabddf4cdbfffc3e5c23abd2c,fc8a4fcbc1b484046b9ff15de7c73577,2,,Faz mas de 25 dias uteis que fiz a compra.,2017-07-13 00:00:00,2017-07-13 11:25:52
749671c262764da93532fcc65b4dafa6,4517d10652306c01990d40b0d6f76511,4,,,2017-04-08 00:00:00,2017-04-09 12:15:34
8c3d0eecb2cb74051d9b03ea3bd0b2c9,39c438f2a835b25cd51bbd1bed5d089e,5,,Fácil de instalar e prática. ,2018-01-09 00:00:00,2018-01-09 22:01:45
10a956286b3118c1bbba688285440539,3fe46f6a6327c3afa825f1359f7bf566,5,Bom,Gostei de tudo ,2018-05-03 00:00:00,2018-05-03 18:47:53
a08ab6d9c2ecaa3326acb339afbe5238,e12e00057650090fead5dc4e44cdbd0b,4,,,2017-05-10 00:00:00,2017-05-11 06:31:45
3112afb21d6937fe445e151be731f9bd,57f7bb7d658b442616fce795fcc30146,4,,,2017-02-08 00:00:00,2017-02-09 07:19:06
a9919122631db4185e566eb2ce206a96,c12f6da2e568142b38a24c3c2bcf13a2,5,,Tudo perfeito ,2018-03-13 00:00:00,2018-03-14 09:04:23
0812c8080abf454de4fb10d5597d7f2e,73f1e1ca4cf1bf1290b466cec4ce767e,5,,,2018-08-12 00:00:00,2018-08-13 08:49:43
3233c07f5389a5b3da6e5584173e773b,84529952b44a7b19788d9398f07b6eea,5,,,2018-02-28 00:00:00,2018-03-01 11:24:24
d583c213d8e1070dad6fdd5c0b138729,1d301b935a2555d96600d432bbf859b9,3,,Bom mdjdubdhdudbbshsisbsbjsusbshdidbdbdj,2017-12-23 00:00:00,2017-12-24 12:59:50
1cb2f79339aec9bbaf1a8056c36f0f7a,a87b2dc5f3c007dfa3f6ba803e332261,5,,,2018-07-31 00:00:00,2018-08-01 12:08:19
9ed658556bb5cab80587fd25d1576d2c,616d980107c4a1d6b7cbc85cd40890e8,5,,Adorei o produto. ,2018-01-09 00:00:00,2018-01-09 20:48:15
c6f00fee3a8a4983f475afd81a6fbfff,6106af2a0590979c9d7c7918f6eae6ae,5,,Recebi o produto e recebi o esperado.,2017-07-25 00:00:00,2017-07-26 11:20:26
415c61aa5897b0f143f15d33340b34a3,aeebf4abbcfb9bac43b6a31399a3e93c,1,,"Não recebi nem o produto, nem email informando a situação.",2017-09-30 00:00:00,2017-10-12 14:22:13
94ff1c36d7cf558708508ac1f15e81f1,e399680f053aca6ecc64cd1ec2c0741e,5,,,2017-12-12 00:00:00,2017-12-15 02:38:54
09ba1e17846a5370d01bc509dfa437ea,6224401eebe13e25d470d8d6a9ef225e,4,,,2017-09-13 00:00:00,2017-09-14 12:31:44
6b8453babc42e793fe0cfa4a3af46ef6,7916e8283be68b0f8c475ec68cf0f333,5,,,2018-07-14 00:00:00,2018-07-17 18:32:32
fd79ea089214ed09d63d48fcc39cf8fb,e93561a5404a0ecc64f56eed482e05b1,5,,,2017-12-30 00:00:00,2017-12-31 01:08:30
d9cd54c5b9e98da8fd824a03403a27da,0420dbc50fc554e303e4b2d6b39063f6,4,,,2017-11-24 00:00:00,2017-11-29 09:38:11
8ab698ec482f239720c1d6bba027efb6,b68a52eb0d8bcd5f784a5f95b98a6cf6,5,,,2018-02-28 00:00:00,2018-03-03 14:00:02
3f010b909ef2ad0facf4587361fe38b6,dd7ac010ac0daaa2d26a974ceaf897a0,3,,,2018-08-16 00:00:00,2018-08-17 00:43:54
7cabf170d8154296da4f29a7e6cd6c28,1c5ea09d670777647e55f734e3d784b2,1,,"Olá, estô muito chateado Véio Errado o produto, Estô tentando trocar más ñ consigo...porque quando EU entro no site ñ completa à minha solicitação...por favor preciso de uma solução. ",2017-11-08 00:00:00,2017-11-18 00:55:11
a47eba74667d9d193e2f5813d5817d18,1d03e29afa208b835f77145e0348170e,4,,,2017-07-29 00:00:00,2017-07-30 02:53:11
bfb615391dd6b73d4747a0add947173c,62640a90dbc0dc6dedc1ce5925e36e00,5,,,2017-08-04 00:00:00,2017-08-05 20:55:18
2771999dd5575a016bec497b3650140b,32df6498467c68b5be43197a49d3d14c,4,,"Produto conforme o anunciado de boa qualidade que atende as espectativas,",2018-02-06 00:00:00,2018-02-07 03:14:45
720e1e93d7f0bd70b3fc2da91df2d058,3598d5876c343ad3d9699be24dc09b8a,5,,,2018-06-08 00:00:00,2018-06-08 10:35:14
79260994e3ea315b3dd92171821e8cd1,f2120851611e040d268c3be41ac51228,3,,,2017-09-19 00:00:00,2017-09-20 01:02:22
4686541f110170004368e697f14b0fab,fef9630717f341d93127dbf1d27650c9,4,,,2017-08-29 00:00:00,2017-09-01 10:11:29
397ce09bc18e5afb910c5e4ece5322cd,5c4ddbfa718a93f4b6b964b9e19472df,1,,,2017-05-17 00:00:00,2017-05-20 18:01:22
777c309a8090cc7cf1ed65a44a1b1929,27778e8302a1880621730425fd82fb60,4,,,2018-05-24 00:00:00,2018-05-25 10:04:08
96d558b10db1c7d40b08f306bfd0cea4,0f2f7e210f5079ed1f797cb4aed6dfbc,4,,"Poderia ser mais fácil colocar os fios na base, pois é necessário muito ""jeitinho"" e força, no entanto, o produto atende.",2018-05-12 00:00:00,2018-05-14 16:02:36
ad15118c0268a0e5187b957c8ffe411a,ced669a0f18cc433701f1011449b80fe,5,,,2018-06-30 00:00:00,2018-07-02 20:25:08
ab9467b3dbd8135bf2ea697fb28e5036,3860898db238028285b1e05b5ab31238,5,,,2018-07-25 00:00:00,2018-07-26 10:31:56
b6a66ea948187711026f3577d88a2705,be16722a27c9d9dcf7054c682b72b3f0,5,,Produto muito bom,2017-08-02 00:00:00,2017-08-03 09:57:14
e4a04f99cee6a385a84e02ead338056d,c00ec2c5d2f145b694e4f478c71c5711,5,,,2018-01-23 00:00:00,2018-01-29 10:16:27
540fb755035b61324336b3b4cce928a3,55f1a7153e4d67447465073ad9490f04,1,,"O prazo para entrega do produto seria 02/01/2018 
O produto consta ""aguardando nota fiscal "" 
O prazo não foi cumprido e não existe uma nova data para entrega .",2018-01-04 00:00:00,2018-01-04 06:42:03
13e8b9dc68d5ff80b4a0b0a91b1b6239,51c8ce1ad9c1fdebc69cc37fbff27f5a,5,,,2017-11-16 00:00:00,2017-11-16 16:43:54
f698890895a66ac62c4b1f2cb47f5d8d,d1845227bab7e5c1f169cf2a98d742a1,5,,Continue assim,2018-03-11 00:00:00,2018-03-13 20:49:36
4fd79e4d903c801fbaa17de1fcfcacee,11976fce6f2db8eb99598a3951b25137,3,,,2017-10-17 00:00:00,2017-10-18 11:21:40
7ff1483079a6bcb4ee154af5ac58e9d6,03da04c1427d7b8bff38d76efca1029d,3,,,2017-12-19 00:00:00,2017-12-20 23:28:35
1ba55cc128ffbd2c477829cbeaba9aeb,bab2b00c7dda561a8e77047d346f36cc,5,,,2018-06-25 00:00:00,2018-06-25 17:06:38
b38723e7e62ac14f4c306bbec1422948,0e94db37ea63222e95092a0f870f8e9a,5,,Perfeito!!! entrega muitíssimo antes do previsto. produto muito bonito e com qualidade.,2018-02-06 00:00:00,2018-02-07 21:30:11
af933f49d71b6e6306b696ac3c0fb18a,305f5b9d60b68527059527234dfd2b9e,2,,,2018-06-30 00:00:00,2018-07-03 21:35:08
f6d2616e1b1e1362386f39e388384336,88b43f27bfa01eba0677934c553869eb,5,,,2018-03-01 00:00:00,2018-03-02 00:58:33
9b15dd8dc682a29b6c5eaa5dc64a2ee8,400f443373af2cc7cca6166823ef939e,5,,"excelente serviço, entregaram o produto antes do prazo.",2017-08-15 00:00:00,2017-08-15 14:25:18
da24723d934b4ba218ff0102450ebc88,b23014161ca1bc596a96e77112ee5360,3,,,2017-06-28 00:00:00,2017-07-01 14:05:51
ba05c849d293b35fb1ebe084bf151981,d32c308cae5b8c416907dc360ac819fe,5,,,2018-05-04 00:00:00,2018-05-08 11:24:16
cd530fcca1e3d59fca3344590ae0df9d,57ec43facf6675a86b249b5c44867350,5,Top,Massa de bom,2018-05-24 00:00:00,2018-05-27 03:20:30
d699752ac07d99539443886788ada50b,819228bb978a781e564b6de402397c19,4,,,2018-03-08 00:00:00,2018-03-09 00:56:22
3f0cb756e12fce58c9611e452c3dd864,c293ca42a5c5696d69f9de1acff91b4d,5,,Foi entregue certo e rápida estou bastante satisfeito ,2017-11-26 00:00:00,2017-11-27 01:55:13
36d0068c533c08b9da8548f8cea77f65,329eb66ed3125473bd5c70dc291b2621,5,,Adorei comprar nessa loja,2017-06-15 00:00:00,2017-06-17 15:08:48
3932906047a7d32bef9f69b580752a3d,338be6220254203898339bb8b6021138,5,Tudo perfeito,Mesmo com a paralisação o produto chegou antes do previsto. E vieram sem nenhum problema,2018-06-01 00:00:00,2018-06-01 09:35:08
c78a76c41634ecedfb372f1283faf073,aeec431748740b82048a6041aaa69c5d,3,,Tudo certo.,2018-03-22 00:00:00,2018-03-25 02:48:37
2aef0e303fcde31d9a5e0e9567e4a170,7a5ffe966dbc98f0f43ceeb96e1d73c8,1,,"Não recebi um produto, o porta-chaves, apenas os quadros. ",2018-04-21 00:00:00,2018-04-22 22:59:40
ed669ac369df19e801d7e68e59de99ef,32a36b92faf67aebedb4eea534a49c4b,4,,,2017-09-05 00:00:00,2017-09-05 19:31:37
a491b1aadbf0d30c334ff822927d76cc,448c60334e2a53a5c678e4bd6b1e77a7,5,,"Produto chegou antes do prazo, e a empresa fornecedora é extremamente atenciosa.",2017-12-19 00:00:00,2017-12-22 00:44:01
219e8eb79c47833b3ffd0a337d268e4b,f8166a345b188c9033d127c25e44ab74,5,,,2018-08-28 00:00:00,2018-08-31 11:50:55
3b62a6540615d03959c3e395895b1148,d207a9accbfb1677062f22f106463c33,5,super recomendo,"entrega antes do prazo,perfeito",2018-07-26 00:00:00,2018-07-27 03:32:17
bef175bd6ef90af0938b390a08bec6a3,b4dc09cbd4cc735632779c738cda842b,5,,"Recomendo a todos a comprar nesta loja, atendimento, prazo de entrega conforme indicado!!! Parabéns... ",2017-03-29 00:00:00,2017-03-30 12:46:38
3c96e6271ea6bf6540dcd267048e60b6,41d7166cd7b904ab5eb52a1fb6783e5f,3,gostei muito do produto ,"Gostei muito do produto é exatamente como imaginei, a entrega dentro do prazo. A unica reclamação é q s tiver problemas c a compra e precisar entrar em contato rápido c a empresa esquece q n consegue",2018-06-05 00:00:00,2018-06-06 15:40:32
917cdadc1a5b4cf4c988d264992f23a9,c7e1e46af92704b1c2e1924de96e7479,3,Recomendo,Recebi o produto errado.,2018-06-06 00:00:00,2018-06-07 13:53:24
8845de007e059748f39d19e9b1caf33d,c62845da78b3e229cd5e0914607771e7,4,,,2017-06-14 00:00:00,2017-06-14 15:49:56
d9da94eb9866243cb58bedd655153d21,5b0ee19a3125fc083348baa76d816ed0,1,,Atraso grande e não dao nenhuma satisfação,2018-03-17 00:00:00,2018-03-17 18:10:02
c7403aa28b46a67a8df58fd93d707173,593b6eefb72afdf364b30dedb1294414,5,,,2017-12-06 00:00:00,2017-12-09 21:04:30
ec4d1e6dd7417db7645f399842964d02,6046bc15c899ee2dd06d1a235f9f61c9,5,,,2017-09-04 00:00:00,2017-09-04 11:03:56
2d40ef8f487eac6517166791672d1cce,1b70309f9d8c8068c52cab917fb26379,5,bom ,bom,2018-08-04 00:00:00,2018-08-05 12:10:43
932f8c5de124d8b3f2929bd2f4c4e58c,dfe927ca4859176d7377a7543078d4b1,5,,,2018-08-18 00:00:00,2018-08-21 17:00:34
492753053440fcf3f5a30a4cc64c21b0,a3a0be41e7611973435cc81280f76bee,5,,,2017-12-05 00:00:00,2017-12-06 13:26:22
bc30f621152138e11375035946797a9f,e1a86e22da680449cba8e136ffa97f8a,5,,,2017-12-12 00:00:00,2017-12-14 08:46:37
60a8d23cfba4df32c499adcda59cffd0,3597f6476c27b4e1cc2f58588116f8f5,5,,,2017-10-24 00:00:00,2017-10-24 20:19:50
f0da0b4729844e6ad8acdf899688fa08,aa8e678261a5c83986ed3be5314c033d,5,, Entrega excelente,2017-08-04 00:00:00,2017-08-06 22:01:27
c97e386cc26f9891b47343304a422ce1,e7138235cbd7170b72054b66531ad713,5,,,2018-02-23 00:00:00,2018-02-25 02:09:49
4b867df78d10514bb064984c5ca4f811,9d27094c5a72cbf877d632e2d03356e4,1,,"O PRAZO DE ENTREGA ESTAVA PARA O DIA 29/03 E ATÉ O MOMENTO NÃO RECEBI O PRODUTO, ESTOU MUITO INSATISFEITO.",2018-03-31 00:00:00,2018-04-02 13:31:33
807993068aecf6610d3d70568dcdcd63,1809078b655469f11b429102fb296998,5,,O produto chegou antes do prazo estipulado ,2018-04-25 00:00:00,2018-04-26 01:45:33
985b3189e05a65ca671d579b91983000,93551f1b5b26ad94ad36349d4a4ef81d,5,,"As peças são boas, a entrega é rápida e eu adorei a qualidade",2017-08-05 00:00:00,2017-08-06 00:20:25
d80caaa6c003119214811c26fa71893e,e62d530c9b5d79b0b222e5a4542d71be,5,,,2018-06-14 00:00:00,2018-06-15 21:51:34
5aea605827102143e4b5da512eb7b45e,c0cb48c270009fc128318b2f9eda3bec,5,,,2018-05-05 00:00:00,2018-05-08 01:35:12
0bd1928507f0ff11c6f626189e18331c,ddc75e18227aa517946c2239d18d1300,5,,"Excelente produto, chegou antes do previsto. Satisfeita com o produto! ",2018-08-03 00:00:00,2018-08-04 01:00:44
5ec4568c946fd81e22f904642267f16e,130661e5b5e7e4e1948747351cbf14a7,4,,,2018-04-01 00:00:00,2018-04-02 11:43:19
e27872bbefb10cfe2751427769c02d1c,80d2f4b0e0fb1b8385d270a2d585a1e4,5,Capa de chuva/sapato,"Excelente, ficou linda no meu Boris, super indico. Mercadoria de ótima qualidade, os produtos oram entregues antes do prazo marcado",2018-06-27 00:00:00,2018-07-03 16:30:23
48152a600f1db1d8877a7a8d59954b02,41e26896c2835821f7622124a8ebf047,5,,"Produto certinho ,tudo correto !!!",2017-07-28 00:00:00,2017-07-29 23:09:58
d345e5eed5277eb34f2b22465cb8abd1,e21e08b6eee6cda8f5cc69981707fa71,4,,,2017-12-06 00:00:00,2017-12-26 16:47:06
f8a5605a6784fa4be69aae03b4567be5,2929e8208718655c26082e7331ef49e4,1,,A loja não entregou o produto e não da explicação para isso.,2017-11-05 00:00:00,2017-11-05 02:47:01
1452cb4550e14ed0afb2b750b99b5d70,d1574473ad1d4a427f66f0d1d6bf7985,5,,,2018-01-30 00:00:00,2018-02-01 10:15:59
011490ec9a2ffd4c193e9ec7a5965cd2,5357520c35cc3e6341658161b67151b1,5,,,2018-01-10 00:00:00,2018-01-11 20:23:12
5364ea4a55e54b75592c6c81b018dd4e,3da82f366802e4512789763543d67ee2,5,,Muito bom comprar pela lannister.com,2017-04-08 00:00:00,2017-04-09 10:44:21
b64b039d5094f17565b72955328a08b8,6582bd326c3ec7cbdbb8a6f353187a02,4,,,2018-01-19 00:00:00,2018-01-22 11:46:09
b43edbfa28b0559024608ef4240d4e6b,d24cf30658f279bb1e8677169e43e44a,4,ainda nao recebi,o,2018-08-05 00:00:00,2018-08-06 12:29:29
7e52d3fd3b8734275fe9fe6cd869dd4b,4cb7d866ce5acba93c58383df3081469,5,,"Demorou um pouco a chegar, mas veio dentro do prazo, visto q o prazo q foi dado foi bastante longo",2017-06-10 00:00:00,2017-06-11 11:40:40
5cc67f6c75aa22c3b69405331557f42b,41d5636cfaa3b8436beab84388cf73d0,4,,,2017-07-23 00:00:00,2017-07-24 00:09:02
67d07fb527944d604b143f0bc00f7769,af7b1f7080ed76cd6d266c0ce5a13044,1,Não é da marca Mairibel! ,"Entregaram um produto de outra marca, bem inferior! E no anúncio diz marca MAIRIBEL e a foto do produto é da MAIRIBEL.",2018-07-26 00:00:00,2018-07-27 12:03:43
23248eec680be1be287dfc686556be67,04ee5eeac980a849efb5ac99abf87259,3,,,2017-09-02 00:00:00,2017-09-05 12:33:00
8db4a0a7d379d296a83ba5b739e2dd0b,1436cba3294812a22fe0868db7581b68,5,,,2018-01-17 00:00:00,2018-01-18 20:54:00
acad5109a1947913a28927ba836cae3a,55298973d17a0c1dfb2281ae969a65d8,1,,"O produto foi entregue porém, apenas 1 unidade e não as 6 como consta no pedido e na nota fiscal.",2018-02-21 00:00:00,2018-02-21 20:19:18
8b2e38ce873a2fc0b896d9d420b9f22d,a92cfc44e62b26e5bda2aeb39b0e0217,5,,"A entrega ocorreu dentro do previsto e o produto veio correto e sem defeitos, recomendo",2018-04-19 00:00:00,2018-04-20 03:13:09
b86bf1c2834fc2d3a3a9d8421a02f5e5,00c47cfa491ef55779ec7557673087fc,5,Bom,,2018-08-01 00:00:00,2018-08-02 13:07:42
e06a439f5433325bb35dc402841e8964,cc780f51d20b4a6024436e6191c844be,5,,,2018-03-30 00:00:00,2018-03-31 12:49:41
42586aae6e35c1255f85e6a079853208,3981ab3fc085c2a1d4dcca88197fe7fd,3,,"Recebi o produto no prazo, mas veio faltando uma peça.",2018-02-17 00:00:00,2018-02-19 20:20:00
4a96b105c7bde6db881e4d1395c7dccb,58ad53486aa4d662036281295465d755,5,,Bom,2017-08-16 00:00:00,2017-08-19 14:49:49
5629b69eea90c60320062dc1f1dec388,0df120be8a76db470b19ce0fbcf170da,5,,estou satisfeito,2017-12-09 00:00:00,2017-12-09 23:55:30
6a8e7d50fa3188f57a6dadc2e70744d7,28fb72e69040221a2e471a51c251f8da,5,,,2017-08-30 00:00:00,2017-08-30 16:49:12
0a6c8cf529f15cbfdd9b2a3c69ae1ad2,30fe274ae9909568c501af6539d4306f,4,,,2018-07-07 00:00:00,2018-07-09 16:02:07
34283cdbe607e46b28f0dfc409d485fb,0e2d7ec6702478f04fd7b14b55b906b0,5,,,2018-04-06 00:00:00,2018-04-08 20:45:47
1d354f0ff4d7fa8b19093c123a8197ed,8f7075f9808a783f9794cf5f7e1860d5,5,,,2018-02-22 00:00:00,2018-02-23 00:06:28
634050fd967bb643d3ab5f1ce1e38272,ffdda91cd98d69f6be1cd352e4447b8e,5,,,2018-06-14 00:00:00,2018-06-14 23:00:14
c14edc0d83dfc6fcf76fa3365fba442e,2c353c9011928609140c2fe8c3f925a5,5,,"ÓTIMA COMPRA, ÓTIMO PRODUTO, ENTREGA DENTRO DO PRAZO. NOTA 10.",2018-03-08 00:00:00,2018-03-09 03:42:55
ad26de53a8567e83da1064194d24af3d,1bafdeda7fddba2882f1fd3279fab46e,5,,,2018-08-03 00:00:00,2018-08-05 23:50:56
7593e91c7434e876343a0d64b265bf88,1187f5498f05e7604440a54cc0c9aa92,5,,,2017-06-08 00:00:00,2017-06-09 03:12:41
1549be627e6349f3b04685181b42c6af,4f369e46adec128db04e9e4e4d5f9831,5,,,2017-08-12 00:00:00,2017-08-14 12:14:54
89cf3cf0f0f17b0884f8f663ac0bcb01,debc3e4fa1e6d722470d58264beb354a,5,,,2017-09-02 00:00:00,2017-09-03 19:02:58
8e1c2e233790000fdc533b9ed1b063e9,2d2bd0487565c23b4bcc0b29a41da55a,5,,Tudo perfeito entrega rápida ,2017-02-09 00:00:00,2017-02-17 18:29:28
b6eb480828b9c80e89de2135086f5424,3b2d986d88e983cc12154191391193ad,4,Recomendo,Dentro do anunciado. Recomendo,2018-07-11 00:00:00,2018-07-12 01:13:52
8c9557936286091faaf737133f68d287,a2e9aa14d517e240f6e7c7243dc1f639,4,,,2018-08-31 00:00:00,2018-09-02 00:02:55
5333394aea7214c797a1d67fab034cea,29bcad4b636363b000ad4459d5bd88f5,5,,,2017-12-20 00:00:00,2017-12-23 09:59:47
7603bf3ccef4c17fe8477a033b71d4f3,78d33c687d79eafa05dcd67958f4b329,5,,,2017-05-10 00:00:00,2017-05-12 01:13:41
b7597ba6e4447f3364fc9885b89aa0d5,faa72e2db68f17d71fa5c725cafc53ad,5,,,2018-04-21 00:00:00,2018-04-24 00:56:17
8cc8327c3ca4edf4a75d19e71669c915,9df975b38ffcb2931968b4949c8b29a2,4,,,2017-07-26 00:00:00,2017-07-28 23:41:04
3eaf40e4cb6cf77bc5b2dff815792f61,74af727a6c0d520a3943330d3cf93b42,5,,,2018-08-22 00:00:00,2018-08-23 11:34:23
624037deb8e05a2de4a0fff7ce4c5d79,6d20c5b5d74d900b45b27fd6e6e01089,2,,Mas o produto é de má qualidade muito fraco ,2018-03-22 00:00:00,2018-03-25 13:38:21
b060f38e6de7a9940ec3218c1900dcbb,a8ddfd6f6316a1c31da18f179981ecc6,4,,,2018-07-06 00:00:00,2018-07-09 15:56:00
043927702a1eac79111cfaa3a1afc2a4,2e7afd467bd078429896367562ec0727,5,,O relógio atendeu às minhas expectativas.,2018-03-09 00:00:00,2018-03-22 14:04:05
a1cb202348290bcbe771a919748fbc8a,47bc2fbe3e9b64a723dd530a4f1612b8,4,,,2018-02-17 00:00:00,2018-02-19 03:01:30
a09d236fe6739f2940a58603f77bcbe9,0c31953b008c5e98882d436f4298cde0,5,Excelente ,,2018-05-05 00:00:00,2018-05-06 10:33:15
2401204a126b1d2a74ddcd0308c14423,64251db62c4860cc0d2d2b0e1f2ff813,5,,,2017-05-04 00:00:00,2017-05-05 02:31:51
945458bdef44f5995f06d4c88d9a399d,5d4b280ade17fbd39c551ed69edf8432,5,Bom produto!,,2018-05-04 00:00:00,2018-05-07 16:09:05
59470b1cd059bf5bf96eddf7af09f6d4,768697bea3da93c033aa064d821579e2,4,,,2017-09-16 00:00:00,2017-09-19 11:06:18
53feb213b19fef163b7e1258a540ac77,30336ab6f4ebb61a88d9e3188b36739c,5,,,2017-03-23 00:00:00,2017-03-24 12:33:30
485171ac850d50070902742218513686,904d1d3bf21a8c56e931f8ac05d284c6,4,,,2018-07-25 00:00:00,2018-08-02 10:36:19
37e4b611cbbc1fdaabd4a494828a2d7a,4047217c6029782c1996e3cec14ef005,5,,,2017-02-07 00:00:00,2017-02-16 00:12:50
53c6ae514fe13658d233ff5009597283,931ca162115da049cd8d7872b3667163,4,,,2018-08-31 00:00:00,2018-09-03 01:14:59
2b27994a03595e5abab4912ae333d98a,df638e8bbe2b487525b22f5c7a5c9231,5,Otimo vendedor,Adorei o produto,2018-03-07 00:00:00,2018-05-23 15:05:06
50cf8dd998e5b0a47e1ca57f27a3c763,b23f8178f3b6555a78a4ad844ed11c57,5,,Excelente,2018-03-23 00:00:00,2018-03-23 23:28:27
6285fc2fbbc8905c61c70c0262a8b699,49e4c4907bdae7153ea492e2827fe5ab,1,,,2018-08-10 00:00:00,2018-08-10 19:59:20
d8229be623805938a33b2109e834581a,42179e8f527c0f76eec0b2a37a284f4d,3,,,2017-03-18 00:00:00,2017-03-20 16:01:44
04de8cd3ff7e266fab83809dfb2b35e0,f65681ae52bf95372fcd66c697752f3d,5,Excelente,"Produto muito bom, recomendo.",2018-06-27 00:00:00,2018-06-28 01:58:55
34ada4197b872913c7a4a37eeb373096,41ce1e9cd5fac4c3171a6e1c4dd6281e,4,,,2018-06-07 00:00:00,2018-06-11 19:14:08
34d1565d7fb9db16317362fe054f2312,fdb987001ececccfd2e9320c8115d125,5,EXCELENTE,entregou em tempo record,2018-06-16 00:00:00,2018-06-18 11:23:12
f671814d4878ef5cacd76c74eeef1d15,973bdd70c3cd13e9d42646b29ab8c9a3,5,,,2017-10-04 00:00:00,2017-10-05 11:57:46
67e94dfb6f2581e471bf6c071e0b8316,972976cb62fb977bfbc253219799e486,4,,,2018-08-09 00:00:00,2018-08-09 13:09:51
90d076b745b3cbd6751be29af3dab7c9,6bfefd597dae9bcdc38e087a154ab6e5,5,super recomendo,,2018-05-09 00:00:00,2018-05-11 17:29:41
6dd714bffe0008d2323cf2e6974f31f6,cd12238095fc7765f26477b48b9cb3b2,4,,"Achei que a embalagem de entrega poderia ter sido de melhor qualidade. Uma caixa simples que, aparentemente, pode gerar danos ao produto. Mas a princípio o meu produto chegou em perfeito estado.",2017-08-04 00:00:00,2017-08-05 03:43:17
4dd9adff34984d053150c0bb19cf74b1,379fed4a1ab7b5a3e8126fe0b76b9ebe,3,,,2018-08-01 00:00:00,2018-08-04 12:29:42
c0640b101ee1a07ddcd9c82b7ed5e46c,056ea0ed4a967ffdde98507a7d5656a2,5,Recomendo,"Chegou antes do prazo, ótima qualidade, recomendo 😀",2018-06-07 00:00:00,2018-06-11 13:59:14
e971b0bf37a4667c286df9b958b9e274,5301ecfd0e379cbcb4129e22f8a7f0ef,5, Entrega muito rápida,"Excelente produto, com uma entrega surpreendente. Recomendo a loja a todos. ",2018-07-12 00:00:00,2018-07-13 01:06:17
a661f22aad5188db1321994400a29633,1494db03a5c6e6ed463866c7e1171104,4,,,2018-07-31 00:00:00,2018-08-06 22:53:45
31b17f5883fc417e29395c250b856a27,e224d9d6fa66b26b8b86e73d2852136c,2,,,2017-03-19 00:00:00,2017-03-21 09:49:54
8d8cdd4d20e7a3db938ce16c150a3030,9630c641313083fe39397cfa75810e4b,5,Muito satisfeito ,"Gostei muito de todo o processo de compra. O produto condiz exatamente com a descrição e a qualidade é melhor que o esperado, afinal o kit custa o valor de uma camiseta. Voltarei a comprar com certeza",2018-08-05 00:00:00,2018-08-05 22:14:57
00d02b97d681dfd7773b124e26b6d399,26343e0890fb597a7d91a607455a44fa,1,Produto não entregue,"Bom dia,
Estou no aguardo do meu produto já vai para 30 diastema nada.
Preciso cancelar a compra",2018-05-13 00:00:00,2018-05-14 03:32:01
92e65cab13d85435410c54f6e2a722fa,84253562834802051b3ee018d7daecb4,5,,"ESTOU MUITO SATISFEITA, COM CERTEZA VOLTAREI A COMPRAR !",2017-09-02 00:00:00,2017-09-05 22:42:48
9fce51f19df474cae5046550740470aa,6cdb86865449a92089579ea715e1c1d1,4,,,2018-08-17 00:00:00,2018-08-18 13:12:32
e0e8bc93edf808ddbc1d2d71533e3955,9e784561e351e3749a4dc15902d0e7ad,4,,,2017-04-28 00:00:00,2017-04-30 22:03:16
ce38dd91f4b7039a046ebf4da258e2e4,b8fba4dc6ff421731ed01f46c701084a,5,,,2018-01-23 00:00:00,2018-01-24 00:35:14
2888afbc0383ef460f19c6fdbc018466,f47d6af60927db6bd34707fb06c0ad61,5,,,2018-02-16 00:00:00,2018-02-16 23:40:56
954c809cbdf3bb89b0f60ab3a2a70a61,d6ba0aa53ad5742259d45436b54d2b46,4,,,2018-05-19 00:00:00,2018-05-20 16:12:40
802b9ef1598ce0f897487ee04cca7e6d,a5ee069718f4fc72e7a0567f4a45ba53,3,,Gostaria de opinar depois que eu receber meu produto,2018-05-31 00:00:00,2018-05-31 13:53:04
3b1dec2919e5f82151051acacd51233b,9d7a3ee5e3aeb43589c049d8940e9ba9,5,," A entrega foi rápida e chegou muito bem embalado. O produto é multiuso. Serve para tonificar, massagear e até lixar. ",2017-04-04 00:00:00,2017-04-05 01:02:12
fd0784df27a5f48fbeb7c5b07f8686d9,78489b82e815cf23348985a3db599319,5,Entrega super rápida!,,2018-05-08 00:00:00,2018-05-10 21:23:38
5b2f14d359963b1c79ebaa6eb4365b99,820235f6d6341b0a1d64f22499ba07c0,5,,,2018-07-24 00:00:00,2018-07-24 22:17:29
330c6404e5821a30d57643f50f5f276f,5f9c46986c8990debd941ac4f936e95d,5,Otimo,"Produto entregue no prazo, material muito bom, já veio montado conforme descrição do produto no período da venda.",2018-08-16 00:00:00,2018-08-16 13:30:15
074aabfc2c2fbe887037de74a0b089d4,648b4f683ccf074ebe65a73c8096dd18,2,Bom,Veio certinho muito antes do prazo e fiquei super feliz ... so a cor do objeto veio errado tinha perdido roso total rosa e veio na cor rosa com verde meio estranho mas o produto e muito bom ,2018-08-05 00:00:00,2018-08-06 12:38:35
fcf1bed968bc8cc1f6bcb245a2ce7414,ab0440479873dd65da01b76ae53ec3c0,5,,,2017-12-08 00:00:00,2017-12-11 00:06:06
966ba7467588d007c1e8beb4e2f8d2d6,e68a0761535bd432bb847f4ae7b7b4c0,1,,,2017-12-10 00:00:00,2017-12-31 09:09:58
ffc7cd9c4c3c253063a5d02cc79fc77b,c69e067f9b64eea56517834d123baf0e,4,,,2018-03-08 00:00:00,2018-03-09 02:11:56
f12f6684fc89fc8042a8f111722df4ad,7955a52aeb9d87cd04d970f6cc22c98e,5,,,2017-07-19 00:00:00,2017-07-21 06:42:19
1134cb1862f2f51b8992f88b19531084,2e2becbd3307b63efe5ea59d9e61f08d,5,,,2017-12-29 00:00:00,2017-12-30 23:35:06
ff837671b95f5eb5f605bb60bb84adb2,30bef37a80d21494c619aea50b367550,1,Péssima Loja!!!!,"Não recebi o produto. Previsão de entrega era dia 13/8 e consta que sequer foi despachado ainda, sendo que hoje já é 15/8. Péssima Loja.",2018-08-15 00:00:00,2018-08-15 05:00:15
30ee800093e56dea8ba9eaba5d3e680a,e56d6fad37333104e525678504e3b8c3,1,,"Gostaria de uma posição, já que o prazo de entrega já expirou e meu produto não chegou.",2018-03-16 00:00:00,2018-03-18 00:24:28
e5384eded232a5c58cf88103503b79a5,49ed8238ac156a01d16ef8b89bc7f6be,5,,"MUITO BOM ,chegou antes do prazo ",2017-07-21 00:00:00,2017-07-24 11:30:36
6fb5e3b9e83df21267d2088c36d6c84a,bef03713fe5980450be9ff427e26b699,5,Equivalente ao Original,"Excelente produto, compensa MUITO mais do que comprar o original da IBBL.
Recomendo!",2018-07-14 00:00:00,2018-07-16 16:55:07
bae85972e5701a54e33a9bcddb898d17,d46a98b33046509aec0ca7142d63b9b1,5,,,2018-03-28 00:00:00,2018-03-29 19:32:43
602b514b10171f4197b9f7539c6a96e5,478f2ae691d27c91c581c47b8e9f61d4,1,,vem mt pouco só da pra usar uma vez e já acaba,2018-01-19 00:00:00,2018-01-22 11:43:27
0403937c18bf4fc4112ee3b7b9316c35,c5d3fae065a8090bae39f4f34b14cd06,3,,,2018-07-10 00:00:00,2018-07-13 11:41:43
fc1ee5ddf64cc1b96fe862fd4c77dced,5a4622fea27ea392ef817c16c9aa3da7,5,,,2017-11-30 00:00:00,2017-12-01 01:05:00
5ec668ee2df718ea3c220e4347be48ef,6f4016e726a9987c48a94f9c2e26898a,4,,,2017-12-09 00:00:00,2017-12-12 13:20:45
9cbe0c6350c062a2f849f2f024bfcbae,2823f47e6fb0f2a1e5a8f221ebb5aa15,5,,Eu só não sei se eu comprei uma placa nova ou usada por que veio enrolada no plástico não veio lacrada e também veio com o chicote diferente,2017-07-26 00:00:00,2017-07-27 10:37:41
ace1681ba6adfe10d0403d68170fde8f,0eb43791d78d71f1098d5cb2b46e4c7b,5,,,2017-04-10 00:00:00,2017-04-15 00:15:25
3b839dcb5f8d04162ae9d82f3ba4f95e,b016e89611c45abd1ec9cad23df2b290,4,Boa,,2018-05-17 00:00:00,2018-05-20 13:46:46
a9dd71a622ad48be09e2d57b89f0e6fb,4e574601fa03ae371593a005d9cc7a32,2,,"Muita demora na entrega do produto.
Não compraria novamente!",2018-03-23 00:00:00,2018-03-26 11:15:25
2c1d01fb80b7acad47fe16bfa1040a02,69697763300040978b1c88f1bb60ad24,1,,,2017-11-11 00:00:00,2017-11-11 14:58:54
5db0686f3ae22fba22057b4ede2ee6f7,f45a9d097cad72a13df7a423d893dab6,2,,"Produto entregueantes do prazo. Um relógio muito bonito porém não gostei muito da qualidade do produto, mas mesmo assim gostei.",2018-05-06 00:00:00,2018-05-06 13:35:27
b93b3f36a325638b5491bb2f1684f01b,de86d263fd8adbf70b390a50f59266e4,4,,,2017-12-14 00:00:00,2017-12-14 14:03:15
71f2fa6d5eabc7c1931373073d96db12,4e2cd0aecbb0fbcc5fc61ed8fc23589c,5,,Entrega dentro do prazo,2017-12-07 00:00:00,2017-12-07 16:15:37
ae26ce42d96b4959b446788cc57ef469,e710c7377f2f29b3d369420d354b5abb,1,,"Produto veio quebrado, não podendo ser montado. Além de extrema baixa qualidade nas peças. Veio todo descascado, com medidas diferentes, amassado. Solicito troca urgente por um produto em boas condico",2017-08-22 00:00:00,2017-08-26 18:36:54
2387fecf596cf8d566eb20fb989ffa75,dff4ec81cddf051671aa0402bb29fd3f,5,,tudo certo e dentro do previsto!,2017-08-08 00:00:00,2017-08-11 19:57:43
96b7017aa047094ca776e53ef9c8d43b,385408894abaef5ea2b48046ca02f823,5,,,2018-02-28 00:00:00,2018-03-01 11:06:08
a28c46ad6a9127d9ad195135d98ae620,c992f37682e64f4ac2ec63136c54369d,5,Excelente ,Excelente ,2018-07-31 00:00:00,2018-08-03 15:12:30
40eaf464f2d053edf72a1eb2f769c658,7068f768a623a654abf648def8753495,5,ENTREGA RÁPIDA,PRODUTO ENTREGUE ANTES DA DATA MARCADA. PARABÉNS,2018-05-25 00:00:00,2018-05-25 17:56:32
a0c7001af63b10f497c4fa6854fafc9a,b9e2b866cb381ea49beee36e3baaa76e,4,,,2017-12-22 00:00:00,2017-12-27 20:39:55
2093c92b6c3c8dc7d8f96353f1e77504,2eae590e79adf4a3c3876767968770ac,4,,,2017-12-15 00:00:00,2017-12-16 07:07:57
68209efd3292fe8480f427161026bedb,b17838c714aef16bc099010feb2261ba,5,,,2018-06-20 00:00:00,2018-06-21 17:22:47
f7697a0d1eaadc2cd30a235838a4c110,1d92d2ce1ae2e0510b5ce50c5be578c6,5,,,2017-12-22 00:00:00,2017-12-27 16:29:55
bb790493dafd2187788489d30f3a60a0,2eb455a9ac809470168098ddf4e2a25b,5,,,2017-11-10 00:00:00,2017-11-17 02:55:57
44adbcf1c5e84c4fb734c31f9f7e95ea,f64d3fcec2473409b404374ea0ce4ded,4,,,2018-07-03 00:00:00,2018-07-04 12:16:59
c2f3b6bca08ddc84b4c7c6a0ca580681,7cddfd6adf258ef9dffd6b2550ce097e,5,,,2017-12-10 00:00:00,2017-12-11 18:31:08
ab5dbef1f0c415d674f7cf84b843b796,cb6c4a73c3a96d368b2eb15d29d0a243,5,,,2018-05-30 00:00:00,2018-06-10 01:09:57
1e6e8e8022d161c471a545cf6df90090,48a32a844d2782e2d2b33c2ccb6a941a,5,,produtoentregue no prazo e amei a qualidade,2017-08-30 00:00:00,2017-12-05 15:05:14
a6f09450573512872792a09809a5d120,4584d6304fea8191d84facfb8370ef4e,5,,Produto entregue antes do prazo,2018-04-04 00:00:00,2018-04-05 11:14:22
e7bf16da207fd0ba59b0629e84ddd1e5,e12019a9afee02a4355f3629cc804f9e,5,,,2018-06-02 00:00:00,2018-06-03 21:00:19
038c764684b2d6ceb477b0e298a3f3cd,9e711ba681b09da30750ac0fe7a0cc3b,3,,,2017-10-10 00:00:00,2017-10-11 07:51:46
1d64e6e492d47759de2122ce70fbf228,b85b4d3eb7887ec7b9479e2f45362dc6,5,,,2017-08-02 00:00:00,2017-08-03 21:54:43
bef1bf2fa3f94f66d868d6160d202469,6917bf2ef92587d31987c8c01aa1b4e0,5,,,2018-08-29 00:00:00,2018-08-30 02:52:06
1f92fe5fc1faa060f07e278dd65b37d2,7bd817ef4c8ffd77578d493d6a25d69b,5,,NÃO GOSTEI DA TAXA DE ENTREGA MAIOR QUE O PRODUTO.,2017-10-17 00:00:00,2017-10-19 13:15:06
6c84747111a5ce1eae5b79f705a5ef76,e86fb2abd1932ca34230cb407378e9d8,1,,Não recebi o produto,2018-03-29 00:00:00,2018-03-31 10:29:52
402cbff3b06652acffc4aebcf836f8e1,b40a0752445a5228f3063cc30201bb11,4,,,2018-01-27 00:00:00,2018-03-07 12:37:55
42854d8158b25f0a850e66d7fc2e7648,db2591092d4d4eefdacc5957508a3af3,4,,,2018-07-25 00:00:00,2018-07-28 14:17:07
2e0a90b042448d605486a53f12cbf19c,1e8fa3b2e3c94bcded7f59a216242717,5,,"Parabéns ,ótimos profissionais ,o produto chegou até antes do prazo",2017-09-15 00:00:00,2017-09-16 01:40:41
2e6cb967386752bc76e6fa60e96f9ef6,20b4a1345c31cae5591e4faccbba51e6,5,Otimo,Satisfeito com a compra,2018-05-22 00:00:00,2018-05-23 13:39:57
e38c9e0e02552a21eb1b397389632783,a3e5028ece0876f0a632152e9a66ff0c,5,,,2018-05-25 00:00:00,2018-05-30 17:42:36
3053885e070ca53db4ea3c56cd1ec3fc,ed78b29fa4c1255d275df5d4e464503b,3,,Preciso trocar meu produto. Eu quero latas de mantimentos e não latas de condimentos.,2018-02-21 00:00:00,2018-02-27 12:02:35
f24a75193c932f85c3f52baf59739c3b,8f4506a1cdcab32fde709a67d49778f5,4,,,2018-05-03 00:00:00,2018-05-07 07:04:14
f892e2bbf6f34b0b7cb719a90b061f5d,1ff7ebbeffe12add6550ad9cd0c33ba2,4,Entrega ok,Produto nao com qualidade de imagem muito boa na minha opiniao ! ,2018-08-30 00:00:00,2018-08-31 03:48:28
1b3f2bd2f1b0c86c261d6273b2bfd186,51b293b7ef9af17da9a922ce4069c202,5,,"Entregou antes do prazo previsto e ainda com um brinde, comprarei outras vezes na loja. Nota mil",2017-12-08 00:00:00,2017-12-09 13:25:50
61ee5a9b8183e4b059a007688b38dcac,6aef284c51f971e11cffc4e49caea7af,3,,,2017-12-20 00:00:00,2017-12-23 13:28:32
0f54fea9e89c2a9398b2bd56e3880eda,8d4c637f1accf7a88a4555f02741e606,5,Adorei ,,2018-08-26 00:00:00,2018-08-26 20:21:38
dc9a1ae350d10462f1ef975a942a7789,bec5e390bd832706d84b46aba9c4a83b,5,,,2018-03-28 00:00:00,2018-03-29 00:15:48
dd0d1186cc7024a85569dc1d0532170c,010078e0913f48d014483bd856c01ca1,5,,,2017-12-06 00:00:00,2017-12-17 20:33:03
8b642af0e9408fe3692b4aa5568670e2,99714bfcb295d1b7526bb0e1e6f2942a,5,,"Os pincéis são ótimos, flexíveis e tem boa absorção,o que facilita espalhar bem os produtos. As cerdas não soltam. Tamanhos perfeitos. A entrega foi feita antes mesmo do prazo dado. Recomendo!",2017-07-12 00:00:00,2017-07-13 10:52:13
f7dc89f0482f47559e3698e89ca670bc,a95f8f8384a13be626e06154468a9200,5,,,2018-02-28 00:00:00,2018-03-01 00:45:55
ce42e366a01ca7204c3c8e798328bb8a,582e0dbdbf89bc46dbcc5c34ff60745a,1,,,2018-03-30 00:00:00,2018-03-31 15:58:18
bc32ba502b21deb0c3902a8443adb818,36e4e23cd12bdb0504acb89751e85bc8,5,,,2018-08-18 00:00:00,2018-08-18 22:41:51
4f4a5f22f0bde653b8c3239eaafa8169,5fdcee361d689906697597a4415711b2,5,,Muito bom!!!! Adorei!!!,2017-12-21 00:00:00,2017-12-21 20:47:34
196674c23291bddb252984c4f6c6dbc7,ec1692cdaaac26359dd2b8da5e6a409f,5,,entrega rapida produto otimo,2018-08-09 00:00:00,2018-08-14 13:05:36
e3311988ccd3e93d7bfb245fac2ec933,1c487b52a0823daeced375367d5f73de,1,,Bom dia. Comprei duas unidades do balde mop e até o momento só recebi uma. ,2017-06-27 00:00:00,2017-07-01 13:10:39
7d59a615c60630d19b007e74560936d8,588e7e0d12441120556b3eab625514aa,4,,,2017-12-17 00:00:00,2017-12-19 19:12:38
ba4c73d4b501c0c9e93de1709fd949d4,33ab2dc79c51648bd7787cdf4d64f656,5,,,2017-05-31 00:00:00,2017-06-07 13:43:49
6da43271b2b9a70e42ac36f5c6e32389,9ac3e0dd6aeb10079e605b2e0f1cd7de,5,,,2018-08-25 00:00:00,2018-08-26 11:46:20
89800aa2be0ecf3d8d8e040122bb4e9a,b310a5cacafc1233286e34caf4fe9135,5,,Simplesmente adorei meu produto !,2018-04-07 00:00:00,2018-04-09 22:56:15
21b9f73cacba2f21ad4f6d6c818d4fe1,540f4eaaafc047a407e4b4522bd0fd66,2,,,2018-04-04 00:00:00,2018-04-04 12:16:07
b503d29ea60a8b84b39994cdd9488a12,4f3ca5ff0917ab7f5c33e83a98ca7a83,5,,Ótima ,2017-10-20 00:00:00,2017-10-21 01:02:03
8bce37ee5e556095a4f153a924048f9a,4cfaef0e608d086a42b2ab2d089419fb,5,,,2017-12-22 00:00:00,2017-12-24 18:58:12
3a44c43f41f1e6f0669050e7b1c4f84c,dc12fa02210be1acbcc15ed310547ba0,5,,,2018-05-26 00:00:00,2018-05-28 10:32:36
4548534449b1f572e357211b90724f1b,a2ac6dad85cf8af5b0afb510a240fe8c,1,,"quero devolver o produto comprei um veio outro;;;
quero meu dinheiro de volta. ",2018-08-18 00:00:00,2018-08-19 00:39:54
3e67da389a6080dbdd084751c2fff2b7,aac103aa82ea3fbc312b34cbc349859f,5,,,2018-04-19 00:00:00,2018-04-20 00:34:19
9fb12cfec1a9c791a31538b7c5dda1ad,2a677120e5ddca4e25eea9768d3a67fe,4,,Entrega rápida e produto ótimo. Já está na minha moto. Recomendo a todos!!,2018-01-06 00:00:00,2018-01-08 02:25:42
a39e2420f8175b8a10ff50aefafc3826,1be202b145a6722b8e2b08f60b288994,5,Ótimo ,,2018-08-30 00:00:00,2018-09-12 23:01:50
67d186b8f847299ea4a0e31b885259c3,6a3e9cd3ebd3eaf6a53cb71cb50941c4,4,,Bom Custo X Benefício!,2017-12-13 00:00:00,2017-12-14 02:37:34
ad748ccb1cb26fc097b08485617f8efc,1d8c63ae552e28d9aab13aa5a92dc389,5,,,2018-05-09 00:00:00,2018-05-10 09:00:52
9d479b7f6fac83b63ccb5664e1656c8e,2a013a00580ed531afdce681a1ef062d,5,,No prazo e com qualidade!,2018-02-02 00:00:00,2018-02-03 16:14:44
542003add7b711b9b59e592a83c0c174,a4de5b1662f4c05fc162558437fa96ae,5,,Tudo ok,2018-02-21 00:00:00,2018-02-22 00:32:42
5b2ced9b2ec1ead74ff9ee1857648f49,dca63e525f9401c2d75b39006727511b,4,,nao resebi meu produto ate hoje . comprei uma cama elastica ja chegou mas a escada ete agora nada . estou esperando a escada .voces sempre entregarao minhas coisas sertinho ate antes do prazo nao sei,2017-07-15 00:00:00,2017-07-17 16:17:37
9c6e1d12cd828b5ce8ec8fe43d95802b,97cbadeb1b5e215ee40649888763f85d,5,,"Parabéns chegou tudo certo.
obrigada",2018-05-17 00:00:00,2018-05-21 14:01:12
2c18759c5b2d77637277a2aacdf73ffd,747472f67c6d285c60bd732fc28beaf9,5,,Recomendo este produto.,2017-11-25 00:00:00,2017-11-27 17:01:29
cfef40b12b43165b181fdb437adc9b2e,f23863d36bbebad07e688d0010148a26,5,,,2018-01-23 00:00:00,2018-03-07 22:50:04
8b212805f79d4de49657b42e1e9024c2,023af4b88d12c9f3f56bcb55da0450c5,4,,"A caixa chegou totalmente amassada, por sorte eram mochilas, se fosse outro produto poderia ter chegado danificado...",2018-01-09 00:00:00,2018-01-22 03:19:11
b371552fec64752963599b106075529a,1f6c594830067e510e93534e3e3d0a2d,3,,,2017-08-16 00:00:00,2017-08-17 09:13:43
201bea6ed3623237914ca32b620a44e1,c72e93d7e98b14432271347cec69043b,5,,"sim eu recomendo esta loja,",2017-05-12 00:00:00,2017-05-15 16:46:48
aa0abd2ea461e0e5f41d9ef128583222,d8764a0bfdbd63c0dbcb665b8eafb7d8,4,,,2017-10-26 00:00:00,2017-10-31 18:58:01
e09dbf78f132248ac6566d325337f998,f29282bc8841ae8bcb88e357e9a32c57,5,,Produto entregue antes do prazo e em ótimas condições.,2017-12-21 00:00:00,2017-12-22 13:12:39
2f366b6a18fb7c504494693c19595d13,6954eac303f94f5f51b80deb4ba7be50,1,Não recebi,"Não recebi ainda o produto, por não ter nota fiscal o produto não foi liberado",2018-08-17 00:00:00,2018-08-20 19:29:37
53afc2ec8f7823b12df9420b06db98a0,dd26c70e6896e3faa053b43b35ba8330,4,boa compra,bom vendedor,2018-08-02 00:00:00,2018-08-05 11:08:41
c10778b654f793a4e4a667502e9edfa2,6714f3ccd1250580cfa7ab9c1aeb23f9,5,,Bom,2018-08-28 00:00:00,2018-09-01 15:47:24
4c0ea092710e3fda1c8638a17355496c,c0064eb733991511a78ddc2fdba0effe,5,,,2018-07-08 00:00:00,2018-07-08 22:54:10
13c8f6b98889dff1c36a89fddca2e5c4,f66b8bf378bdd2acca8604ef27039f1f,5,,,2018-08-16 00:00:00,2018-08-17 02:13:55
c2ca631482459fe4d360f3e60f2f5ea9,8384cc8291fa3f9512995c77446cf25b,5,,Compra tranquila e sem problemas,2018-04-12 00:00:00,2018-04-13 00:00:47
befeeb06a5792de448726aef7cc2e2c9,a0618409c3bdc38885d7474b4b1ee10b,4,,,2018-05-19 00:00:00,2018-05-22 00:54:44
e6932f56d5d8065227b92201988ba3f7,b7d340862fa4167bf17497298bf8d84b,5,,,2017-02-19 00:00:00,2017-02-20 22:47:18
70e19f304a49b2ea3b2a749685adf435,76d3da933ea02dff5b27a64415350c37,5,,Entrega antes da data prevista,2017-11-07 00:00:00,2017-11-08 22:01:53
e38dbbcbae27617ece2968f19c9bba14,4e6aa298577f90f026cfb1d07e86509e,4,,Ótimo,2018-03-27 00:00:00,2018-03-28 00:08:01
13d2f5b9bcc972216dc645569eaa852d,e871767324d95447813ac1bf3d68b3cb,5,,,2018-04-11 00:00:00,2018-04-11 20:47:54
082d6bd1e32892e4b4cde2a5cd02ec72,6e0f05728107157ca451dd9047a4eebf,1,Péssimo,Aparelho usado,2018-08-10 00:00:00,2018-08-12 00:40:59
b85388fe703b1d59fcf0ea42ec2b55b8,9a1d09360fb93ff8ae57b066fe14bc62,4,positiva,"Atendeu a espectativa, entrega dentro do prazo. ",2018-07-07 00:00:00,2018-07-10 14:19:23
8c3000c17781e092bff3e1df8711c794,e4865416690d1f1fdad49bc94f871de6,4,,,2017-12-07 00:00:00,2017-12-08 03:47:27
263c9b9c07ce63df675f690cea95d112,e154bd31074cedc28398f95da6dddd55,5,,,2017-07-25 00:00:00,2017-07-26 01:45:19
fb287557b87391eeed7b69d17bb619ca,6512b3c07826f1163a862a02d2f54351,4,,,2017-09-01 00:00:00,2017-09-02 10:39:46
4980089256656d8d04f36075d0cdab6e,28232387d76b1ef18dd621c7702e31f9,5,Tudo certo.,,2018-06-06 00:00:00,2018-06-06 22:45:22
2d9278bd208734d2af73977c3d0810f0,3612774010df99c2dbad4a7dbebfff59,3,,,2018-07-28 00:00:00,2018-07-28 19:15:03
fe6a2658b6560aac1951c19a57337292,cb61ea5ecf3a762ee7460dc23d50fffd,5,,,2017-12-23 00:00:00,2017-12-24 03:17:15
dd8e171f351ccd8f232c4a7c976db19a,838411338443a817cfb4c26f0f7a9c9a,1,,"Tonner compativel instala ok na impressora, mas saiu falha. Comprei outro de outra empresa e saiu normal.",2017-12-10 00:00:00,2017-12-10 18:48:41
0488856829292b4d0d759cdbace8fced,5077287aeb4c2ee7662411de334235ab,5,,,2018-01-07 00:00:00,2018-01-11 00:28:43
84fd4822a52f6b9979785b8b622cdbf9,6659002983cbc0fc582729e3aa1feaa8,5,"Bom produto, ",Bom produto chegou rápido!,2018-06-09 00:00:00,2018-06-10 01:47:27
54aea66ceb83b9fcd52dadc4bea32095,5d67cca99e80d5f9cc0cda0ce73ca3a3,5,,,2018-01-24 00:00:00,2018-01-24 17:50:03
c399dde7adf4094cebb103781f9251a6,1ad01d500af41c23f0f84509df94f797,5,,"O produto chegou no prazo, e acondicionado corretamente, sem avarias ou divergência. Só a película que dá uma diferença da tela do smartphone de 2mm apróx. e pode comprometer a proteção, fora isso ok.",2017-11-22 00:00:00,2017-11-23 11:24:57
b19c52f8c4a58d38ce9e5e120f79498e,305af4823119256511e64863ca221c60,5,,,2018-06-05 00:00:00,2018-06-06 11:47:35
7dbc87fbc2dc880847ed065106bf2f8b,ea07fcd3f9385395f50217c8ca1eaa45,5,,Produto muito satisfatório,2017-11-22 00:00:00,2017-11-22 22:44:41
a6808f110a30d4d11e32e099aae1ade5,d7646ffe8fdd9e7d9557f9f7cbf04530,5,,,2018-05-09 00:00:00,2018-05-10 12:15:42
9f573c72a9812eedc10c551846fa0fe9,bd1a75149b4f3c4c2810386211835917,4,,,2017-12-16 00:00:00,2017-12-18 20:10:46
995536bb9c5df034bb6a509c27e155e2,757b85709c71afdd65579b82b1f5401c,4,,Protudo ta em teste ainda,2018-04-07 00:00:00,2018-04-07 14:20:22
f6370b56ea5b52cd629025ae57aadf04,2d37b55e71618c48264e6288fc228844,3,,,2017-06-17 00:00:00,2017-06-22 15:01:37
32a3bb0413a550ccbd1f937b8fbbadc6,f2fe33e91924ce0b0182264712504584,4,,,2017-07-21 00:00:00,2017-07-21 23:42:25
6cb61db932fcccdab7e86dc2fe14e1e8,31a6cf15863af3a28c926044c0b50311,5,,,2018-01-19 00:00:00,2018-01-22 13:28:03
5d3587c7e41cc092ea5cb2a53de30123,c487fa98ecd15cd13d1467d49ec6af47,5,,,2018-05-11 00:00:00,2018-05-12 00:11:34
5c554f53cf5fcf83a322b475ed11068f,95d7f1d6526fe255c28b15b749634392,5,,Estou satisfeito com o produto comprado e com o prazo de entrega. Vendedor confiável.,2017-03-25 00:00:00,2017-03-25 22:55:42
628692cc345bbd8dbfa1f050d820cab0,3e6f06c624c7f67d6a0710e39ca97f2b,2,,Não gruda muito😩,2017-09-15 00:00:00,2017-09-15 12:27:53
44644f6839af881173bf7d11675ebf12,c9577dccdc314ce381822a54b1eaf22d,4,,"Ótimo produto, conforme o anúncio. ",2017-12-07 00:00:00,2017-12-08 08:45:33
fa7f32a42595fdb122b44527d8765a01,084ac56b13107e32ab92934f70638bc9,2,,"Faltaram algumas pequenas peças e muitas das peças enviadas foram de uma qualidade duvidosa, não recomendaria ninguém comprar bicicletas por internet sem antes conhecer o vendedor...",2017-12-12 00:00:00,2017-12-14 23:38:21
7b4e2f8fb8a96107219aaeaee56be3a2,c20b8787cc61fb390fe578ddf1995933,5,,,2017-10-07 00:00:00,2017-10-09 22:59:39
04d6498f41784a2059bc685403f0b803,2c1ac2ae4cb9b2b35618143ca66d8f74,4,,,2018-08-17 00:00:00,2018-08-17 21:51:54
ee829f3dc04f17a37edf7b8725efd323,f2c12c46401363b2f37ce6200b520ebf,5,,Entregou no prazo certo. Obrigado. ,2017-11-23 00:00:00,2017-11-23 17:19:40
7a34d51a3d79763dbc6c08947daaeac7,ea38dbbe2044b5c96bf31ff508ba1aad,5,,O tapete é lindo.. não solta pêlo e é antiderrapante.,2017-05-31 00:00:00,2017-06-02 15:50:09
cbd4bdd791f5820548ac31a1dc4b83f7,2bec039adcca39ad3a2d76a949e6c99d,5,,,2018-08-04 00:00:00,2018-08-06 20:08:49
14842b665915a5e2c694ec6af16d7877,2f62d489455bae79172e60f9eb0a9cea,5,,"Gostei bastante do produto. A loja, muito profissional mandou muito bem embalado.
Gostei bastante, parabéns!",2018-04-07 00:00:00,2018-04-09 10:42:05
83d69aa94c1a1f970f428e313aeca8fe,d61fb054800247ebeef5200e8bf9c9bd,3,,,2018-01-14 00:00:00,2018-01-14 16:50:28
f184528e9a897a622c22ceacbfa14053,2a713182dbde7d2e65a7202532650f44,5,,SUPER RAPIDO,2018-04-11 00:00:00,2018-04-12 17:33:16
1b578ab0eb622c9f916a47bd9ab1a020,5d9fde36e9b14f9c646577bb073b1486,5,,Excelente,2018-03-01 00:00:00,2018-03-05 14:21:19
84b1458bb1dc6ca7320f78ece8b68e28,a5d7b5b625f48f4af406a8b11bb59751,5,,,2018-01-09 00:00:00,2018-01-12 00:14:14
be037ee777d5bea6b2843192a04f1ff4,bcbead00f0c2dfabaf82fa4af5611f71,5,,Muito bom ,2017-12-21 00:00:00,2018-01-11 04:09:55
7d09b702973ca7ab588422291430c157,111ba12ad74e09e86c3d2918f56ccd20,5,,Recebi super rápido !!! Tá de parabéns!!!,2018-03-15 00:00:00,2018-03-15 21:51:36
05c535de2e324ee04e94d17c2d787d55,27e2a7e5ef6ee74e734f296c3a0e33f8,4,,"Produto entregue antes do prazo, parabéns baratheon!! ",2017-03-14 00:00:00,2017-03-15 00:37:14
b3b5262dcf8b0f4e6cae7d030971f523,b85614e04ee9ee71f2632faf63ff3ac9,5,,,2017-02-15 00:00:00,2017-02-16 18:58:34
d754c015fdd00a0258ef094e26bad8a5,fb04716648402d4fd6f8158e51779fa8,5,,,2017-04-05 00:00:00,2017-04-05 21:23:05
f67c215f6e2b0e5d7d4cfdd598e823ae,c83bfcbbc1e49ea80f7a77732efa3d48,1,ATRASO ENORME NA ENTREGA,A entrega está muuuuito atrasada e não recebi nenhum retorno a respeito.,2018-07-27 00:00:00,2018-07-27 13:15:54
3e01d982e5d8012af3a30bcb7b66645d,7969425ee9683fa972ac9783b66817fe,5,,,2018-02-01 00:00:00,2018-02-08 16:40:45
62aae86bbe8aff988d612dafc98efad0,ddcc7bc75d833f11bb5c8a7c1eda0c17,3,,,2017-11-28 00:00:00,2017-11-28 21:59:40
8b501bff4e0e41fefea887ce9903ab6f,b87f0af53388149e08ee91a0b00816a0,2,,,2017-12-30 00:00:00,2017-12-31 13:54:50
d222bace7302d3ac2f39882d79a242c6,61e21e4b85fafad4710e3431429af0eb,1,,,2017-12-22 00:00:00,2018-01-03 11:52:54
992f2794cb6a0a367ce07255bfba98a1,410ca3e085e39bc0b10867c729d02e68,4,,,2018-04-19 00:00:00,2018-04-24 19:44:59
20274938848186faa4d32f11588994ac,40b0b27e8d44ac649c24ff5e2a7afae1,4,,,2017-09-27 00:00:00,2017-09-29 22:48:06
9001b13d1c2bceb2b6cef50e1f7a6385,edd3d7495d5177045823010a1f6ac22a,5,,,2018-06-21 00:00:00,2018-06-22 20:02:03
c012452b0aa3d3f441bceaf2d53eea4d,7f54da866a82d947b1a3dc9a7c226dd1,4,,Tudo certo com a minha compra.,2017-08-08 00:00:00,2017-08-11 15:12:34
8ec5c536743c0ea50dfd694536104e60,b9f65a22c4594715663d2ad060df1b6c,2,,Tive que ir buscar no correio. Paguei frete p entregar na minha residência!,2018-07-31 00:00:00,2018-08-03 02:10:02
f46ec2a11ef99b42a650f782e63aaacc,8d51dadd16d87cc5be0ed773fd727f14,5,,,2017-10-17 00:00:00,2017-10-18 12:56:10
0facdb1cb92436d3b89b58c1aa1d7580,ead42f8f41e34c480a4a9185ab74b37e,5,,,2017-10-21 00:00:00,2017-10-21 14:32:36
b3aaefedd2348d0946add11b05aac8c0,a739570c1cd11112aa1fc229a15155ac,4,,,2017-03-29 00:00:00,2017-04-03 00:11:19
373d513506c573b137ff932a3f61300f,b09b18fbceead5d238576060df8d45cc,5,,,2018-05-26 00:00:00,2018-05-28 11:23:19
1a8ac12a75940bf8d3bf88c969218df1,1407ed7d738d943469994266e9706b46,4,,,2017-09-14 00:00:00,2017-09-15 02:18:45
f5af70e7cdc8235645f407c3ded041d3,0b3d6a94ff1d643af663f55ca8418520,4,,"Atenciosos, culpa do atraso foi dos correios.",2018-01-06 00:00:00,2018-01-07 19:17:26
b35f2fc53e2b8e624608609e786f2aa3,d34f01a9355c71adcc41fbc504e8609f,3,,,2018-02-23 00:00:00,2018-02-23 13:13:16
397a639307318957105b1045be8f8c14,c14191a30c0d8aae8951561cd85a7485,5, Muito bom,Muito bom e rapido,2018-08-23 00:00:00,2018-08-25 22:06:44
47858ca8acae9780b5681c26916732b1,d625545017fc7c86aee1dd49f0471c0c,5,,,2018-03-09 00:00:00,2018-03-10 02:59:04
056e181adf060c6db80fe736c0efadbd,1f0ab4d9a83fe935e1e0bf1061890186,4,,,2018-03-25 00:00:00,2018-03-25 16:51:14
baac4586eaf5565de72f0042b4fb68f9,fdcafe63dae6994927f09336202f66ea,5,,,2018-06-21 00:00:00,2018-06-21 22:31:18
974c9391e455a46c9f36a748a2e8b97e,b9cd12cbf3bc726135ede88877aca4bf,4,,"ainda não utilizei o produto, mas em chegou em tempo, em condições aequadas de embalagem.",2017-07-18 00:00:00,2017-07-21 11:41:28
d3324423ce8282c83377709927205c60,2f01a66f78b2de411ae9a3ca2eb73c2e,1,,,2017-06-14 00:00:00,2017-06-14 23:15:41
45b1cc6b792461c68f914507bc49b505,a76096ddae15d50a36d7cf86823a2c7e,3,,,2017-12-07 00:00:00,2017-12-11 13:38:19
b76d5a098ad9d1ade6c14de030bb0222,6f09a390f155a581c268dade6de048e1,5,,,2017-06-02 00:00:00,2017-06-02 23:16:41
620edb8a2d08cc885a5d240218aabb0a,b18478bbf9b2283e3d12452f69fd9ce2,4,Mude a forma de entrega.,"Produto correto,entregue antes do prazo.Não instalei então não sei se está perfeito.
A loja optou por entregar pelos Correios e como ele não faz a entrega em casa em 90% do RJ eu tive q buscar e leva",2018-05-24 00:00:00,2018-05-24 23:15:04
f76e48ffb848c853b63f655f975d5bab,c46eb22210707fb554e033849d39b24c,5,,,2018-05-19 00:00:00,2018-05-20 18:11:51
9d6a73b61c369c045952ab56f70ba495,ec1eeceac0fd882558b0f3976149e64d,5,,otimo,2018-04-15 00:00:00,2018-04-15 20:08:29
a33f23d1d1d615a0e0cfe0cb7b359552,b06ebf1a46fc060c183c59b092ce49ee,5,,Ótimo produto. Entrega rápida.,2018-03-30 00:00:00,2018-04-01 16:18:11
2840d6a9e40d29a4af0192f220a3eac1,ef2d4e1e249df529bd9607d86aac1422,5,,,2018-04-03 00:00:00,2018-04-12 10:12:33
59bd17181ca197582223d1741362d4dc,68656d23f76667ee6ebe117db63ea015,4,,,2017-04-18 00:00:00,2017-04-19 12:03:14
ff4b347f3b82de5ff2b04329bb9bfa39,a6aeb116d2cb5013eb8a94585b71ffef,5,,,2017-09-17 00:00:00,2017-09-18 18:42:40
f7f582a823e82fffa9b2ec3cf2ced1f5,8ab4737e31b330e9244e8e1e9a59000c,5,,Adorei,2017-12-09 00:00:00,2017-12-12 11:24:13
4d996552b5d7505e90aae17f2d4d4bd8,954945beeb5990c532ac06d464edf931,4,,,2017-11-17 00:00:00,2017-11-17 23:34:11
c3ebeab5645ca9059a8262fce6541097,1257e20a360aff14dfaa811bc8e50e09,5,,,2018-07-17 00:00:00,2018-07-17 17:59:00
3263a0e8395bcead2503ae98c36d8716,4d1e8e1f2a630776ccfc291515e610b8,5,,As capas são grossas e bem acabadas. De muito boa qualidade. Recomendo!,2018-01-25 00:00:00,2018-01-31 22:16:22
47dc8447e39631ac7e6764f360b24d21,ea048e4dd31fbc0e639a1aade37c7f3e,5,,otima agora vou querer LG55 4K,2017-07-21 00:00:00,2017-07-21 23:29:57
31516f96738555ad19d558bc27a8bce2,53a55fb5597f90b6727f82626d65f179,4,,SUPER RÁPIDO NA ENTREGA.,2018-03-14 00:00:00,2018-03-16 19:50:49
a5c6bafd72f34d382a636ccf4c3f57f6,9506bf16f764e91707db1ffebc90b494,5,,,2018-05-15 00:00:00,2018-05-16 01:25:48
b18204ed1b39d84c36cca10a2b45643d,a402af38a74c44926247db438245d95c,2,,É a primeira vez que um produto não chega no prazo,2018-03-08 00:00:00,2018-03-08 10:27:58
7ff1b70baa3235950d061e6cc5210b76,87f53a70fe59ee417c9cb654dded07ac,5,,,2018-07-07 00:00:00,2018-07-16 14:52:35
f910d8f0cedf90753a41b3b2f1293f72,3d5857f4fdb1061d247dea2544782580,4,,"Produto de boa qualidade, mas muito caro aqui no Brasil. Como ia demorar para viajar decidi comprar por aqui mesmo...",2017-10-28 00:00:00,2017-10-30 10:22:54
e3e380b2298b687d6dde27cb2753416e,9cd2255ff41cdabee2e24bd9ec5b2084,3,,,2018-05-19 00:00:00,2018-05-22 18:17:02
79f18831bdf5ab10ca94cd54b424cfa4,9668df5c9cd95343e4c6282f85091924,5,,,2018-05-10 00:00:00,2018-05-10 19:30:42
84a354babd290a9cd222d1324f1467b7,c6c76014b61dcf511dd9db142760ae34,5,,Muito bom,2018-01-27 00:00:00,2018-01-30 10:31:38
9cb193df147076cad5cc58bf1baee4d6,b23b43e19386862a7c0aaa27c80e782f,5,,"Excelente empresa. 
Entregou antes do prazo. ",2018-04-18 00:00:00,2018-04-19 10:26:34
b26ef437189dba2f9231e30b8557613e,ade69ba18f873dc21f043783d60beeb6,3,,Faltou 1 jogo de toalha...😠 ,2017-12-15 00:00:00,2017-12-17 18:58:13
6898b581fe5fb924e3da58440c829a60,5104ff479c1b5720649c1b85b599d2ef,5,,,2018-03-03 00:00:00,2018-03-05 14:22:51
d355cb97216b0e5bdd129ecb94be5a44,c0a5ad81be45e1a04365870aab5cfb4f,5,,Recebi bem antes do prazo um produto de qualidade e Ben entregue. ,2017-10-04 00:00:00,2017-10-08 23:42:58
3c34605555a73d74c0d0ba4fa01b371b,3464de846f6595e07bdee9f5a234743c,5,,"Gostei da atenção, entrega no prazo não gostei do produto.",2018-02-01 00:00:00,2018-02-02 02:29:06
598bb7c137bc7d4d7c7ba786897e0c21,f84df8c0d5dd2861dd4b0939c1a9fc27,5,super recomendado,"AMEI O PRODUTO,SUPER RECOMENDO!",2018-08-01 00:00:00,2018-08-01 14:14:08
438aa26bdba5c1f63044ffd22f3a55f1,27d7ae4ad298e3686566ac8e9ff928e5,5,,Muito obrigado foi mais uma vez um ótimo negócio. ,2017-09-30 00:00:00,2017-09-30 21:51:07
71fe980e19f71e249d44431096726b19,0e6844f9954c0a475641b6490c3f9739,1,,Nessa lista de meus produtos são 4 e até o momento chegou apenas 2. Gostaria de saber quando vai ser entregue as outras 2 e o Coberdron,2018-06-13 00:00:00,2018-06-14 01:24:10
85ba167b850e1ef4b19a029d5c6e39c7,e80607d735f571309e8438fb2ca4f594,4,,,2017-09-12 00:00:00,2017-09-13 02:26:29
fc937e322ab7d52e2e9a1c950b674147,dbe34cb0129b5b0507a4547c1fdbd3cc,3,,,2017-12-12 00:00:00,2017-12-12 23:00:24
614adadc3d317f97b616050816b9a466,b2474e46a04ca0a4e74efac9384ea7cd,5,,,2018-05-05 00:00:00,2018-05-06 00:08:27
bfc4bd2ed244edc398330d61e883faa1,21c9855588b3946347dcaa1f159edcd8,5,,Estou satisfeita recomendo a todos.,2018-06-07 00:00:00,2018-06-08 01:50:19
c71489d3904066a6f863808142d505c0,7e9eac6236b24f54d858badd77aa172c,5,,,2017-11-10 00:00:00,2017-11-12 21:40:26
1dbab9ee5e892adf2049ba50ca4f9523,5942bd3a8502a95cab0655d31eb2c6fc,5,,Produto chegou muito rápido.adorei,2017-09-14 00:00:00,2017-09-15 12:01:30
78e3f38becc4647aa0a94dbe469b3671,cb110387675cb9e3354ff5fc1b25346f,5,,Produto Top!!,2018-04-13 00:00:00,2018-04-15 12:50:03
c8bcb4e84f60f9d49130ff60ac74cb2a,9ac9a171c52c75836da9ff89487fc78e,5,,,2018-06-27 00:00:00,2018-06-28 14:30:47
e74dfb84ac092e19ccba38ed93ee0554,a229af912d66e534353b1fa59daef44b,1,,"Cliente consegue efetuar a compra pelo site da lannister e o produto não tem disponibilidade. Se não tem em estoque, deixe bloqueado a compra no site.",2017-11-24 00:00:00,2017-11-24 12:55:52
dc256d430498cab26574dd73c65f2c44,77e4da3755c479aac3d6f7f2a5e94516,4,,"Se a mesa fosse um pouco mais alta teria mais utilidade ainda. Mas entrega dentro do prazo, r produto correto. ",2018-03-10 00:00:00,2018-03-10 21:10:28
bb0a3e1c580867b3aaef664ee3d4efaa,5b9075f2428968c2587dad5024af0f63,5,Ótimo ,,2018-07-13 00:00:00,2018-07-15 18:31:03
e63cd665153e48e2bf4e0536003bfdef,d82197665b49263e8815437c1e860b1c,1,,O produto não é igual como descrito e mandou número maior pedi 38 veio 44 um balão. como vou usar. ,2017-11-15 00:00:00,2017-11-17 21:40:03
4c62a5c05fe4cc6bca066931723c8abf,b58ad6013994eef55be5cdaf76a1a14d,4,,,2017-12-15 00:00:00,2017-12-15 18:50:24
a020494abce66bc62bf660f5a92c5379,eec2067eb71189cfcb944c23485d912c,5,,,2017-10-31 00:00:00,2017-10-31 14:45:02
fc4e74e5eb3f8503f78fac94fe54bd13,9e34a5f4e532b2af9484b29d5f249eec,1,,não recebi o produto até o momento,2018-03-31 00:00:00,2018-04-09 22:22:04
c04ac461429ea58406de0108a00f92d4,281f470497aa1a0af6a1d6024b3eba93,5,,,2017-09-15 00:00:00,2017-09-18 19:33:18
c20ad7fcb309a26933efeffe53d47d6f,d695ec0f70b323de0ce4eda82582faac,3,,,2017-06-13 00:00:00,2017-06-13 23:07:55
a26a76d45a2ccca2c334b18b600c7832,a820e4b8830258a148d161ba6d8bf419,4,,,2017-06-23 00:00:00,2017-06-27 17:27:58
1338f9cd1187e36431a028672fef0496,f5f7452f238f50e76a6fc959df850def,3,,NAO GOSTEI PORQUE VEIO AMASSADA,2017-06-20 00:00:00,2017-06-26 15:41:39
c6c396ae12a881464ec696737d29f279,08bb3532c9b969bb6a46f98fc5507510,5,,Estou plenamente satisfeito com a compra.,2018-02-27 00:00:00,2018-02-28 01:08:05
dd052dfff1d3b48e1c9526fdc3a63533,ad9259e8a14df6ee75201925f28d4a8f,5,,,2017-09-06 00:00:00,2017-09-07 09:50:31
993b7320ffc5616675a2014cba0ead62,9d27b66cd7dfe58587bd778c83c4d5a1,3,,O frete foi pago e tive que buscar o produto nos correios o que eh um absurdo ,2017-11-26 00:00:00,2017-11-26 20:33:15
95b1d50fc97be09b61fa81f47253557f,ff40f38705c95a8eceea1a0db29bff66,2,recomendo,Comprei 02 relógios e um veio correto e o outro totalmente errado.,2018-05-16 00:00:00,2018-05-22 15:27:44
de6935b262703d8cbfa6c1ab6df35f22,0da06a931a4d76045f42c40211501383,5,,,2017-12-08 00:00:00,2017-12-08 08:30:00
0bfdc94387506d5ed03e4011d7e1572e,eabcc26c288f8e0b366520f24014f8b0,5,,"Produto muito bom superou minhas expectativas 
Entrega feita antes do prazo ",2017-06-02 00:00:00,2017-06-05 02:53:54
cb96e3fd4051bed1d7dd952a221cbcce,09224348db675e0c2a00ebe2bd9599db,5,,"Eu indico esse produto ,realmente muito bom",2017-07-21 00:00:00,2017-07-21 23:59:38
0bc99e1cfa85aac2bd366ef118f2488e,4a9a9d64ccb1bbcb0db6634dbfae10d6,5,,,2017-09-13 00:00:00,2017-09-15 18:15:22
85206e23adb82eb5e069de7b30ee372f,8535a444df0f0b8ceb9016ddc7d49e36,4,,,2017-10-28 00:00:00,2017-10-30 16:45:10
6c869f6c0e7274813b2e0611d4c7cb99,04287a84357d7a29361c0948ee9bb4b4,4,,,2018-07-01 00:00:00,2018-07-02 00:03:39
2ab6391e8106131e67723413306b9608,f55863be6758b60482c4bdfa3cd016ed,5,,"Tudo perfeito, produto veio corretamente e sem atrasos",2018-01-06 00:00:00,2018-01-07 00:42:25
e4721a4b5ea9dc349c7220c8320481ed,34bf4feda1e203af64692d97c6950c39,5,,"Recomendo o produto e o vendedor. 
Certamente comprarei novamente no futuro.",2017-01-17 00:00:00,2017-01-17 12:24:12
621801ba61c0a94700f5f43670cc7f93,2d4d374800502d278ecb156431fd1d59,4,,,2018-04-15 00:00:00,2018-04-15 21:03:37
89d6214895235bb95c50edd0a15f0c67,3fe4dbcdb046a475dbf25463c1ca78bd,5,,,2017-09-12 00:00:00,2017-09-13 10:09:12
edaf8856bdf584367145fe817f176c1a,843f956709f0a664d816bee124544122,4,,,2018-06-14 00:00:00,2018-06-14 23:05:54
b54d02f7f1520b3995f84b77ab0dacb3,68f238efe64d771f8529c4689219e854,1,Péssima meu produtdefeito,,2018-08-24 00:00:00,2018-08-25 02:24:54
b19728f37cf9fda7fa41efa34c0c2d64,a2773e1bc198e397853da179908a5724,4,,,2018-01-06 00:00:00,2018-01-06 23:09:26
6139c9ae4f69d54380a873d1401e8f19,d166f67781b7bd0b6a57efe3bb9c6f37,4,,,2017-06-15 00:00:00,2017-06-17 18:17:09
118bb6bcae6d2226d59f613587eb8099,78cb9a560d2efd85da4adc637aab727f,4,,,2017-06-20 00:00:00,2017-06-22 11:19:07
4f608a9ff193c52398e741d17084e86c,291595e7702bf69af75b873bc983601f,5,,,2017-11-09 00:00:00,2017-11-09 14:33:06
645fbc527d94a6161d3009f9f5798c6b,d687704e16072248fd77450d3d4b70d6,5,,Muito bom,2017-05-21 00:00:00,2017-05-21 21:12:52
a028424a14f1d7ea18e815d1a2045059,27d38402a9bf35d21de2f99946b1c1ae,5,,,2017-05-18 00:00:00,2017-05-19 03:05:35
f9e393d4b5c477b0a7dfa140d10d97fd,45de33f845159283ab4792dec56ba9d4,5,,,2018-02-07 00:00:00,2018-02-10 22:24:58
212d807650bd7e83391b7908b3cfa2b4,00685d31ae12e47470ba5c18ba74f22c,1,,,2017-09-28 00:00:00,2017-09-28 04:05:37
497a18375a38f0cb840b5d42aee7454f,f5cf5716413185387030a378bdd46ebe,1,,"Ja passou o prazo de entrega 
E o produto ainda nao chegou 
O que aconteceu?????",2017-03-23 00:00:00,2017-03-23 08:54:49
99bd521c17c5dfc5c18f152336d28ee1,ba75b10a16e530cca75088408909b325,3,,,2017-12-19 00:00:00,2017-12-19 22:57:22
17609a39f55e53ec8227d376054aa745,854fc42da7246b10ed8dcec4ae8f48ca,3,,,2017-09-23 00:00:00,2017-09-28 16:37:11
962b8a68c6027fbd9244e0df436d3405,4921567919029aa0950f3ebec0f91169,5,,,2018-06-23 00:00:00,2018-06-26 01:11:44
4552e382060f6c571b52ae50f5e11591,02645c905eb7d1591a679f9bc3b669fd,5,,Produto está em conformidade com o esperado e dentro da qualidade,2018-01-31 00:00:00,2018-01-31 19:09:03
33c73ce8240f1872da59f3afbaf70c07,543933b39ebd50e13884fca2829ccdf8,5,,,2018-03-14 00:00:00,2018-03-14 12:30:45
f80f24eb170d685cf191e4e14c922d8a,e42a84e9da2661784849b93dd02c579b,4,,"Cumpriu o prazo...,",2018-03-03 00:00:00,2018-03-04 10:08:16
87b30d5d076a4b70dec479bd620d457c,c906b3161de4c9e7c323e68c831f35b1,4,,,2018-05-05 00:00:00,2018-05-06 17:15:51
ada4308966378d943dcce63d15f385b6,5330599ad58e0e0355fcb5c997d3f8f2,5,,,2017-09-14 00:00:00,2017-09-20 00:09:14
854274fb82d309794d34a404e2c8c13a,7dd7b30b33fdaeb2b55c29b92286627a,5,,Bolsas lindas eu amei e a entrega em dia.Eu recomendo para quem não quer bolsas muito grande.,2018-03-03 00:00:00,2018-03-04 11:11:34
e21a5e8009ac588af19a1eebe01c5fb2,2be5c054b376cfbf66ca1842a48b365e,5,,Chegou muuuuito antes do prazo. ,2017-11-23 00:00:00,2017-11-23 18:24:38
94d1f7d074f6f1d85c695f93235c1473,133d08a542c28f4400480b9483517c32,4,,,2018-08-08 00:00:00,2018-08-10 18:58:18
5e911a6ee30a618d6d4a219c278511d4,5468ed226abcf74527e93b11988e4a3e,4,,,2017-03-30 00:00:00,2017-03-30 21:11:48
8be05984ec796c59e113c6d8486d9687,345a398e91fef84fbffb9c07611c9959,1,,,2017-06-14 00:00:00,2017-06-21 21:10:46
a8ccbd14bb411950b1ddcc0ae3481280,7c7dc1f3affc0d38b97ea22a8aeedb82,1,Péssima entrega,"Recebi apenas o copo térmico personalizado, mas a placa decorativa não.",2018-06-10 00:00:00,2018-06-11 16:19:40
6651d31e8f40b2444a4601ca46433649,db55d12cb2a29fdf6814668f79a90b1c,4,,Há divergência entre o produto apresentado e o entregue.,2018-03-10 00:00:00,2018-03-14 12:13:49
6b01cbb873f0968d1bbaac0fb0a026c6,e55507dc5f963fbdb8ae1c47181974b5,5,,Chegou antes da primeira compra.,2018-05-06 00:00:00,2018-05-09 00:17:47
623eaa92f6812f4859e6107d83af6fbd,8730eb6033096bc99877b2f10d4de04a,5,,,2017-12-12 00:00:00,2017-12-13 15:56:40
3b80ed38e0b25a2e0ca56490945fad51,4cce769b9c107aa99a5418c1104e0a17,5,Otimo,Produto conforme anunciado. Entrega rapidissima.,2018-05-15 00:00:00,2018-05-21 10:54:29
966348eed46686e69f2f456dd9534870,b24f4b97e574bf36072e9bd1a8fe042c,4,Recomendo,"O produto chegou antes do prazo informado, bem acondicionado. Ainda estou testando o celular, mas aparentemente não é ruim.",2018-08-28 00:00:00,2018-08-29 11:17:22
eb97d4aabbdf952a513f00e17426f716,f8b990617b1af31bd9e7a3d70f8dafc5,5,,,2018-08-10 00:00:00,2018-08-11 17:31:00
99a70b485a9015ce5b00de2f640f8f4b,b9019981769010866e2b59c6a1fc9c9f,4,,,2017-11-23 00:00:00,2017-11-25 20:20:56
de14944faf5ed4fc8bd10a5d70162c28,d7c877c5db825f754e75a32ac35e13b0,5,,,2018-03-16 00:00:00,2018-03-19 18:31:46
cb07e655ddb72fb3de1f2bb5fe4cabc4,46a82de7cb247602021cb71731323fd4,4,,"foi tranquilo, ate agora tudo foi cumprido.",2017-10-04 00:00:00,2017-10-06 02:00:29
66042f2ec2f0321e9535e8d4230c5192,e7e97097190c7e6de76b0a975220e133,4,,Chegou dentro do prazo,2018-07-25 00:00:00,2018-07-26 09:05:13
e26cd58c58f691ff001bfde31d5bcbf0,68fa625f02107978e969340da28d0c89,3,,"O óculos veio em perfeitas condições e chegou bem rápido, porém veio sem a flanelinha",2017-05-13 00:00:00,2017-05-13 21:30:10
721e40e4ad310e11b371d67d2d3bb1bb,2b101e802b6712f2fc129966a2c518fd,5,,,2017-10-04 00:00:00,2017-10-05 00:15:58
06c2d8e9a36e526c2140ed9643ff6e21,6a0725621168540d5200cba214d6ebe7,5,,,2018-08-11 00:00:00,2018-08-12 00:18:55
17ef46ed76c66a3efb49d072bebf2e80,06a6627d9cc91a04e9d146bf65fee0a2,4,,,2017-07-22 00:00:00,2017-07-25 09:27:28
25eb294e1e0dff5228c56846325fc0c3,d26c076e33054a0063c6fc94c51fc43b,4,,,2018-05-19 00:00:00,2018-05-21 19:30:55
66a2fbc2f99818efbce1127cfb18eaf5,09356cee7d8fee33dcb3ee80c1ccb14f,5,,"Eu recomendo, veio antes do prazo e deu direitinho no xbox o né. ",2017-10-25 00:00:00,2017-10-25 23:53:26
41cd7c0b9eb4dc8046b7629486d1b2c7,86df669ae5f899e27ee38488affc0d16,5,,"OTIMO PRODUTO , ENTREGUE DENTRO DO PRAZO",2018-07-25 00:00:00,2018-08-02 23:22:45
a0c833aac6a7094c720533081f48ba47,567320164aa96555310f5c8ed6e8c5d7,5,,,2017-03-15 00:00:00,2017-03-16 07:40:12
4b01f17d0af8860368ba72b48ce886ef,e031b115c17b49bdf313c9150d4cfdb0,3,,,2018-04-11 00:00:00,2018-04-11 12:03:51
3603e082c0890d0f64b35b61514afe31,d192eacb35dd2f0aa30709fe7560ee4a,5,,,2017-11-01 00:00:00,2017-11-01 20:05:31
9740c39fe70be3fdd5b610c34358a278,be73d4698f2f4939662dd7788cf3dad3,2,,Até as que dão no lava car e postos de gasolina são melhores.,2017-07-28 00:00:00,2017-07-29 00:11:21
69904c1b128de4636dd4e355bc5fa1d5,0b2a43ec15f983f589ecd097455b283d,3,,"O produto veio corretamente no prazo, porém a nota fiscal eletronica foi emitida incorretamete. Foi emitida usando como razão social o local de entrega e o cnpj do local de cobrança.",2017-04-14 00:00:00,2017-04-23 22:26:56
30fbf239994c0e3a8165730b78795d1a,6d6f0c5bbf3fc7bbef3b260c1a8c89f8,2,,So não gostei o que ouve com o preço comprei em um dia no outro dia estava 20:00 reais mais barato sem falar que o produto veio com outro nome.me dei mal,2017-09-05 00:00:00,2017-09-05 13:19:25
ed3c7592ae91d28ae39ea3cdd4119b6d,5e2150868494c26407f39ac03c5de246,5,,,2017-12-23 00:00:00,2017-12-23 09:59:19
d44c68256759d323284fd8f218d2b717,042c384c3edbe39a47895217eb5e90a4,5,,,2017-05-09 00:00:00,2017-05-10 03:56:06
bb0bb40c190b516164da534667676c33,148540b1480015f3bc53f7f534d42652,5,,,2017-12-03 00:00:00,2017-12-04 15:12:37
4302817ffcedb32a4499e75244c733f4,dc078338903735916fab84f036188dcc,5,10000000000000,excelente ,2018-04-28 00:00:00,2018-04-28 21:44:11
8639a810bd5746091ed287506e3276c6,9f9d2b35ac2defefacb5c123b82b2223,5,,Produto entregue antes do prazo ....,2018-04-07 00:00:00,2018-04-07 22:32:18
9e5733e983d64a8157d54d18f0d9a95e,edf535c3ce17c8988ced30e8b70a7046,4,,,2017-06-24 00:00:00,2017-06-27 13:32:40
9be57a8e60e179ae1ad946aecf29c513,5c2b38dc10cf46a3224f46dba893d26a,4,,,2018-02-01 00:00:00,2018-02-02 20:32:08
1e1ca1428f154001af4db3c04dd39a45,c5009ef153ccebb4f2dfd12660198737,4,,,2018-06-02 00:00:00,2018-06-05 17:38:34
b48fe4ca3a8eaf4fe32656509b545af1,6ffa72f134f31770b0670971b48479a8,3,,,2017-04-18 00:00:00,2017-04-24 13:50:11
6189878441137eac684e85b5d6c58b5c,ff365c0a4e998d21ccc46a829e68052b,4,,,2017-05-20 00:00:00,2017-05-24 17:40:27
0928ef41781c5eb5263b904f133e3f7a,131bcb82ecd96d251fa7eb8bb1f1baca,1,,,2017-10-04 00:00:00,2017-10-04 10:12:23
0c6574aba4996e80af5dad2d9c0a25b9,f6e89f57355aba0267e4063a2d762c90,5,,"Produto atendeu minhas expectativas, muito lindo!",2017-04-07 00:00:00,2017-04-12 14:00:02
8b95d2946e322db6e877d4afc22ea816,546fb5e88f96553369c04bd920b9becf,5,otimo,Loja excelente negociação ,2018-05-12 00:00:00,2018-05-15 17:43:34
1b357e1e7766e83b233ff94f0fd1c45c,831b5d6b49354f211585641a51a48ec2,5,,,2017-09-01 00:00:00,2017-09-05 03:57:49
5c1d4abd9b9d1f29fd5534506fa1cf7f,5b7ffb8d013b6d0b4ae7a8f454fa9bd7,5,,mas entrega se deu um destaque pela eficiência do produto quanto a questão de preço ai deixou a desejar mas recomendo sem duvida,2017-11-26 00:00:00,2017-11-27 20:20:50
d24013cc660906801fb4638efc02e7c4,38b9365bb512e4746d21b59d3eaaa146,3,,Recebi todos os outros pendentes que comprei ...esta faltando o branco,2017-12-06 00:00:00,2017-12-12 16:58:51
173434db869380f2ddd9af8e250a388e,e9ce8d3f379bf3d70e4af85174e1841f,1,,,2017-08-27 00:00:00,2017-08-28 18:11:57
f9df80e5999842de43fc5df4906308c4,b3718f28653857ba876b640844d45d9b,5,,,2018-03-21 00:00:00,2018-03-21 19:55:43
d57f2b0dee9749b0cceaa14b33a01400,64b5f5bed476f1c9f84b2fddb945ca48,2,,,2017-12-29 00:00:00,2017-12-29 04:22:02
7845ca2401d4b2acd7e8b505f65ee2d8,2c5871f32e23db4f41bf1c58df2f1bee,5,,Sempre compro no site da lannister e sempre recebo antes do prazo e tudo dentro do esperado.,2017-10-24 00:00:00,2017-10-25 11:24:07
a97eaae19c07b51306d08c6364a33a3b,37a5627c7451cf77174dbb624b22f8d4,4,,,2018-01-04 00:00:00,2018-01-05 11:57:14
60eea5f1c9c79f924bda431edcca294c,7ef259be178f9f06c72a57add85b71cd,3,Recomendo,"O produto é bem simples! O problema é que vem com o tampo solto e o meu apresentou uma leve diferença na altura de um cavalete e veio com ranhuras na madeira, sendo que há um pedaço quebrado.",2018-07-13 00:00:00,2018-07-18 12:26:45
fa8968c05ae7e974ab689c3f691daa56,ce8cdf8291104b56565b8e6c6fb62901,3,,,2018-04-17 00:00:00,2018-04-20 12:51:54
78cb166f3f247fb096b936fc53b8f6b4,c283d7942d2bbca2c27a9c15ee2a390e,4,,foi entregue no prazo ,2017-12-22 00:00:00,2017-12-22 22:57:41
cdb7ee80cef9e14ba93767f64d2023b2,a27bc60b5829ed193c7a85e25f6de764,5,,,2018-08-11 00:00:00,2018-08-23 18:38:21
68214c2859c7fde88fead8e86a0fd4ad,255384e909a649f030d466c74684ed80,5,Tudo certo !,,2018-06-23 00:00:00,2018-06-23 23:48:00
9d7bdcb3f756c715cfdfa01a99ed608c,681fc152c63481373cecdd46e390fe6b,5,,Perfeito ,2017-10-25 00:00:00,2017-10-31 13:02:41
59cbec150ce9e967a5c6970c45ed4130,7204d5345f7a3370e7db75d7226d53f3,4,,,2017-07-13 00:00:00,2017-07-15 23:22:31
e7ec3736356eb0a0648e7b5d0334d5fd,d1872a759d4c1e5437aa708d64ff592c,1,,,2017-08-24 00:00:00,2017-08-25 19:47:30
558c2510f9505004079fd51b2222561a,8153b217909426be6b194646850bde63,5,Boa,Descupa ae teve um equívoco recebi sim o produto muito bom o trabalho de vcs agradeço peço descupa qualquer coisa,2018-07-26 00:00:00,2018-07-26 23:54:13
79789912b048662bfc97db16131a94f3,d63fe1f1621db3763f40ec20a4a8b338,1,,"Primeiro que minha compra estava vinculada a outra, e eu não consegui um dos produtos (celular). Então vou pagar por um produto inútil para mim, uma vez que não consegui cancelar a compra.",2017-03-23 00:00:00,2017-03-25 11:42:44
650b166de480d4c326751c1efa14a232,ffa93f1bd7c0039af32324fa5d3cf1e6,5,Muito bom,"Produto de boa qualidade, ótima costura, superou minhas expectativas. ",2018-05-09 00:00:00,2018-05-12 17:53:24
c11b84742dd0b779bffc5ce11f3c8e0c,ea33d2e32db7734d3c36091ea506493d,5,,,2017-07-29 00:00:00,2017-07-30 13:02:31
18601b2789bc82d32c7fde68b4ddcb96,735349ca95c43f6af88a10437821de08,5,,,2017-10-20 00:00:00,2017-10-22 21:12:32
9b3244091006deb6f27a04f56945494c,88d55d6258872b31bf45ce51a6675c2b,5,,Produto chegou no prazo. ,2018-07-10 00:00:00,2018-07-11 18:03:18
0fde80d36ea564aaaa671104072c0380,3d93d8068cdb0206fc87b5d539a45f6b,5,,,2017-11-18 00:00:00,2017-11-21 00:43:12
5d3ea514976ba76689123c120da162ef,cdbd8e67ad713458b75e3543d685f456,5,,,2017-12-27 00:00:00,2017-12-27 22:44:27
af860d76e3bdbb2b298009b8c4696eda,4ecaa89890ac8e7f9735c36fa6663dea,5,,,2018-06-07 00:00:00,2018-06-08 17:12:36
cef5889a2b51e94c630023c8b460e611,ca2f0670d0d753e332c0ae97f466c9b0,5,,Adorei o kit. Idêntico a foto! Muito lindo!,2018-02-28 00:00:00,2018-03-03 15:04:43
f8dbe9b9e03f2f19b8f774b5b2539a84,d08a79ed250412c79cc17a81c4abcf86,5,,,2018-04-13 00:00:00,2018-04-16 11:57:11
4930703ae4fccd4d2d3b44cf63a9e632,5cf925b116421afa85ee25e99b4c34fb,5,,,2017-03-10 00:00:00,2017-03-13 00:18:46
27a4594183c210d40b05747fd59e03f0,75ac904a1ba87fab8d6d93751d68ddb1,5,,,2017-11-01 00:00:00,2017-11-02 12:05:31
edcb839ed2c067936d1ee8290ec8d831,b89601b4491425014432a96e02034092,5,,,2018-02-07 00:00:00,2018-02-13 03:22:50
0d41ab8f294b87653206e51e845d7768,e381abcae5bf5ba29ff7855e91e40837,5,,,2018-07-27 00:00:00,2018-07-28 02:44:14
243e3bdaa1e2e70da9877964117cccd2,32a5bc9d3f2a71d05c275cfb8d2adccf,1,,Comprei dois produtos e só chegou um até o presente momento ,2017-08-04 00:00:00,2017-08-06 02:19:50
97fd146f43d700fb46ef47b824cbc1ad,bbe5ef975154a7473c4c595fa3385edc,5,,,2017-12-09 00:00:00,2017-12-10 22:49:15
339f197bf6e8b60c21d860b10874b66e,fee8776149b7a035c6cd262ac33d4bd6,5,,,2017-05-31 00:00:00,2017-06-05 15:39:06
bd59b122333a70b2df181abf50fec432,0bfd90889de46373db5089b3bb941135,5,,,2018-06-08 00:00:00,2018-06-11 12:45:58
c1a3f2b111b614de24bb09824606decf,88236ec3283901ac03893885acd80574,5,,,2018-04-11 00:00:00,2018-04-13 16:30:15
92908fafbba92dfbe4bf8487422ec03b,5383435eb2b05b6f4d5be7720974fe67,4,,,2018-01-05 00:00:00,2018-01-08 21:13:41
1258a603cc9e4897f7955ab218c83b8c,3d0acef161147c90c2fd5e7cd8e199e1,3,,,2018-02-03 00:00:00,2018-02-03 23:43:14
404ba784def10f47b788bf19584c31e8,54b41e4e2188389bb41503b2b088b093,3,,,2018-01-23 00:00:00,2018-01-25 15:24:57
bebf8e035a900f0759ead21eca6b96a2,02da43e64b38100ea4b0b4a76cc2ba66,5,,,2017-06-01 00:00:00,2017-06-05 12:46:22
1e2041af52634cd4e12462d37b1bbb04,5ade2c3932a0c4836b4eb4e16f4373db,5,,,2017-03-10 00:00:00,2017-03-11 02:19:16
c81f7ab0db0727b8783e9c746fca3967,abda5a07e6be93929ff11832648683fd,5,,,2017-08-22 00:00:00,2017-08-27 06:24:28
171fbf660f371b6a9ecdb6f7d778d03d,427bdcc4eb03caf53fde12f57a84d443,2,Não recomendo,"Recebi somente um cartucho de 3 que pedi, agora necessito saber sobre o frete?",2018-06-14 00:00:00,2018-06-18 14:34:01
19699ad84657133016a34e59f52d665a,9d3988465ae7ab02782cfc42f83ff58e,5,,,2017-04-14 00:00:00,2017-04-15 15:33:55
18b2a3af29818c1bcc0361260e9ffc3d,cc9d4603ef1ef80d4a7627ddc4552312,4,,,2018-04-18 00:00:00,2018-04-21 15:28:07
fbffe1efb7574ccb2b7304f159d052ef,1477de0726169d2ad17e417783d332e7,4,,,2018-01-22 00:00:00,2018-01-23 17:01:35
cd28e5f90f940bffa756f1350237d91a,7497d2863817fe3cacbf2190af7accf6,5,,,2017-12-12 00:00:00,2017-12-12 20:54:58
b0178c4529312e59fbc45dfe75b04407,4ed3b57567c08a15c71665d759230b6f,1,,Produto que não atende ao que se propõe e além disso com especificações propostas diferente do entregue,2017-12-24 00:00:00,2017-12-25 12:55:39
bdb640d3a2c7390c90673bdf101d170c,4540273b4f01534b24124542bc34568a,5,,Produto entregue bem antes do prazo e funcionando perfeitamente. Super recomendo.,2017-10-19 00:00:00,2017-10-19 20:36:14
f4f1c9efb5471f834743675de207f797,3772bd82db6b988f9a7008bdb3a4b729,4,,,2017-09-07 00:00:00,2017-09-11 13:54:08
b3f218f9153d48e505960593f64dd80d,1f559479dd8bfb2e398b0372cad1c2a2,5,,,2018-05-24 00:00:00,2018-05-26 03:20:20
0610eed16d94fc86929db6f57c756e61,bb39cd2f2f58e93ae10568be5cad1b58,5,,chegou rápido e achei lindo .. !! ,2018-01-06 00:00:00,2018-01-08 18:22:56
00d08db32e963156fe770fda369975d1,7d0f5759a0eac0f20456bb8a36547bf5,5,,Cumpriu e respeitou o consumidor.,2018-03-29 00:00:00,2018-03-29 20:35:07
cb9c7b1845cdb368163c51e7ba3dfe34,82cbf149594e34184d05271343fc7818,5,,,2018-02-11 00:00:00,2018-02-13 13:07:00
03e623ad492e7e605f3e3a5cf1dd9a44,63ae84a9387b93ffa05dde71794f61f9,4,,,2018-08-18 00:00:00,2018-08-19 16:36:33
5ad33a69506bc080b9d6545d9fe23c88,ea1ecba1228b210007951b4a8f12ec3a,4,,,2017-12-15 00:00:00,2017-12-17 18:47:45
e3f384d096b0bb322ce53686d661007b,5be61c2985384bfd881d4463c25ee652,5,otimo,"ocorreu tudo nos conforme, excelente",2018-07-28 00:00:00,2018-07-30 15:07:43
32ddc797df11a97f5f6baf917fcbfc2b,e5896b4982934748a02e2d3d889fd1e1,5,,Ótimo ,2017-05-21 00:00:00,2017-05-21 20:16:21
a664c83afd809f13f8e1391d1b5aee74,32cd70fe690fdbaa00076c05359c339c,1,,Não recebi nem o código de rastreamento do produto ! ,2018-05-04 00:00:00,2018-05-05 14:53:41
689e5f022c82dc1953572f05f21c62ae,7c333b73033a5b03379b9587a92685dd,4,,,2017-12-09 00:00:00,2017-12-11 11:49:37
a4b8ef65914f04321b5303f921ca9a86,d1ff908b4e21d4fffd5da1a0c84c3404,5,Super recomendo,Excelente compra,2018-08-24 00:00:00,2018-08-28 11:24:12
98ecea769cb5ac881ac1048ca0369067,0cc64cf0340c6a2e2a2157f49454b639,5,,,2018-04-03 00:00:00,2018-04-06 02:34:35
d90b1742f86df10a3291eef423c8bf11,96b7f5a470ca6a58f261be1af286e4d9,5,Muito bom ,Tá de parabéns rapidez na entrega Maravilha ,2018-06-09 00:00:00,2018-06-12 02:19:45
eeb8f7e59a1a066d0d27d7626c3a99b0,13b32cf595a5b647550ed0e6f4f11415,4,,,2018-05-25 00:00:00,2018-05-28 10:22:28
3346f49e9aabbfd62f81aab79f1faea8,40f486f48285528ce9da6577b086c451,5,,Muito boas as capas. Obrigado.,2018-02-11 00:00:00,2018-02-11 20:13:45
647d59768f18f3faaa855ba8be3dde41,f23809a318245a674bc438904349ec63,5,,,2018-04-14 00:00:00,2018-04-15 13:11:58
daa029fd2a148240b4c6a5fb6be71e88,5be92ef6cf4a42ece07ad8bc3c00c70b,4,Recomendo,Gostei de adquirir produtos desta loja. Estou satisfeita.,2018-06-26 00:00:00,2018-06-27 10:25:37
17404987fd83d422740da7ca65e93981,e907255f506a65069535f14d89a5caaf,5,,,2017-04-05 00:00:00,2017-04-06 14:52:29
f8af46f048f1a2a8bf849e14a085f176,8dcdc3f032fcbc54ae56d5a0f0c2f18c,4,,,2017-03-31 00:00:00,2017-04-01 13:41:53
cc91e61cc0b1508a0eeb64b801b68323,0d56e8508b66a43c6f5141863185c917,5,,,2018-03-12 00:00:00,2018-03-12 21:59:51
cf16398d36455526fed1a2b601e58807,55c6e67bafee89a038e61842a60214b5,5,,,2018-03-29 00:00:00,2018-03-30 00:17:20
34d81c696a1d7ad3f132f8d4cc7b5c69,993628d27f2ae9981422ecb389adfa59,5,,,2017-07-08 00:00:00,2017-07-09 14:55:30
56a06d3f34563c3f9357fcd7ceee31c3,7250e10eca3d7f71a091ac5752d3228f,5,,,2017-03-28 00:00:00,2017-03-29 09:00:05
1044e7429bdbfc8266c3cc968521b9aa,fa2de0086db43d394d58f69a111f8f69,4,,,2018-06-13 00:00:00,2018-06-13 22:10:12
2072362ecf680b0fdd6af006814510b5,9d8a3b882eccfedffcd196e7d1e4cf20,5,,,2018-07-12 00:00:00,2018-07-12 22:11:43
19c8218a64491d924ba8e1c0474accea,fa794cef99ed64f42ebb766a8af51c64,1,,"COMPREI EM 21/03/2018, PG VIA CARTÃO EM 21/03/2018, NF FOI EMITIDA DIA 27/03/2018, PREVISÃO ENTREGA EM 12/04/2018, HOJE É 14/04/2018, NÃO RECEBI, NÃO ESTÁ EM TRANSPORTE, ESTOU MUITO PREOCUPADO",2018-04-14 00:00:00,2018-04-14 12:32:39
f559465cc5ef632af3bfc8ef12501b9d,343a5573915ce27b1a6200e1656b5049,4,,"Ótimo produto e tem uma boa qualidade, tecido e costura muito bem feita.",2017-04-08 00:00:00,2017-04-11 17:29:30
0be6b492b5ba7889a9e5fadcbbb5e159,61224c4690fa8613b56e0469cea9415c,5,,,2017-09-26 00:00:00,2017-09-26 21:49:31
78145f0764462bd62521c9ea92da6e9c,b908238158de71c7143c6284de581ce1,5,,,2018-05-01 00:00:00,2018-05-04 23:04:29
35907f0de77997c5dd0a090a20a21e2e,d19868a76a0e39afe462fa942122200c,2,,,2018-01-24 00:00:00,2018-01-25 16:17:18
109e0f8e8957b5189d1c51e79d99e8f4,31cad6ec7ac19b48d3eca43d624f6cfd,3,,,2018-07-28 00:00:00,2018-07-31 00:12:04
4ad37b0ceb6c25360724d6bb150d0f26,c8519a6f2d214cfedb5803e64f8dab15,5,,,2018-08-16 00:00:00,2018-08-16 21:24:04
bf1bbf7c1d9dcfed69a39f449cc9b675,1e9c5ca232e1cdb290cb11b20d668c50,3,Demora na entrega,Só precisa entregar em menos tempo e no prazo pois minha mercadoria ainda não recebi,2018-05-04 00:00:00,2018-05-04 12:39:10
e6efc6e5b9e1e334a1eb4b2ed30b7d50,7ea643d8802c6875dc51108bd2386c8d,1,,Estou no aguardo da entrega. ,2017-08-12 00:00:00,2017-08-12 23:30:58
7556d82e7f7614a674415b3f4a10cc14,b167109334768a2c342b85139a6437d6,3,,Não veio o kit de instalação do filtro. Como faço para receber?,2018-02-22 00:00:00,2018-02-26 11:36:33
5952cae2d0a790e62797b0354608eddd,30290113513bda95268bb542dfa87acb,3,,,2017-10-31 00:00:00,2017-11-03 03:34:23
ba43d958c2ca365fe3a19beb35b5abb4,9aff2e622002df9b94eb9255485fec96,5,,"Recebi o produto em ótimas condições e dentro do prazo
Produto bonito e de qualidade, recomendo!",2018-01-14 00:00:00,2018-01-14 20:44:35
de68e933d29853ec0997b6451134917e,26499163fd30a5493b2e498337e9e2a7,5,,"Produto de otima qualidade, entregue antes do prazo super satisfeita.",2017-07-19 00:00:00,2017-07-20 21:00:56
7032fdbb71142fdae88159ef11632354,1674cd4deb921f97a794a8401ce9017b,5,,,2018-01-05 00:00:00,2018-01-06 00:41:12
8cc874d84202eef49b3dd537c1928982,53fd3dd3b669e8e5e6bbf3d9e0403643,5,,amei,2018-02-06 00:00:00,2018-02-06 19:05:12
a144b11ec2f767b6dcd8537cf48a4e4c,c30c32ccb820fc222d87bc0ea8b6eac3,4,,ATÉ O MOMENTO ESTOU PLENAMENTE SATISFEITO COM O PRODUTO,2017-08-23 00:00:00,2017-08-30 02:02:53
4ffdfdc1e93c8ba3d5ae2ed07a0ddec8,556e899478cd993a24f43d8aa8b3cf17,5,,,2017-11-08 00:00:00,2017-11-10 14:49:37
44380245bf1a49875542ea0e7f216986,98efe48952662e6a45a1dc51770039d2,1,não recebi o produto aind,assim que receber produto eu avalio positivo,2018-06-26 00:00:00,2018-06-28 19:06:42
a7b519f1007d00c0f403dc8d8a4eb33a,ac509c21fa5c6600dd4b07e524fd5526,4,,,2017-12-07 00:00:00,2017-12-08 15:50:20
8b46f9e835a1644a414a9753b1d9539d,4b2113709e5d5f3760113b4a980cc88d,5,Excelente,,2018-08-15 00:00:00,2018-08-15 21:47:01
a56ae0986e504d3acd8575d4a371a633,dff3e288033f5ee1047beaeba16bf081,4,,,2018-04-05 00:00:00,2018-04-05 15:33:57
2f423432c3e807bbf966ceafa04f43ba,c9b08bd33d449366d3b89454a3071b98,4,,,2018-08-16 00:00:00,2018-08-17 12:55:16
f4a98f33253d4fd56cbcee090bfa5e89,f6e09765a386aa4607ea665f090511ae,5,,,2017-12-09 00:00:00,2017-12-09 15:54:39
0a6ec47c5d78509672e16b95efcff53b,e504f586e9ffc862cad95482af740af4,5,,,2017-05-08 00:00:00,2017-05-08 17:57:57
c9a0a59ba9c637b371de80c9fbe2e05d,7e03ea2749db964d64386d5ba76cad36,5,,,2018-08-21 00:00:00,2018-08-22 00:34:20
311577fb289407773f09de2e1d8c2263,3f2b4c236891942b9cb9f73c490a47b8,5,,,2018-06-26 00:00:00,2018-06-27 00:21:14
c9b98d036008c4acff30e9f81cd639eb,de3bee1ce2ff36750efc09a389ea029e,5,Entrega super Rápida,Super antes do prazo!!!,2018-05-01 00:00:00,2018-05-02 16:07:47
a709d176f59bc3af77f4149c96bae357,d5cb12269711bd1eaf7eed8fd32a7c95,3,,"O produto não foi enviado com NF, não existe venda sem NF, com certeza fico no aguardo do envio da NF podendo ser por e-mail.",2018-05-19 00:00:00,2018-05-20 21:51:06
